video_path,video_id,frame_index,timestamp_sec,person_id,has_prediction,current_position,predicted_activity_region,predicted_trajectory,path_confidence,confidence_type,confidence_details,model_method,candidate_paths
examples/inputs/adl-01-cam0.mp4,adl-01-cam0,7,0.2333,person_1,True,"[560.7949829101562, 112.53949737548828]","{""type"": ""polygon"", ""coordinate_system"": ""original_video_pixels"", ""points"": [[517, 58], [616, 58], [616, 170], [517, 170]]}","[[560.6913452148438, 111.1864013671875], [563.309326171875, 112.13204956054688], [561.5460205078125, 112.24974060058594], [562.767578125, 111.5072021484375], [562.6715087890625, 113.14885711669922], [562.4799194335938, 111.94957733154297], [563.0125122070312, 112.81964874267578], [562.2650146484375, 112.24531555175781], [562.0244750976562, 111.47346496582031], [563.1407470703125, 112.51469421386719], [562.2252807617188, 112.53384399414062], [561.7562255859375, 111.63301849365234], [562.6953735351562, 111.8364486694336], [562.5731201171875, 112.33146667480469], [561.67822265625, 112.3956527709961], [561.3607788085938, 112.29959106445312], [562.2880249023438, 111.07049560546875], [562.49072265625, 112.08686065673828], [561.61474609375, 112.18246459960938], [562.5283203125, 112.2436752319336], [563.000244140625, 112.4583511352539], [561.71875, 112.26260375976562], [562.5980224609375, 111.75584411621094], [562.0177001953125, 112.4228286743164], [562.6951904296875, 111.43389892578125], [561.7138061523438, 113.07323455810547], [562.2144165039062, 111.6799545288086], [562.1228637695312, 111.36503601074219], [561.7102661132812, 111.60142517089844], [561.6773681640625, 112.08021545410156], [561.5952758789062, 113.01006317138672], [562.267822265625, 112.3253402709961], [560.6841430664062, 112.15609741210938], [560.5120849609375, 112.6646499633789], [561.34716796875, 111.4460220336914], [561.5552368164062, 112.80280303955078], [559.9971313476562, 113.20907592773438], [560.2728881835938, 112.99044799804688], [560.2662353515625, 112.05194854736328], [560.4605102539062, 113.0267562866211], [560.8453979492188, 111.8944320678711], [561.3035278320312, 112.61016082763672], [560.8870849609375, 111.6346435546875], [561.2449951171875, 112.69232940673828], [560.117431640625, 112.44204711914062], [560.3651733398438, 112.30514526367188], [560.2606201171875, 111.81636810302734], [561.1849975585938, 112.28475189208984], [561.80224609375, 112.50726318359375], [559.9115600585938, 112.8259506225586], [560.133544921875, 111.58282470703125], [559.874267578125, 112.54163360595703], [559.6033935546875, 112.92035675048828], [560.4569091796875, 111.82588195800781], [559.198486328125, 111.67697143554688], [559.4853515625, 111.9261245727539], [559.9249877929688, 112.38492584228516], [559.9908447265625, 112.52041625976562], [559.1051635742188, 112.5414810180664], [559.0765991210938, 111.49091339111328], [558.7532958984375, 112.19602966308594], [558.6599731445312, 112.29803466796875], [559.0834350585938, 112.05146026611328], [558.3778076171875, 111.39620971679688], [559.456298828125, 111.650390625], [559.382568359375, 112.81538391113281], [558.7054443359375, 111.96592712402344], [558.6381225585938, 112.01897430419922], [558.3679809570312, 111.84545135498047], [559.285400390625, 112.86973571777344], [558.0490112304688, 112.5553970336914], [558.5777587890625, 110.95946502685547], [559.5904541015625, 111.27139282226562], [559.0953979492188, 112.4843978881836], [559.2333374023438, 112.7585678100586], [559.2477416992188, 112.53314971923828], [558.5675659179688, 111.7662124633789], [558.6695556640625, 111.72657012939453], [559.3113403320312, 112.48844146728516], [558.8214721679688, 112.2249526977539], [559.4099731445312, 112.37899017333984], [558.7303466796875, 112.93385314941406], [558.8829956054688, 111.87932586669922], [559.02734375, 112.6312484741211], [559.4599609375, 111.90331268310547], [558.4249877929688, 112.06427001953125], [559.7965087890625, 112.7490005493164], [559.0999755859375, 112.48582458496094], [558.3982543945312, 112.80198669433594], [558.3975830078125, 112.4371566772461]]",0.229833,mc_dropout_ade_v1,"{""method"": ""mc_dropout_ade_v1"", ""validation_ade_px"": 13.288751, ""epistemic_std_px"": 0.166746, ""estimated_ade_px"": 13.289797, ""observation_coverage"": 0.016667, ""confidence_scale_px"": 100.0, ""mc_samples"": 16}",gru,[]
examples/inputs/adl-01-cam0.mp4,adl-01-cam0,8,0.2667,person_1,True,"[559.35498046875, 113.04000854492188]","{""type"": ""polygon"", ""coordinate_system"": ""original_video_pixels"", ""points"": [[518, 58], [609, 58], [609, 170], [518, 170]]}","[[558.2601318359375, 111.400634765625], [560.0775146484375, 112.60076141357422], [557.6513671875, 112.72221374511719], [558.4459838867188, 111.9312515258789], [558.4888305664062, 113.60774230957031], [558.4421997070312, 112.2921142578125], [559.4548950195312, 113.34012603759766], [558.620849609375, 112.73212432861328], [558.505615234375, 111.85453796386719], [559.9085693359375, 112.93264770507812], [558.9479370117188, 112.9872055053711], [558.641357421875, 111.8708267211914], [559.6683959960938, 112.14771270751953], [559.5711669921875, 112.82537078857422], [558.5012817382812, 112.81780242919922], [558.2332153320312, 112.92660522460938], [559.5052490234375, 111.4046401977539], [559.46728515625, 112.3766098022461], [558.7113037109375, 112.53453826904297], [559.7810668945312, 112.73921203613281], [560.2601928710938, 112.94905090332031], [558.9190063476562, 112.56645202636719], [559.8482055664062, 111.99021911621094], [559.3131713867188, 112.7496566772461], [559.799072265625, 111.71988677978516], [559.0433349609375, 113.47660827636719], [559.6878051757812, 112.02090454101562], [559.5073852539062, 111.49370574951172], [559.1444091796875, 111.7215805053711], [559.0394287109375, 112.3000259399414], [559.0185546875, 113.46533203125], [559.9633178710938, 112.59027099609375], [557.9158325195312, 112.4076919555664], [557.9462280273438, 113.05250549316406], [558.81787109375, 111.37826538085938], [559.2796020507812, 113.1126480102539], [557.38525390625, 113.92566680908203], [557.6918334960938, 113.46001434326172], [557.8640747070312, 112.46534729003906], [557.90380859375, 113.3833999633789], [558.3322143554688, 112.14387512207031], [559.0106811523438, 113.09054565429688], [558.3047485351562, 111.95647430419922], [558.9971313476562, 112.90383911132812], [557.4026489257812, 112.84766387939453], [557.7825317382812, 112.52388763427734], [557.81494140625, 112.0786361694336], [558.3173828125, 112.81471252441406], [559.7742919921875, 112.85482788085938], [557.2859497070312, 113.05049896240234], [557.49072265625, 111.62837982177734], [557.2501831054688, 113.0224838256836], [556.9024047851562, 113.30426788330078], [558.3406982421875, 112.16261291503906], [556.6149291992188, 111.7746353149414], [557.02880859375, 112.30293273925781], [557.3711547851562, 112.80477905273438], [557.7660522460938, 112.90984344482422], [556.7398071289062, 113.02879333496094], [556.7108154296875, 111.69857788085938], [556.2492065429688, 112.5083236694336], [556.273193359375, 112.80165100097656], [556.9839477539062, 112.27613830566406], [555.9633178710938, 111.72418975830078], [557.0692138671875, 111.8630599975586], [557.2630004882812, 113.20648193359375], [556.1219482421875, 112.32001495361328], [556.2000732421875, 112.35981750488281], [556.2474365234375, 111.9809799194336], [556.998291015625, 113.20928955078125], [555.72509765625, 112.98399353027344], [556.1491088867188, 110.98048400878906], [557.0521850585938, 111.16319274902344], [556.8347778320312, 112.77989959716797], [557.2982788085938, 112.89399719238281], [557.2218627929688, 112.7173080444336], [556.1209716796875, 112.03765106201172], [556.4609375, 111.91448974609375], [557.2222900390625, 112.88410949707031], [556.687744140625, 112.47723388671875], [557.2549438476562, 112.6424560546875], [556.371337890625, 113.32965087890625], [556.508544921875, 112.07583618164062], [556.7724609375, 112.98764038085938], [557.1973266601562, 112.09361267089844], [555.8076171875, 112.38243103027344], [557.5768432617188, 113.11809539794922], [556.8251953125, 112.65044403076172], [555.8613891601562, 113.07658386230469], [556.1500854492188, 112.64815521240234]]",0.240772,mc_dropout_ade_v1,"{""method"": ""mc_dropout_ade_v1"", ""validation_ade_px"": 13.288751, ""epistemic_std_px"": 0.299317, ""estimated_ade_px"": 13.292122, ""observation_coverage"": 0.033333, ""confidence_scale_px"": 100.0, ""mc_samples"": 16}",gru,[]
examples/inputs/adl-01-cam0.mp4,adl-01-cam0,9,0.3,person_1,True,"[557.1105346679688, 112.9949951171875]","{""type"": ""polygon"", ""coordinate_system"": ""original_video_pixels"", ""points"": [[520, 59], [597, 59], [597, 170], [520, 170]]}","[[554.4743041992188, 110.96536254882812], [555.4959716796875, 112.3965835571289], [552.0570068359375, 112.46017456054688], [552.7322998046875, 111.54915618896484], [553.0209350585938, 113.45275115966797], [553.4212036132812, 112.23377227783203], [555.05859375, 113.42790985107422], [554.0505981445312, 112.86100769042969], [554.3235473632812, 111.7868423461914], [555.9168090820312, 113.18849182128906], [555.2971801757812, 112.80592346191406], [555.0691528320312, 111.85089874267578], [556.2501220703125, 112.22663116455078], [556.2680053710938, 112.892333984375], [554.74365234375, 112.74378204345703], [554.3194580078125, 113.15515899658203], [556.2716674804688, 111.27816772460938], [555.9706420898438, 112.33744812011719], [555.8058471679688, 112.5906982421875], [556.7149658203125, 112.8487548828125], [557.3582763671875, 113.00257873535156], [555.8115234375, 112.70323181152344], [556.7748413085938, 112.02214050292969], [556.4037475585938, 112.70095825195312], [556.5098876953125, 111.49703979492188], [556.1360473632812, 113.70600128173828], [556.6306762695312, 112.2965316772461], [556.6204833984375, 111.46237182617188], [556.4353637695312, 111.6360092163086], [556.5101928710938, 112.00963592529297], [556.3154907226562, 113.58519744873047], [557.3378295898438, 112.701904296875], [555.0337524414062, 112.3076171875], [555.6160278320312, 113.428466796875], [555.8885498046875, 111.07893371582031], [556.4933471679688, 113.28630065917969], [554.1639404296875, 114.07742309570312], [554.8284912109375, 113.6048355102539], [554.92333984375, 112.54622650146484], [555.308349609375, 113.67288970947266], [555.3099365234375, 112.0673828125], [556.3486938476562, 113.47830963134766], [555.668212890625, 111.85183715820312], [556.6743774414062, 112.97509765625], [554.550048828125, 112.88412475585938], [555.07177734375, 112.4345474243164], [555.022705078125, 111.80545806884766], [555.3352661132812, 113.16984558105469], [557.0982666015625, 112.96578216552734], [554.3226318359375, 113.15833282470703], [554.7103271484375, 111.38653564453125], [554.5159301757812, 113.1438217163086], [553.7880859375, 113.5634994506836], [555.4852294921875, 112.28721618652344], [554.0465087890625, 111.81885528564453], [554.262451171875, 112.44778442382812], [554.4501953125, 113.1208267211914], [554.9999389648438, 113.25318145751953], [553.9132080078125, 113.3853759765625], [553.9532470703125, 111.71076965332031], [553.609375, 112.83209228515625], [553.6182861328125, 112.91236114501953], [554.8395385742188, 112.49695587158203], [552.9714965820312, 111.9669418334961], [554.464111328125, 111.96461486816406], [554.63525390625, 113.65646362304688], [553.4061279296875, 112.46175384521484], [553.3536987304688, 112.79570007324219], [553.6625366210938, 112.28520965576172], [554.3519287109375, 113.51783752441406], [553.2617797851562, 113.5005111694336], [553.4954833984375, 111.1455307006836], [554.1702880859375, 111.20796203613281], [554.0559692382812, 113.18814849853516], [554.931640625, 113.24313354492188], [554.680908203125, 112.80029296875], [553.1885375976562, 112.46212768554688], [553.9498901367188, 112.07020568847656], [554.7493896484375, 113.5738296508789], [554.1427001953125, 112.91336059570312], [554.5713500976562, 113.24119567871094], [554.0089721679688, 113.99636840820312], [553.6521606445312, 112.39646911621094], [553.8168334960938, 113.72952270507812], [554.5970458984375, 112.27540588378906], [552.4769287109375, 112.93507385253906], [554.997802734375, 113.5025405883789], [554.3817138671875, 113.07742309570312], [553.0955810546875, 113.54037475585938], [553.682373046875, 113.1461181640625]]",0.251719,mc_dropout_ade_v1,"{""method"": ""mc_dropout_ade_v1"", ""validation_ade_px"": 13.288751, ""epistemic_std_px"": 0.241119, ""estimated_ade_px"": 13.290938, ""observation_coverage"": 0.05, ""confidence_scale_px"": 100.0, ""mc_samples"": 16}",gru,[]
examples/inputs/adl-01-cam0.mp4,adl-01-cam0,10,0.3333,person_1,True,"[554.52099609375, 112.54850006103516]","{""type"": ""polygon"", ""coordinate_system"": ""original_video_pixels"", ""points"": [[521, 58], [582, 58], [582, 170], [521, 170]]}","[[550.6807861328125, 110.15872955322266], [551.88818359375, 111.73577880859375], [547.47119140625, 111.68931579589844], [548.4608154296875, 110.46354675292969], [548.7360229492188, 112.88700866699219], [549.5910034179688, 111.86019897460938], [551.1097412109375, 113.21524047851562], [549.6236572265625, 112.48381805419922], [550.1358032226562, 111.31394958496094], [552.07666015625, 113.0118179321289], [551.5347900390625, 112.13846588134766], [551.2586669921875, 111.74929809570312], [552.583984375, 112.2687759399414], [552.7197875976562, 112.1946029663086], [550.0859375, 112.19405364990234], [549.5681762695312, 112.91534423828125], [551.80224609375, 110.88199615478516], [551.4989624023438, 112.07878112792969], [551.625244140625, 112.22459411621094], [552.1915893554688, 112.48346710205078], [552.9695434570312, 112.5612564086914], [551.0770874023438, 112.79706573486328], [551.94140625, 112.10250854492188], [551.7357788085938, 112.42032623291016], [551.3206787109375, 110.86761474609375], [551.2401123046875, 113.67261505126953], [551.1790771484375, 112.47526550292969], [551.9259033203125, 111.55960083007812], [551.51123046875, 111.45999908447266], [552.1613159179688, 111.5409164428711], [550.9921875, 113.34737396240234], [551.9905395507812, 112.63925170898438], [549.7250366210938, 111.96353912353516], [550.3800659179688, 113.88691711425781], [550.326904296875, 111.00001525878906], [550.4217529296875, 113.45138549804688], [548.0093994140625, 113.47172546386719], [549.22314453125, 113.18566131591797], [549.00537109375, 112.29753875732422], [550.010498046875, 113.89539337158203], [548.949951171875, 111.7855453491211], [550.1716918945312, 113.78772735595703], [549.717529296875, 111.26747131347656], [550.89697265625, 113.1496810913086], [548.9630737304688, 112.53441619873047], [549.0069580078125, 112.06009674072266], [548.7107543945312, 111.20113372802734], [549.71337890625, 113.30695343017578], [550.5792846679688, 112.92893981933594], [548.0331420898438, 113.05831909179688], [548.6796875, 111.1968002319336], [548.5812377929688, 113.07643127441406], [547.4864501953125, 113.8805923461914], [548.8824462890625, 112.21549987792969], [548.2937622070312, 111.7734375], [548.1632690429688, 112.23434448242188], [547.8767700195312, 113.20600891113281], [548.7428588867188, 113.37425994873047], [547.2335205078125, 113.6369400024414], [547.2217407226562, 111.5611572265625], [547.8349609375, 112.94874572753906], [547.840576171875, 112.56917572021484], [548.9863891601562, 112.60113525390625], [546.3419189453125, 111.78316497802734], [548.7857055664062, 111.74874114990234], [548.435791015625, 113.95611572265625], [547.4755249023438, 112.34146881103516], [546.96533203125, 113.3027114868164], [547.4990234375, 112.71293640136719], [547.8935546875, 113.58837890625], [547.2154541015625, 113.6735610961914], [547.82080078125, 111.32032012939453], [547.9415283203125, 111.48463439941406], [547.9674072265625, 113.23762512207031], [548.6798095703125, 113.86857604980469], [548.6904907226562, 112.46632385253906], [546.5194702148438, 112.96055603027344], [547.7715454101562, 112.21394348144531], [548.67041015625, 114.03372955322266], [548.0362548828125, 113.26066589355469], [548.13720703125, 113.9293441772461], [548.2537231445312, 114.4908447265625], [547.2694091796875, 112.6134033203125], [547.42138671875, 114.30461883544922], [548.1993408203125, 112.3608169555664], [545.6434326171875, 113.47899627685547], [548.5316162109375, 113.42424011230469], [548.462890625, 113.761962890625], [547.2680053710938, 114.07703399658203], [547.479248046875, 113.62751770019531]]",0.262632,mc_dropout_ade_v1,"{""method"": ""mc_dropout_ade_v1"", ""validation_ade_px"": 13.288751, ""epistemic_std_px"": 0.614342, ""estimated_ade_px"": 13.302944, ""observation_coverage"": 0.066667, ""confidence_scale_px"": 100.0, ""mc_samples"": 16}",gru,[]
examples/inputs/adl-01-cam0.mp4,adl-01-cam0,11,0.3667,person_1,True,"[553.1544799804688, 111.58450317382812]","{""type"": ""polygon"", ""coordinate_system"": ""original_video_pixels"", ""points"": [[521, 57], [575, 57], [575, 170], [521, 170]]}","[[550.410400390625, 109.10832214355469], [552.5444946289062, 110.76560974121094], [548.6915283203125, 110.68799591064453], [550.0508422851562, 109.3165512084961], [550.4454345703125, 111.8384017944336], [551.1555786132812, 110.99102783203125], [552.6471557617188, 112.16024780273438], [550.48486328125, 111.53315734863281], [551.1612548828125, 110.49263000488281], [552.7376708984375, 112.11286926269531], [552.0322265625, 111.06436920166016], [551.5519409179688, 110.98335266113281], [552.7437133789062, 111.3133773803711], [552.62353515625, 111.28465270996094], [549.8611450195312, 111.13932800292969], [549.430419921875, 112.20423889160156], [551.3944091796875, 110.31687927246094], [550.9493408203125, 111.47262573242188], [551.4796752929688, 111.44609832763672], [551.5934448242188, 111.81428527832031], [552.3828125, 111.85081481933594], [550.5939331054688, 112.23824310302734], [551.1404418945312, 111.46139526367188], [550.8767700195312, 111.72450256347656], [550.4904174804688, 110.2958984375], [550.7144775390625, 112.84874725341797], [550.1666870117188, 112.043212890625], [550.8659057617188, 111.16612243652344], [550.54833984375, 110.95677947998047], [551.6397705078125, 110.95235443115234], [550.05859375, 112.75804138183594], [551.1875610351562, 112.1012191772461], [548.5473022460938, 111.28850555419922], [549.384765625, 113.35894012451172], [548.8885498046875, 110.34972381591797], [548.9224243164062, 112.94314575195312], [546.6287841796875, 112.7684097290039], [548.0286254882812, 112.38802337646484], [547.7955322265625, 111.68141174316406], [548.7858276367188, 113.35122680664062], [547.1223754882812, 111.33705139160156], [548.70458984375, 113.36448669433594], [548.4732055664062, 110.67076873779297], [549.6025390625, 112.64323425292969], [547.4125366210938, 112.09606170654297], [547.5469970703125, 111.39095306396484], [547.056396484375, 110.80392456054688], [547.9522705078125, 112.79353332519531], [548.7131958007812, 112.52307891845703], [546.2789306640625, 112.4476089477539], [546.8234252929688, 110.58075714111328], [546.6821899414062, 112.33348846435547], [545.5172729492188, 113.32810974121094], [547.0081787109375, 111.6214828491211], [546.4685668945312, 111.079833984375], [546.2083129882812, 111.6532974243164], [545.48046875, 112.8910140991211], [546.2744750976562, 113.07758331298828], [544.6731567382812, 113.49251556396484], [544.5979614257812, 111.13492584228516], [545.5159301757812, 112.66134643554688], [545.7228393554688, 111.86380767822266], [546.9193725585938, 112.06001281738281], [544.2352905273438, 111.2108154296875], [546.484619140625, 111.31944274902344], [546.005615234375, 113.50589752197266], [545.4114990234375, 111.70663452148438], [544.5436401367188, 113.06761169433594], [545.3262939453125, 112.65780639648438], [545.1616821289062, 113.17404174804688], [544.8538208007812, 113.21566772460938], [545.0084838867188, 111.07242584228516], [545.2456665039062, 111.0169448852539], [545.151123046875, 113.08255004882812], [545.7411499023438, 113.814697265625], [546.26611328125, 112.12957763671875], [543.7991943359375, 112.8507080078125], [545.2096557617188, 112.12914276123047], [546.0916137695312, 113.95453643798828], [545.6445922851562, 113.09729766845703], [545.3613891601562, 113.8534927368164], [545.6223754882812, 114.32831573486328], [544.4598999023438, 112.24368286132812], [544.5894775390625, 114.1645736694336], [545.35498046875, 112.17584991455078], [542.59423828125, 113.3318862915039], [545.7760620117188, 113.17979431152344], [545.8170166015625, 113.61236572265625], [544.2782592773438, 113.95926666259766], [544.54931640625, 113.39295196533203]]",0.27354,mc_dropout_ade_v1,"{""method"": ""mc_dropout_ade_v1"", ""validation_ade_px"": 13.288751, ""epistemic_std_px"": 0.845894, ""estimated_ade_px"": 13.315646, ""observation_coverage"": 0.083333, ""confidence_scale_px"": 100.0, ""mc_samples"": 16}",gru,[]
examples/inputs/adl-01-cam0.mp4,adl-01-cam0,12,0.4,person_1,True,"[552.5320434570312, 111.09300231933594]","{""type"": ""polygon"", ""coordinate_system"": ""original_video_pixels"", ""points"": [[517, 56], [579, 56], [579, 171], [517, 171]]}","[[551.5847778320312, 108.77973175048828], [554.7392578125, 110.50428771972656], [551.9417114257812, 110.45148468017578], [553.3086547851562, 108.88764190673828], [553.8524780273438, 111.3359603881836], [554.1353759765625, 110.56300354003906], [555.5059204101562, 111.40558624267578], [552.8348999023438, 110.88087463378906], [553.4691772460938, 110.04798889160156], [554.3515014648438, 111.55316162109375], [553.6364135742188, 110.55415344238281], [552.828857421875, 110.5101547241211], [553.8367919921875, 110.6672134399414], [553.2328491210938, 110.90010833740234], [550.9202880859375, 110.61688232421875], [550.5625, 111.91573333740234], [552.0045776367188, 110.2154541015625], [551.3517456054688, 111.27767181396484], [552.2767944335938, 111.14408111572266], [552.12060546875, 111.60276794433594], [552.6533813476562, 111.52637481689453], [551.1009521484375, 111.86539459228516], [551.6773681640625, 110.9584732055664], [551.2191162109375, 111.52034759521484], [550.8594970703125, 110.30774688720703], [551.186279296875, 112.31726837158203], [550.6378784179688, 111.84492492675781], [550.8270263671875, 111.06025695800781], [550.9403686523438, 110.81277465820312], [551.8759765625, 110.9111099243164], [550.3555297851562, 112.62030029296875], [551.75537109375, 111.91220092773438], [548.6406860351562, 111.0191879272461], [549.6661987304688, 112.88936614990234], [548.7600708007812, 110.04920959472656], [548.9376831054688, 112.67383575439453], [546.9705810546875, 112.5427017211914], [548.2191162109375, 112.11508178710938], [548.174072265625, 111.39835357666016], [548.8533325195312, 112.965576171875], [547.20751953125, 111.26863098144531], [548.7881469726562, 112.97740173339844], [548.9552001953125, 110.53013610839844], [549.6475830078125, 112.46302795410156], [547.2686157226562, 111.9871597290039], [547.6598510742188, 111.11536407470703], [546.9483032226562, 110.94004821777344], [547.7455444335938, 112.5396957397461], [548.6052856445312, 112.39990234375], [546.3585205078125, 112.11835479736328], [546.533447265625, 110.2406234741211], [546.168212890625, 111.88861846923828], [545.2186889648438, 113.06002807617188], [546.9996337890625, 111.38553619384766], [546.1880493164062, 110.72969818115234], [546.0764770507812, 111.42923736572266], [544.991455078125, 112.90292358398438], [545.5504150390625, 112.95476531982422], [544.0406494140625, 113.43226623535156], [543.8903198242188, 111.21746063232422], [544.8440551757812, 112.69996643066406], [545.3217163085938, 111.60275268554688], [546.386962890625, 111.92474365234375], [543.9500122070312, 111.05083465576172], [545.7380981445312, 111.32943725585938], [545.0802612304688, 113.26284790039062], [545.0386352539062, 111.49231719970703], [543.6737670898438, 112.91221618652344], [544.7894287109375, 112.89390563964844], [544.0882568359375, 113.016845703125], [544.2855224609375, 113.0793685913086], [543.6873779296875, 111.13599395751953], [544.233154296875, 110.75198364257812], [543.9557495117188, 113.15211486816406], [544.5404052734375, 113.80623626708984], [545.4365844726562, 112.47040557861328], [542.9998779296875, 112.777587890625], [544.459716796875, 112.36498260498047], [545.1490478515625, 113.96843719482422], [545.080810546875, 113.124755859375], [544.47119140625, 113.8154067993164], [544.7171020507812, 114.2543716430664], [543.473388671875, 112.03469848632812], [543.7742919921875, 114.02753448486328], [544.3656005859375, 112.18067932128906], [541.4705200195312, 113.17301177978516], [544.8282470703125, 113.32880401611328], [544.6837768554688, 113.43793487548828], [543.0601806640625, 113.9046859741211], [543.4323120117188, 113.26844024658203]]",0.284498,mc_dropout_ade_v1,"{""method"": ""mc_dropout_ade_v1"", ""validation_ade_px"": 13.288751, ""epistemic_std_px"": 0.751167, ""estimated_ade_px"": 13.309964, ""observation_coverage"": 0.1, ""confidence_scale_px"": 100.0, ""mc_samples"": 16}",gru,[]
examples/inputs/adl-01-cam0.mp4,adl-01-cam0,13,0.4333,person_1,True,"[551.6220092773438, 110.88050079345703]","{""type"": ""polygon"", ""coordinate_system"": ""original_video_pixels"", ""points"": [[512, 55], [580, 55], [580, 172], [512, 172]]}","[[551.2987670898438, 108.77395629882812], [554.85888671875, 110.4916763305664], [552.3783569335938, 110.51197814941406], [553.1665649414062, 108.64972686767578], [553.888916015625, 111.21160888671875], [553.7781372070312, 110.328125], [554.9361572265625, 111.12918090820312], [552.16162109375, 110.4454345703125], [552.6298217773438, 109.71966552734375], [553.054443359375, 111.35592651367188], [552.606689453125, 110.34600067138672], [551.4435424804688, 110.34503936767578], [552.5673828125, 110.57445526123047], [551.559814453125, 110.6795425415039], [549.4843139648438, 110.47761535644531], [548.9277954101562, 111.8964614868164], [550.1856689453125, 110.22802734375], [549.3677368164062, 111.24299621582031], [550.6466064453125, 111.07344055175781], [550.431884765625, 111.5263900756836], [550.478759765625, 111.31220245361328], [549.000244140625, 111.6660385131836], [550.1771240234375, 110.59259796142578], [549.4383544921875, 111.59870910644531], [548.7777709960938, 110.26468658447266], [548.9251708984375, 112.161376953125], [548.7098999023438, 111.76127624511719], [548.6213989257812, 111.05598449707031], [549.0943603515625, 110.8199691772461], [549.4742431640625, 110.98399353027344], [548.0380249023438, 112.736572265625], [549.6558227539062, 111.8409652709961], [546.2691040039062, 110.82564544677734], [547.3887329101562, 112.685546875], [546.198486328125, 110.0443115234375], [546.445068359375, 112.58401489257812], [544.8736572265625, 112.28964233398438], [545.8312377929688, 112.1488265991211], [545.9382934570312, 111.28264617919922], [546.3961181640625, 112.78490447998047], [545.0087890625, 111.19792938232422], [546.28759765625, 112.5708999633789], [546.8797607421875, 110.39837646484375], [547.0899658203125, 112.56535339355469], [544.6978759765625, 111.86648559570312], [545.3348999023438, 110.85902404785156], [544.2982788085938, 111.03219604492188], [545.5833129882812, 112.53947448730469], [546.2520751953125, 112.46273803710938], [544.1375732421875, 111.87521362304688], [543.8676147460938, 109.97242736816406], [543.2106323242188, 111.78431701660156], [542.703369140625, 113.18943786621094], [544.5179443359375, 111.42186737060547], [543.81396484375, 110.64839935302734], [543.8171997070312, 111.40532684326172], [542.770263671875, 113.03974151611328], [542.9669799804688, 112.92173767089844], [541.4444580078125, 113.27890014648438], [541.1334228515625, 111.46879577636719], [542.4408569335938, 112.89202880859375], [542.9424438476562, 111.70816040039062], [543.6282958984375, 112.1199951171875], [541.2511596679688, 111.12103271484375], [543.0895385742188, 111.44795227050781], [541.9765014648438, 113.31031799316406], [542.588134765625, 111.60548400878906], [540.6243896484375, 112.89241790771484], [541.997314453125, 113.2201156616211], [541.0029296875, 112.96454620361328], [541.8515014648438, 113.2459716796875], [540.6699829101562, 111.31521606445312], [541.4114379882812, 110.8271713256836], [541.0610961914062, 113.19367980957031], [541.6448364257812, 113.92582702636719], [542.6402587890625, 112.96847534179688], [540.165283203125, 112.72795867919922], [541.8591918945312, 112.64571380615234], [542.4024658203125, 113.97021484375], [542.5020141601562, 113.2506332397461], [541.7282104492188, 113.99103546142578], [542.3104248046875, 114.37203979492188], [540.7623901367188, 111.9308853149414], [541.407470703125, 113.97433471679688], [541.6543579101562, 112.23565673828125], [538.35009765625, 113.04194641113281], [541.9022827148438, 113.60692596435547], [541.5944213867188, 113.5056381225586], [540.2794189453125, 113.94415283203125], [540.5438842773438, 113.34227752685547]]",0.295467,mc_dropout_ade_v1,"{""method"": ""mc_dropout_ade_v1"", ""validation_ade_px"": 13.288751, ""epistemic_std_px"": 0.563756, ""estimated_ade_px"": 13.300704, ""observation_coverage"": 0.116667, ""confidence_scale_px"": 100.0, ""mc_samples"": 16}",gru,[]
examples/inputs/adl-01-cam0.mp4,adl-01-cam0,14,0.4667,person_1,True,"[550.488037109375, 110.81999969482422]","{""type"": ""polygon"", ""coordinate_system"": ""original_video_pixels"", ""points"": [[506, 55], [580, 55], [580, 172], [506, 172]]}","[[549.914306640625, 108.82343292236328], [553.3837890625, 110.533935546875], [550.6604614257812, 110.58544921875], [550.6906127929688, 108.50829315185547], [551.389892578125, 111.21733093261719], [551.139892578125, 110.14940643310547], [552.1759643554688, 111.09989929199219], [549.5753173828125, 110.1061019897461], [549.8280029296875, 109.55193328857422], [550.0399169921875, 111.32764434814453], [549.8648071289062, 110.23721313476562], [548.3817138671875, 110.33753967285156], [549.8392944335938, 110.78773498535156], [548.7893676757812, 110.55557250976562], [546.4703979492188, 110.51802825927734], [545.6867065429688, 111.82958984375], [547.0892944335938, 110.15495300292969], [546.2299194335938, 111.12207794189453], [547.6324462890625, 111.04017639160156], [547.5526733398438, 111.40587615966797], [547.059326171875, 111.07858276367188], [545.5128784179688, 111.47357940673828], [547.5233764648438, 110.27946472167969], [546.4005737304688, 111.58072662353516], [545.4039916992188, 109.93621826171875], [545.1973876953125, 112.07257080078125], [545.4924926757812, 111.58685302734375], [545.2230834960938, 110.96199035644531], [545.9280395507812, 110.76725769042969], [545.7350463867188, 110.94227600097656], [544.245361328125, 112.75424194335938], [545.9773559570312, 111.72599029541016], [542.5438232421875, 110.60016632080078], [543.9217529296875, 112.5265884399414], [542.391357421875, 110.05870056152344], [542.6593627929688, 112.485595703125], [541.4754028320312, 111.97428131103516], [542.1989135742188, 112.19502258300781], [542.2445678710938, 111.25834655761719], [542.7105712890625, 112.66104888916016], [541.458740234375, 111.07125091552734], [542.3905029296875, 112.23370361328125], [543.3344116210938, 110.2232437133789], [543.2068481445312, 112.708984375], [540.896728515625, 111.70207214355469], [541.8164672851562, 110.64588165283203], [540.4340209960938, 111.04093933105469], [542.2257080078125, 112.603515625], [542.7423706054688, 112.41960144042969], [540.6315307617188, 111.66197204589844], [539.9309692382812, 109.81846618652344], [539.1797485351562, 111.8088607788086], [539.070068359375, 113.36204528808594], [540.6611328125, 111.52700805664062], [540.274658203125, 110.71117401123047], [540.398193359375, 111.51806640625], [539.6568603515625, 113.12322235107422], [539.3470458984375, 112.93043518066406], [537.8695678710938, 113.09382629394531], [537.3768920898438, 111.63353729248047], [538.9623413085938, 113.05279541015625], [539.4544067382812, 111.88948059082031], [539.6867065429688, 112.2820053100586], [537.1671752929688, 111.21302032470703], [539.4556274414062, 111.52392578125], [537.9295654296875, 113.46334838867188], [538.8748779296875, 111.84577941894531], [536.6022338867188, 112.92308044433594], [538.0135498046875, 113.4358139038086], [537.056640625, 112.9449691772461], [538.473876953125, 113.47566223144531], [536.8675537109375, 111.56277465820312], [537.6006469726562, 111.0440902709961], [537.2791137695312, 113.13062286376953], [537.8715209960938, 114.00914001464844], [538.8314819335938, 113.26809692382812], [536.2748413085938, 112.7144546508789], [538.3429565429688, 112.72901916503906], [538.8084716796875, 113.9649658203125], [538.8507690429688, 113.42622375488281], [537.8870239257812, 114.21577453613281], [538.9795532226562, 114.60547637939453], [537.1329345703125, 111.89397430419922], [538.0970458984375, 113.9734115600586], [538.1133422851562, 112.2499008178711], [534.2697143554688, 112.99915313720703], [537.9537963867188, 113.85595703125], [537.6207275390625, 113.63522338867188], [536.6427612304688, 113.86359405517578], [536.7788696289062, 113.49700927734375]]",0.306363,mc_dropout_ade_v1,"{""method"": ""mc_dropout_ade_v1"", ""validation_ade_px"": 13.288751, ""epistemic_std_px"": 0.854272, ""estimated_ade_px"": 13.316181, ""observation_coverage"": 0.133333, ""confidence_scale_px"": 100.0, ""mc_samples"": 16}",gru,[]
examples/inputs/adl-01-cam0.mp4,adl-01-cam0,15,0.5,person_1,True,"[548.8085327148438, 110.8385009765625]","{""type"": ""polygon"", ""coordinate_system"": ""original_video_pixels"", ""points"": [[501, 55], [577, 55], [577, 172], [501, 172]]}","[[547.41748046875, 108.73289489746094], [550.1724853515625, 110.4991455078125], [547.06201171875, 110.56144714355469], [546.5654907226562, 108.51788330078125], [547.0765380859375, 111.17416381835938], [547.085693359375, 110.01068878173828], [548.0490112304688, 111.2049789428711], [545.718017578125, 109.84439086914062], [545.8896484375, 109.68704986572266], [546.3106079101562, 111.14420318603516], [546.01025390625, 110.20059967041016], [544.4307861328125, 110.32766723632812], [546.0226440429688, 110.97643280029297], [545.5511474609375, 110.4227294921875], [542.7193603515625, 110.474853515625], [541.7783813476562, 111.5789566040039], [543.4158325195312, 109.91045379638672], [542.5924072265625, 110.76319885253906], [543.7915649414062, 110.787841796875], [543.993408203125, 111.20159149169922], [543.1312866210938, 110.97612762451172], [541.6358032226562, 111.24845123291016], [543.8084106445312, 110.10742950439453], [542.5853271484375, 111.30345916748047], [541.29443359375, 109.4568099975586], [540.9769287109375, 111.7252426147461], [541.4876098632812, 111.25279235839844], [541.1980590820312, 110.66925811767578], [541.8657836914062, 110.5589599609375], [541.564697265625, 110.61161804199219], [539.7321166992188, 112.42222595214844], [541.3101196289062, 111.46504211425781], [538.1436767578125, 110.2699966430664], [539.7393798828125, 112.4032974243164], [538.0661010742188, 110.01019287109375], [538.2653198242188, 112.25653839111328], [537.4147338867188, 111.73941040039062], [537.860595703125, 111.99424743652344], [537.8063354492188, 111.38778686523438], [538.20849609375, 112.52848052978516], [536.8028564453125, 110.944091796875], [537.7207641601562, 112.07354736328125], [538.4927978515625, 110.09950256347656], [538.6686401367188, 112.61253356933594], [536.3626708984375, 111.69242858886719], [537.3912963867188, 110.58384704589844], [535.9342651367188, 110.92350769042969], [537.56298828125, 112.58304595947266], [538.1869506835938, 112.23780059814453], [535.9473876953125, 111.52995300292969], [535.1769409179688, 109.90083312988281], [534.49462890625, 111.84709167480469], [534.536376953125, 113.33634948730469], [535.7545776367188, 111.54833984375], [535.720703125, 110.69200897216797], [535.78173828125, 111.6791763305664], [535.4581298828125, 112.95519256591797], [534.5886840820312, 112.95233917236328], [533.158447265625, 112.80856323242188], [532.5628051757812, 111.53512573242188], [534.4159545898438, 112.90351867675781], [534.6193237304688, 112.10277557373047], [534.8843994140625, 112.18209838867188], [532.0267944335938, 111.21786499023438], [535.0263671875, 111.45938873291016], [533.2445068359375, 113.5166244506836], [533.9935913085938, 112.11713409423828], [531.8628540039062, 112.97894287109375], [533.171142578125, 113.28179168701172], [532.5120849609375, 112.95169830322266], [533.864501953125, 113.45909118652344], [532.23828125, 111.71098327636719], [532.6910400390625, 111.13108825683594], [532.6160888671875, 112.93309020996094], [533.2092895507812, 113.91264343261719], [534.125, 113.14646911621094], [531.596923828125, 112.63521575927734], [533.7197875976562, 112.48916625976562], [534.3724365234375, 113.89749908447266], [534.2322998046875, 113.5400161743164], [533.0794067382812, 114.26586151123047], [534.2302856445312, 114.7828140258789], [532.4935913085938, 112.08417510986328], [533.4810180664062, 113.7708511352539], [533.7412719726562, 112.2333755493164], [529.3178100585938, 112.92829895019531], [533.0157470703125, 113.7479019165039], [532.9580688476562, 113.59580993652344], [531.8309326171875, 113.61994934082031], [532.1004028320312, 113.5635986328125]]",0.317305,mc_dropout_ade_v1,"{""method"": ""mc_dropout_ade_v1"", ""validation_ade_px"": 13.288751, ""epistemic_std_px"": 0.854753, ""estimated_ade_px"": 13.316212, ""observation_coverage"": 0.15, ""confidence_scale_px"": 100.0, ""mc_samples"": 16}",gru,[]
examples/inputs/adl-01-cam0.mp4,adl-01-cam0,16,0.5333,person_1,True,"[547.6179809570312, 110.8864974975586]","{""type"": ""polygon"", ""coordinate_system"": ""original_video_pixels"", ""points"": [[500, 56], [575, 56], [575, 171], [500, 171]]}","[[546.2669067382812, 108.83258819580078], [548.7692260742188, 110.4549331665039], [546.1798095703125, 110.65805053710938], [545.4049682617188, 108.69538879394531], [545.8126831054688, 111.21807861328125], [546.04541015625, 110.06343841552734], [546.9493408203125, 111.31370544433594], [544.6497192382812, 109.9414291381836], [544.7544555664062, 109.86173248291016], [545.0308837890625, 111.15766906738281], [544.697998046875, 110.33879089355469], [543.119384765625, 110.31883239746094], [544.4564208984375, 111.050537109375], [544.3051147460938, 110.61610412597656], [541.4559326171875, 110.59919738769531], [540.3800048828125, 111.64632415771484], [542.022216796875, 109.89995574951172], [541.146728515625, 110.74608612060547], [542.32763671875, 110.85680389404297], [542.64599609375, 111.28377532958984], [541.7393798828125, 111.07457733154297], [540.2951049804688, 111.2977523803711], [542.2960815429688, 110.2356185913086], [541.1004638671875, 111.36054229736328], [539.6404418945312, 109.50146484375], [539.48681640625, 111.73999786376953], [539.8916015625, 111.33990478515625], [539.5407104492188, 110.69671630859375], [540.3323974609375, 110.64369201660156], [540.0736694335938, 110.5184097290039], [538.0435180664062, 112.47113037109375], [539.5846557617188, 111.52410888671875], [536.4175415039062, 110.28313446044922], [538.1940307617188, 112.52809143066406], [536.50048828125, 110.09459686279297], [536.6975708007812, 112.2269058227539], [535.7672729492188, 111.86836242675781], [536.2269287109375, 111.96578216552734], [536.1246948242188, 111.58987426757812], [536.2982788085938, 112.66462707519531], [534.8839721679688, 110.98812866210938], [535.9008178710938, 112.10765075683594], [536.4964599609375, 110.18486022949219], [536.9000854492188, 112.59747314453125], [534.4137573242188, 111.86209106445312], [535.4471435546875, 110.74327087402344], [534.1953125, 110.95454406738281], [535.4832153320312, 112.58134460449219], [536.193359375, 112.21060943603516], [533.9188842773438, 111.68904113769531], [533.2626953125, 110.04930877685547], [532.576416015625, 111.90971374511719], [532.5977172851562, 113.39889526367188], [533.7678833007812, 111.5789794921875], [533.8514404296875, 110.75529479980469], [533.8333740234375, 111.8184814453125], [533.4393310546875, 112.90821075439453], [532.5250854492188, 112.96932220458984], [531.0741577148438, 112.68167877197266], [530.5883178710938, 111.42387390136719], [532.307373046875, 112.83966064453125], [532.3304443359375, 112.29653930664062], [532.8583374023438, 112.13919067382812], [529.9240112304688, 111.38337707519531], [533.1455688476562, 111.51161193847656], [531.2833862304688, 113.54022979736328], [531.8440551757812, 112.12387084960938], [529.7200927734375, 113.011474609375], [531.0292358398438, 113.09729766845703], [530.5977783203125, 112.89338684082031], [531.6542358398438, 113.37713623046875], [530.11865234375, 111.75345611572266], [530.4420166015625, 111.07291412353516], [530.56005859375, 112.9211196899414], [531.2000732421875, 113.8744888305664], [531.9182739257812, 113.02049255371094], [529.6868286132812, 112.47553253173828], [531.6406860351562, 112.3634033203125], [532.300537109375, 113.79212951660156], [532.1264038085938, 113.50785064697266], [531.0277099609375, 114.21662902832031], [531.94189453125, 114.84896850585938], [530.4038696289062, 112.21126556396484], [531.1737060546875, 113.68777465820312], [531.594482421875, 112.15532684326172], [527.26611328125, 112.97952270507812], [530.7875366210938, 113.59028625488281], [530.9030151367188, 113.42105865478516], [529.6132202148438, 113.4398193359375], [529.9467163085938, 113.46810913085938]]",0.328193,mc_dropout_ade_v1,"{""method"": ""mc_dropout_ade_v1"", ""validation_ade_px"": 13.288751, ""epistemic_std_px"": 1.078719, ""estimated_ade_px"": 13.332462, ""observation_coverage"": 0.166667, ""confidence_scale_px"": 100.0, ""mc_samples"": 16}",gru,[]
examples/inputs/adl-01-cam0.mp4,adl-01-cam0,17,0.5667,person_1,True,"[546.7354736328125, 111.33899688720703]","{""type"": ""polygon"", ""coordinate_system"": ""original_video_pixels"", ""points"": [[500, 57], [573, 57], [573, 171], [500, 171]]}","[[545.9138793945312, 109.46597290039062], [548.6112670898438, 111.03507995605469], [546.8992309570312, 111.34516906738281], [546.0825805664062, 109.38935852050781], [546.4120483398438, 111.8420639038086], [546.8276977539062, 110.75566864013672], [547.6078491210938, 111.9683837890625], [545.0249633789062, 110.76300048828125], [544.9473266601562, 110.43866729736328], [544.9405517578125, 111.80152130126953], [544.6481323242188, 111.12223815917969], [543.3377075195312, 110.87774658203125], [544.1690673828125, 111.58173370361328], [543.7991943359375, 111.40380859375], [541.4525756835938, 111.40477752685547], [540.3214111328125, 112.5552978515625], [541.587646484375, 110.61376953125], [540.590576171875, 111.52576446533203], [541.911376953125, 111.6490707397461], [542.28515625, 112.11044311523438], [541.3610229492188, 111.74327087402344], [540.0692749023438, 112.12843322753906], [541.6531372070312, 111.12928771972656], [540.7460327148438, 112.25758361816406], [539.1316528320312, 110.5622787475586], [539.1563110351562, 112.670654296875], [539.4313354492188, 112.28496551513672], [539.1314086914062, 111.57523345947266], [540.0307006835938, 111.35773468017578], [539.8244018554688, 111.2406005859375], [537.76806640625, 113.387939453125], [539.3862915039062, 112.34561157226562], [535.8621826171875, 111.08927154541016], [537.63818359375, 113.24906158447266], [536.2741088867188, 110.72687530517578], [536.43115234375, 112.88372802734375], [535.2703247070312, 112.7040786743164], [535.7816162109375, 112.59254455566406], [535.9129028320312, 112.19731140136719], [535.6863403320312, 113.47437286376953], [534.4861450195312, 111.63208770751953], [535.5189208984375, 112.7955322265625], [535.8723754882812, 110.75867462158203], [536.271484375, 113.2066650390625], [533.916259765625, 112.43942260742188], [534.712646484375, 111.3315200805664], [533.79443359375, 111.49342346191406], [534.8848876953125, 113.07948303222656], [535.4851684570312, 112.80636596679688], [533.1386108398438, 112.36009216308594], [532.7910766601562, 110.53007507324219], [532.0050659179688, 112.50474548339844], [531.9815673828125, 114.01910400390625], [533.5133666992188, 112.12250518798828], [533.3591918945312, 111.27777862548828], [533.2676391601562, 112.25269317626953], [532.3622436523438, 113.37300872802734], [532.20166015625, 113.34803009033203], [530.4952392578125, 113.09439849853516], [530.21533203125, 111.85774993896484], [531.7758178710938, 113.2869873046875], [531.7721557617188, 112.87299346923828], [532.3812255859375, 112.66265869140625], [529.6527099609375, 112.05216979980469], [532.65087890625, 111.9164047241211], [530.9136962890625, 113.933837890625], [531.4254760742188, 112.43509674072266], [529.050537109375, 113.41255187988281], [530.5831909179688, 113.30435180664062], [530.0978393554688, 113.23020935058594], [530.9403686523438, 113.6922607421875], [529.62744140625, 112.03117370605469], [529.822998046875, 111.33297729492188], [530.2393188476562, 113.25231170654297], [530.7554931640625, 114.17857360839844], [531.181640625, 113.27006530761719], [529.3328247070312, 112.73793029785156], [531.1942138671875, 112.75267028808594], [531.7064819335938, 113.91266632080078], [531.5725708007812, 113.68126678466797], [530.84716796875, 114.4256591796875], [531.3216552734375, 115.0197982788086], [529.8096923828125, 112.59037780761719], [530.4912719726562, 113.9841537475586], [530.7950439453125, 112.29804229736328], [526.993896484375, 113.37342071533203], [530.1148681640625, 113.75591278076172], [530.3695678710938, 113.53926086425781], [529.1301879882812, 113.76273345947266], [529.4613037109375, 113.60758972167969]]",0.338989,mc_dropout_ade_v1,"{""method"": ""mc_dropout_ade_v1"", ""validation_ade_px"": 13.288751, ""epistemic_std_px"": 1.515584, ""estimated_ade_px"": 13.374898, ""observation_coverage"": 0.183333, ""confidence_scale_px"": 100.0, ""mc_samples"": 16}",gru,[]
examples/inputs/adl-01-cam0.mp4,adl-01-cam0,18,0.6,person_1,True,"[545.7510375976562, 112.10950469970703]","{""type"": ""polygon"", ""coordinate_system"": ""original_video_pixels"", ""points"": [[503, 58], [571, 58], [571, 170], [503, 170]]}","[[545.3012084960938, 110.2397232055664], [548.3819580078125, 112.2399673461914], [546.7969970703125, 112.3228988647461], [546.1986694335938, 110.3791732788086], [546.1856689453125, 112.85264587402344], [546.8319702148438, 111.77410888671875], [547.5115966796875, 112.9681625366211], [544.6073608398438, 111.76592254638672], [544.1979370117188, 111.39982604980469], [544.1199951171875, 112.77116394042969], [543.6419677734375, 112.22914123535156], [542.673583984375, 111.9464340209961], [543.2301635742188, 112.65338134765625], [542.4844360351562, 112.41413116455078], [540.359130859375, 112.65221405029297], [539.5164794921875, 113.73685455322266], [540.27294921875, 111.69316101074219], [539.2438354492188, 112.61396789550781], [540.3991088867188, 112.79019165039062], [540.9559936523438, 113.32923126220703], [539.69775390625, 112.68486785888672], [538.66845703125, 113.2551498413086], [540.0084228515625, 112.32661437988281], [539.2604370117188, 113.41696166992188], [537.7372436523438, 111.87718200683594], [537.4591064453125, 113.99365997314453], [538.06640625, 113.47220611572266], [537.6592407226562, 112.79019927978516], [538.5902709960938, 112.32583618164062], [538.2665405273438, 112.49876403808594], [536.2008666992188, 114.59291076660156], [537.8971557617188, 113.5320816040039], [533.9500732421875, 112.36449432373047], [535.8546142578125, 114.14248657226562], [534.8010864257812, 111.5816421508789], [534.877197265625, 113.97415924072266], [533.87353515625, 113.8786849975586], [534.1594848632812, 113.7244873046875], [534.536865234375, 113.10293579101562], [534.1597290039062, 114.55756378173828], [533.1588134765625, 112.77217864990234], [533.9265747070312, 114.0674057006836], [534.13818359375, 111.67949676513672], [534.3294067382812, 114.38031005859375], [532.6409912109375, 113.2366714477539], [533.1754760742188, 112.30455780029297], [532.3031616210938, 112.51062774658203], [533.333740234375, 114.1094970703125], [533.8786010742188, 113.72734069824219], [531.368408203125, 113.23545837402344], [531.1093139648438, 111.40122985839844], [530.4104614257812, 113.65281677246094], [530.4146118164062, 115.02739715576172], [532.37109375, 113.24168395996094], [531.6963500976562, 112.2769775390625], [531.76416015625, 113.15172576904297], [530.3521118164062, 114.32353973388672], [531.0679931640625, 114.24691009521484], [529.2676391601562, 114.08123779296875], [529.0983276367188, 112.94068145751953], [530.4223022460938, 114.3001480102539], [530.7095336914062, 113.75352478027344], [530.8984985351562, 113.64661407470703], [528.3860473632812, 112.9892578125], [531.170166015625, 112.67591094970703], [529.7767944335938, 114.77317810058594], [530.16796875, 113.46055603027344], [527.7894287109375, 114.28500366210938], [529.3296508789062, 114.05300903320312], [528.84033203125, 114.2159194946289], [529.7586059570312, 114.55230712890625], [528.5079345703125, 112.80968475341797], [528.4839477539062, 112.1221694946289], [529.1982421875, 113.80317687988281], [529.3988647460938, 114.7278823852539], [529.6338500976562, 113.96733093261719], [528.0018920898438, 113.66792297363281], [530.2379760742188, 113.50565338134766], [530.627685546875, 114.46821594238281], [530.3822021484375, 114.40141296386719], [529.8626708984375, 114.98426818847656], [530.0316162109375, 115.5256576538086], [528.3316650390625, 113.30567932128906], [529.4418334960938, 114.6582260131836], [529.4868774414062, 112.826171875], [526.0504150390625, 114.0700454711914], [528.659912109375, 114.5403823852539], [529.102294921875, 114.14081573486328], [528.0140991210938, 114.52300262451172], [528.407958984375, 114.28551483154297]]",0.350131,mc_dropout_ade_v1,"{""method"": ""mc_dropout_ade_v1"", ""validation_ade_px"": 13.288751, ""epistemic_std_px"": 0.848866, ""estimated_ade_px"": 13.315836, ""observation_coverage"": 0.2, ""confidence_scale_px"": 100.0, ""mc_samples"": 16}",gru,[]
examples/inputs/adl-01-cam0.mp4,adl-01-cam0,19,0.6333,person_1,True,"[544.5579833984375, 112.63650512695312]","{""type"": ""polygon"", ""coordinate_system"": ""original_video_pixels"", ""points"": [[499, 57], [569, 57], [569, 171], [499, 171]]}","[[543.8920288085938, 110.69800567626953], [546.9892578125, 113.04081726074219], [545.0494995117188, 112.96692657470703], [544.4449462890625, 111.00028228759766], [544.2633666992188, 113.58600616455078], [544.9734497070312, 112.42545318603516], [545.503662109375, 113.77228546142578], [542.4663696289062, 112.4101791381836], [541.79931640625, 112.00732421875], [541.8604125976562, 113.42567443847656], [541.192626953125, 113.03817749023438], [540.4982299804688, 112.73849487304688], [540.9808349609375, 113.48748016357422], [539.950927734375, 112.9857177734375], [537.8958740234375, 113.50413513183594], [537.254150390625, 114.61701202392578], [537.63525390625, 112.45956420898438], [536.6491088867188, 113.365234375], [537.59765625, 113.52226257324219], [538.2511596679688, 114.18155670166016], [536.6778564453125, 113.39763641357422], [535.9002685546875, 114.03514862060547], [537.0831298828125, 113.16997528076172], [536.5064697265625, 114.26836395263672], [534.9168090820312, 112.75180053710938], [534.3626708984375, 114.95195007324219], [535.1817626953125, 114.28883361816406], [534.8988647460938, 113.59818267822266], [535.6807861328125, 112.97593688964844], [535.218017578125, 113.38001251220703], [533.0965576171875, 115.48717498779297], [534.7623901367188, 114.28826904296875], [530.6307373046875, 113.2314682006836], [532.3870239257812, 114.88605499267578], [531.7487182617188, 112.24051666259766], [531.7406005859375, 114.74029541015625], [530.9716796875, 114.6739273071289], [530.87255859375, 114.58039855957031], [531.5234985351562, 113.74890899658203], [530.9522094726562, 115.34648895263672], [530.1430053710938, 113.5806884765625], [530.7468872070312, 114.9504165649414], [530.72900390625, 112.33828735351562], [530.9037475585938, 115.27621459960938], [529.7550659179688, 113.84622192382812], [530.0646362304688, 112.96371459960938], [529.1387939453125, 113.22611236572266], [530.3468017578125, 114.93888854980469], [530.691650390625, 114.53034973144531], [528.0447998046875, 113.80997467041016], [527.7852172851562, 112.01471710205078], [527.1512451171875, 114.62355041503906], [527.263671875, 115.85987091064453], [529.4317626953125, 114.12945556640625], [528.506103515625, 112.95260620117188], [528.623046875, 113.81538391113281], [527.0150756835938, 114.98806762695312], [528.33642578125, 114.95503997802734], [526.39013671875, 114.75129699707031], [526.2161254882812, 113.79608154296875], [527.6963500976562, 115.04296875], [527.9805908203125, 114.56089782714844], [527.871826171875, 114.42694854736328], [525.4143676757812, 113.64928436279297], [528.1483154296875, 113.22732543945312], [526.9141235351562, 115.42213439941406], [527.3017578125, 114.34140014648438], [524.940673828125, 114.91271209716797], [526.4600830078125, 114.59187316894531], [525.9702758789062, 114.98849487304688], [526.9237060546875, 115.20075988769531], [525.8211059570312, 113.35231018066406], [525.6502075195312, 112.75103759765625], [526.5953979492188, 114.18865966796875], [526.4660034179688, 115.14192199707031], [526.625732421875, 114.49439239501953], [524.9951782226562, 114.36434173583984], [527.5264282226562, 114.09303283691406], [528.0255126953125, 114.8587875366211], [527.5775756835938, 114.93079376220703], [527.1891479492188, 115.46388244628906], [527.2344360351562, 115.9215316772461], [525.382568359375, 113.84195709228516], [526.9071044921875, 115.09233093261719], [526.72900390625, 113.32032775878906], [523.2870483398438, 114.52143096923828], [525.6210327148438, 115.14708709716797], [526.2308349609375, 114.70364379882812], [525.2138671875, 115.18214416503906], [525.6239624023438, 114.85511016845703]]",0.360788,mc_dropout_ade_v1,"{""method"": ""mc_dropout_ade_v1"", ""validation_ade_px"": 13.288751, ""epistemic_std_px"": 1.680224, ""estimated_ade_px"": 13.394553, ""observation_coverage"": 0.216667, ""confidence_scale_px"": 100.0, ""mc_samples"": 16}",gru,[]
examples/inputs/adl-01-cam0.mp4,adl-01-cam0,20,0.6667,person_1,True,"[543.2300415039062, 112.38249969482422]","{""type"": ""polygon"", ""coordinate_system"": ""original_video_pixels"", ""points"": [[495, 56], [567, 56], [567, 172], [495, 172]]}","[[542.015380859375, 110.31764221191406], [544.6446533203125, 112.57378387451172], [542.339111328125, 112.60530090332031], [541.4063110351562, 110.6251449584961], [541.4331665039062, 113.27690887451172], [541.9078369140625, 112.01107788085938], [542.3850708007812, 113.54328918457031], [539.5181884765625, 112.0281753540039], [538.9738159179688, 111.64205169677734], [539.1429443359375, 113.0216064453125], [538.4011840820312, 112.75421905517578], [537.6661987304688, 112.37971496582031], [538.2207641601562, 113.2226791381836], [537.365478515625, 112.51810455322266], [535.1646118164062, 113.0389633178711], [534.4054565429688, 114.30815124511719], [534.8812866210938, 112.12969970703125], [533.9080810546875, 112.96819305419922], [534.815673828125, 113.05412292480469], [535.3463134765625, 113.85729217529297], [533.7430419921875, 113.2269515991211], [533.06298828125, 113.61959838867188], [534.2266235351562, 112.78912353515625], [533.66357421875, 113.96373748779297], [531.881591796875, 112.30213165283203], [531.40625, 114.55231475830078], [531.97900390625, 113.91300201416016], [531.8771362304688, 113.11841583251953], [532.5555419921875, 112.63450622558594], [532.0538940429688, 112.9280776977539], [529.8411865234375, 115.18757629394531], [531.3179931640625, 113.78387451171875], [527.3716430664062, 112.81416320800781], [528.9285278320312, 114.78295135498047], [528.4260864257812, 111.97740936279297], [528.4370727539062, 114.34060668945312], [527.7084350585938, 114.3157730102539], [527.3555908203125, 114.32793426513672], [528.0836181640625, 113.51246643066406], [527.2594604492188, 115.02647399902344], [526.4727172851562, 113.24127197265625], [527.311767578125, 114.4984359741211], [527.092529296875, 112.10486602783203], [527.591796875, 114.94918823242188], [526.1832275390625, 113.739501953125], [526.5347900390625, 112.69200897216797], [525.542724609375, 112.92744445800781], [526.90087890625, 114.73055267333984], [527.1061401367188, 114.42255401611328], [524.5267944335938, 113.48194122314453], [524.1083374023438, 111.72547912597656], [523.4699096679688, 114.4527587890625], [523.6766967773438, 115.6379623413086], [525.6477661132812, 113.90001678466797], [525.0286254882812, 112.54431915283203], [524.9706420898438, 113.58753967285156], [523.6884155273438, 114.65318298339844], [524.6912231445312, 114.77588653564453], [522.6544189453125, 114.32340240478516], [522.4520263671875, 113.49736022949219], [524.2733154296875, 114.70211791992188], [524.12890625, 114.5689468383789], [524.3561401367188, 114.18224334716797], [521.714111328125, 113.34616088867188], [524.6033325195312, 113.05110931396484], [523.1279907226562, 115.1444320678711], [523.6253662109375, 114.1972427368164], [521.3596801757812, 114.59893798828125], [522.7947998046875, 114.24720001220703], [522.3690185546875, 114.73490905761719], [523.1414184570312, 114.90157318115234], [522.124755859375, 113.05925750732422], [522.1002197265625, 112.5240707397461], [522.9801025390625, 114.04796600341797], [522.8809814453125, 114.92894744873047], [523.0665893554688, 114.28202819824219], [521.3326416015625, 114.03902435302734], [523.696533203125, 113.83802795410156], [524.5606079101562, 114.60909271240234], [523.9139404296875, 114.65007781982422], [523.4129028320312, 115.30659484863281], [523.6056518554688, 115.80870819091797], [521.8262939453125, 113.63802337646484], [523.3229370117188, 114.74720764160156], [523.242919921875, 113.24649810791016], [519.3643188476562, 114.17870330810547], [521.9308471679688, 114.927978515625], [522.5355834960938, 114.56887817382812], [521.3011474609375, 115.00645446777344], [521.7255859375, 114.65485382080078]]",0.371785,mc_dropout_ade_v1,"{""method"": ""mc_dropout_ade_v1"", ""validation_ade_px"": 13.288751, ""epistemic_std_px"": 1.536844, ""estimated_ade_px"": 13.377324, ""observation_coverage"": 0.233333, ""confidence_scale_px"": 100.0, ""mc_samples"": 16}",gru,[]
examples/inputs/adl-01-cam0.mp4,adl-01-cam0,21,0.7,person_1,True,"[542.10400390625, 111.6760025024414]","{""type"": ""polygon"", ""coordinate_system"": ""original_video_pixels"", ""points"": [[491, 54], [565, 54], [565, 172], [491, 172]]}","[[540.5857543945312, 109.54226684570312], [542.7510375976562, 111.39940643310547], [540.440185546875, 111.71709442138672], [539.1660766601562, 109.75942993164062], [539.527099609375, 112.37769317626953], [539.7366943359375, 111.05624389648438], [540.248046875, 112.66577911376953], [537.6604614257812, 111.13274383544922], [537.423583984375, 110.76090240478516], [537.58349609375, 112.06383514404297], [536.88134765625, 111.83477783203125], [535.8739013671875, 111.33021545410156], [536.4911499023438, 112.22986602783203], [536.0172119140625, 111.5881118774414], [533.6151123046875, 111.85359954833984], [532.6110229492188, 113.29280853271484], [533.3704833984375, 111.11305236816406], [532.4848022460938, 111.95130920410156], [533.4857788085938, 111.97393035888672], [533.8037109375, 112.87808227539062], [532.432861328125, 112.47662353515625], [531.6387939453125, 112.55464935302734], [532.7685546875, 111.75688171386719], [532.125244140625, 113.012939453125], [530.2655639648438, 111.15967559814453], [530.0569458007812, 113.39669799804688], [530.1497192382812, 112.88182830810547], [530.1528930664062, 111.93203735351562], [530.8103637695312, 111.79605102539062], [530.3341064453125, 111.7398681640625], [528.116455078125, 114.21560668945312], [529.42529296875, 112.65180969238281], [525.7772216796875, 111.70143127441406], [527.232666015625, 114.11911010742188], [526.5888061523438, 111.12086486816406], [526.7506103515625, 113.29289245605469], [525.736328125, 113.33865356445312], [525.4439086914062, 113.38618469238281], [526.0177612304688, 112.77055358886719], [525.1625366210938, 114.07955169677734], [524.1917114257812, 112.23269653320312], [525.5554809570312, 113.38265991210938], [525.1575317382812, 111.35322570800781], [525.997802734375, 113.84249877929688], [523.8975219726562, 113.14427947998047], [524.4654541015625, 111.91411590576172], [523.5056762695312, 112.05950164794922], [524.7689208984375, 113.86239624023438], [525.0505981445312, 113.67789459228516], [522.66015625, 112.72126770019531], [522.0386962890625, 110.90628051757812], [521.38720703125, 113.48462677001953], [521.5673828125, 114.70796966552734], [523.1909790039062, 112.94551086425781], [523.0834350585938, 111.5288314819336], [522.7838745117188, 112.8075942993164], [521.9398803710938, 113.70796966552734], [522.121337890625, 114.04049682617188], [520.2236938476562, 113.327880859375], [520.024169921875, 112.45657348632812], [522.0020141601562, 113.7071762084961], [521.3889770507812, 113.94853973388672], [522.2595825195312, 113.2203140258789], [519.3681640625, 112.45059967041016], [522.412841796875, 112.372314453125], [520.6192626953125, 114.30963134765625], [521.1403198242188, 113.31633758544922], [519.05810546875, 113.70369720458984], [520.313720703125, 113.35791015625], [520.056884765625, 113.85826110839844], [520.5084838867188, 113.99365234375], [519.5062255859375, 112.1590805053711], [519.7492065429688, 111.7032699584961], [520.3883666992188, 113.5585708618164], [520.5372314453125, 114.30052185058594], [520.777099609375, 113.62635803222656], [518.9931640625, 113.10435485839844], [520.8883666992188, 113.00138092041016], [522.0633544921875, 113.96292877197266], [521.3485107421875, 113.8617172241211], [520.6240844726562, 114.67916107177734], [521.0321044921875, 115.33806610107422], [519.4345703125, 112.94685363769531], [520.6401977539062, 113.98147583007812], [520.8766479492188, 112.7762451171875], [516.5764770507812, 113.3842544555664], [519.5384521484375, 114.17504119873047], [520.0316162109375, 113.91790008544922], [518.5022583007812, 114.25956726074219], [518.8421630859375, 113.938232421875]]",0.382629,mc_dropout_ade_v1,"{""method"": ""mc_dropout_ade_v1"", ""validation_ade_px"": 13.288751, ""epistemic_std_px"": 1.731402, ""estimated_ade_px"": 13.401069, ""observation_coverage"": 0.25, ""confidence_scale_px"": 100.0, ""mc_samples"": 16}",gru,[]
examples/inputs/adl-01-cam0.mp4,adl-01-cam0,22,0.7333,person_1,True,"[541.2379760742188, 111.14500427246094]","{""type"": ""polygon"", ""coordinate_system"": ""original_video_pixels"", ""points"": [[490, 53], [566, 53], [566, 171], [490, 171]]}","[[539.8989868164062, 108.97562408447266], [541.9984130859375, 110.58990478515625], [539.88330078125, 111.0896987915039], [538.5454711914062, 109.1846923828125], [538.9893188476562, 111.71852111816406], [539.1375122070312, 110.39715576171875], [539.6946411132812, 111.9228744506836], [537.2568359375, 110.47286224365234], [537.217529296875, 110.17179870605469], [537.3074340820312, 111.35997009277344], [536.586181640625, 111.14295959472656], [535.3206176757812, 110.53827667236328], [535.906982421875, 111.44304656982422], [535.6591796875, 110.99574279785156], [533.0782470703125, 110.9983139038086], [532.0296020507812, 112.471923828125], [532.8604125976562, 110.29325103759766], [532.172119140625, 111.21014404296875], [533.1726684570312, 111.23170471191406], [533.3782348632812, 112.19551849365234], [532.1971435546875, 111.85213470458984], [531.236328125, 111.75438690185547], [532.2550659179688, 111.02690124511719], [531.48828125, 112.30908966064453], [529.8482055664062, 110.3456802368164], [529.6923828125, 112.53939819335938], [529.520751953125, 112.10786437988281], [529.414794921875, 111.06744384765625], [530.1334838867188, 111.25192260742188], [529.6273803710938, 110.9167709350586], [527.4779052734375, 113.48888397216797], [528.7520751953125, 111.90603637695312], [525.2101440429688, 110.96488189697266], [526.7764892578125, 113.55523681640625], [525.887939453125, 110.40409851074219], [526.2361450195312, 112.57130432128906], [524.879150390625, 112.66706085205078], [524.784423828125, 112.69741821289062], [525.0961303710938, 112.2518539428711], [524.5350341796875, 113.37472534179688], [523.280517578125, 111.54637908935547], [525.0830688476562, 112.74645233154297], [524.575439453125, 110.83918762207031], [525.4535522460938, 113.0151596069336], [522.9586791992188, 112.66311645507812], [523.7039794921875, 111.45819854736328], [522.8081665039062, 111.5152359008789], [523.7608032226562, 113.23638916015625], [524.283935546875, 113.04391479492188], [522.0861206054688, 112.26006317138672], [521.2533569335938, 110.35579681396484], [520.677490234375, 112.70964050292969], [520.7467041015625, 113.95767211914062], [522.182861328125, 112.25786590576172], [522.3106689453125, 110.85095977783203], [521.9300537109375, 112.27680969238281], [521.24072265625, 113.03478240966797], [520.792236328125, 113.56948852539062], [519.2709350585938, 112.72808074951172], [519.111328125, 111.71525573730469], [520.8721313476562, 113.02230834960938], [520.1573486328125, 113.36880493164062], [521.390625, 112.44110870361328], [518.3744506835938, 111.746337890625], [521.4448852539062, 111.85542297363281], [519.5860595703125, 113.72483825683594], [519.9655151367188, 112.6686019897461], [518.1710815429688, 113.0781021118164], [519.1035766601562, 112.75069427490234], [519.1056518554688, 113.30645751953125], [519.31787109375, 113.32350158691406], [518.253173828125, 111.45001220703125], [518.6522216796875, 111.08560943603516], [519.0890502929688, 113.1976318359375], [519.3921508789062, 113.8121337890625], [519.6603393554688, 113.23074340820312], [517.9694213867188, 112.51052856445312], [519.5303344726562, 112.31045532226562], [520.7723388671875, 113.52200317382812], [520.094482421875, 113.34029388427734], [519.13427734375, 114.15042877197266], [519.6423950195312, 115.01129150390625], [518.1315307617188, 112.43143463134766], [519.2540893554688, 113.4730224609375], [519.7529907226562, 112.45037078857422], [515.3365478515625, 112.8122329711914], [518.43994140625, 113.67872619628906], [518.8551635742188, 113.39933013916016], [517.1882934570312, 113.67713165283203], [517.3590698242188, 113.43445587158203]]",0.393392,mc_dropout_ade_v1,"{""method"": ""mc_dropout_ade_v1"", ""validation_ade_px"": 13.288751, ""epistemic_std_px"": 2.037119, ""estimated_ade_px"": 13.443986, ""observation_coverage"": 0.266667, ""confidence_scale_px"": 100.0, ""mc_samples"": 16}",gru,[]
examples/inputs/adl-01-cam0.mp4,adl-01-cam0,23,0.7667,person_1,True,"[540.5180053710938, 110.56000518798828]","{""type"": ""polygon"", ""coordinate_system"": ""original_video_pixels"", ""points"": [[488, 53], [567, 53], [567, 170], [488, 170]]}","[[539.5800170898438, 108.37483215332031], [541.802490234375, 109.79778289794922], [539.9544677734375, 110.4856185913086], [538.6615600585938, 108.58499145507812], [539.1508178710938, 111.03203582763672], [539.2527465820312, 109.75365447998047], [539.8407592773438, 111.12226104736328], [537.4769897460938, 109.7787094116211], [537.6251831054688, 109.54719543457031], [537.636474609375, 110.62745666503906], [536.9015502929688, 110.43390655517578], [535.3589477539062, 109.71710205078125], [535.9019165039062, 110.57483673095703], [535.7532348632812, 110.3707504272461], [533.0679321289062, 110.10404205322266], [532.022216796875, 111.63522338867188], [532.7940673828125, 109.43930053710938], [532.3709716796875, 110.4774169921875], [533.3941040039062, 110.47126770019531], [533.51513671875, 111.512451171875], [532.4974365234375, 111.17582702636719], [531.3662719726562, 110.95333099365234], [532.2086791992188, 110.2821044921875], [531.3588256835938, 111.62089538574219], [530.01806640625, 109.58477020263672], [529.8672485351562, 111.66574096679688], [529.4774780273438, 111.3171615600586], [529.246337890625, 110.21905517578125], [530.0320434570312, 110.69756317138672], [529.4384155273438, 110.13102722167969], [527.4334106445312, 112.76201629638672], [528.73828125, 111.18006896972656], [525.2142944335938, 110.23187255859375], [526.87255859375, 112.92186737060547], [525.7601318359375, 109.6395263671875], [526.3277587890625, 111.85208129882812], [524.5761108398438, 111.98096466064453], [524.7199096679688, 111.97938537597656], [524.790771484375, 111.69420623779297], [524.639892578125, 112.63908386230469], [523.0421752929688, 110.84514617919922], [525.3192138671875, 112.14593505859375], [524.70849609375, 110.29090881347656], [525.4850463867188, 112.15996551513672], [522.6923828125, 112.11770629882812], [523.58154296875, 110.9674301147461], [522.7591552734375, 110.96928405761719], [523.3682250976562, 112.58151245117188], [524.163818359375, 112.38363647460938], [522.175537109375, 111.79637145996094], [521.1344604492188, 109.74510955810547], [520.6152954101562, 111.8476333618164], [520.547119140625, 113.1660385131836], [521.89453125, 111.5383529663086], [522.1476440429688, 110.13802337646484], [521.7181396484375, 111.68716430664062], [521.1041259765625, 112.32940673828125], [520.0588989257812, 113.068603515625], [518.9735107421875, 112.1397476196289], [518.8526611328125, 110.9825210571289], [520.3756103515625, 112.31275939941406], [519.6602783203125, 112.69404602050781], [521.1683959960938, 111.62480926513672], [518.0701293945312, 110.97406768798828], [521.0856323242188, 111.25907897949219], [519.1917114257812, 113.10863494873047], [519.461181640625, 111.98150634765625], [517.921875, 112.40970611572266], [518.5409545898438, 112.15304565429688], [518.7479248046875, 112.75596618652344], [518.7656860351562, 112.6216812133789], [517.6181640625, 110.6527099609375], [518.1641845703125, 110.4175033569336], [518.3810424804688, 112.79206085205078], [518.7984619140625, 113.28295135498047], [519.1514892578125, 112.89425659179688], [517.5469970703125, 111.92411804199219], [518.7724609375, 111.58380889892578], [520.0010986328125, 113.04618835449219], [519.4722290039062, 112.78582763671875], [518.2630615234375, 113.56790161132812], [518.8164672851562, 114.61347198486328], [517.3275756835938, 111.85938262939453], [518.4693603515625, 112.91886138916016], [519.2252197265625, 112.09058380126953], [514.72412109375, 112.17342376708984], [517.9366455078125, 113.1579360961914], [518.2421264648438, 112.82186889648438], [516.5403442382812, 113.083740234375], [516.4887084960938, 112.8922348022461]]",0.404466,mc_dropout_ade_v1,"{""method"": ""mc_dropout_ade_v1"", ""validation_ade_px"": 13.288751, ""epistemic_std_px"": 1.78326, ""estimated_ade_px"": 13.407868, ""observation_coverage"": 0.283333, ""confidence_scale_px"": 100.0, ""mc_samples"": 16}",gru,[]
examples/inputs/adl-01-cam0.mp4,adl-01-cam0,24,0.8,person_1,True,"[540.1325073242188, 109.96800231933594]","{""type"": ""polygon"", ""coordinate_system"": ""original_video_pixels"", ""points"": [[486, 52], [568, 52], [568, 171], [486, 171]]}","[[539.6236572265625, 107.85037994384766], [541.9780883789062, 109.12548828125], [540.3657836914062, 109.92909240722656], [539.4601440429688, 108.13107299804688], [539.643310546875, 110.37146759033203], [539.9979248046875, 109.29217529296875], [540.4890747070312, 110.49431610107422], [538.1663818359375, 109.13566589355469], [538.2685546875, 108.9373550415039], [538.3157958984375, 110.00961303710938], [537.5877075195312, 109.72535705566406], [535.9047241210938, 108.98609161376953], [536.3113403320312, 109.66923522949219], [536.163330078125, 109.71538543701172], [533.6603393554688, 109.30933380126953], [532.5878295898438, 110.75132751464844], [533.1513671875, 108.47470092773438], [533.0449829101562, 109.70346069335938], [534.0950317382812, 109.69084930419922], [534.281005859375, 110.71878051757812], [533.349853515625, 110.36325073242188], [532.020263671875, 110.26951599121094], [532.4923095703125, 109.66535949707031], [531.8886108398438, 110.94085693359375], [530.8536376953125, 108.93351745605469], [530.4635620117188, 110.83605194091797], [530.0919799804688, 110.4520034790039], [529.8561401367188, 109.39540100097656], [530.4717407226562, 110.06309509277344], [529.86572265625, 109.35502624511719], [528.1674194335938, 111.96179962158203], [529.2711181640625, 110.49505615234375], [526.044921875, 109.5696029663086], [527.667724609375, 112.07122039794922], [526.3157348632812, 108.91297149658203], [527.1350708007812, 111.11097717285156], [525.00439453125, 111.1723403930664], [525.2947998046875, 111.16621398925781], [525.29296875, 111.06803131103516], [525.7341918945312, 111.86759185791016], [523.7664184570312, 110.09886169433594], [526.3836059570312, 111.62519073486328], [525.5890502929688, 109.67191314697266], [526.0606689453125, 111.21923065185547], [523.484130859375, 111.4056396484375], [524.4580078125, 110.37032318115234], [523.743896484375, 110.3353271484375], [523.8265380859375, 111.73201751708984], [524.8689575195312, 111.60775756835938], [523.0503540039062, 111.34053802490234], [522.0064697265625, 109.1502914428711], [521.7095947265625, 110.85975646972656], [521.3596801757812, 112.15237426757812], [522.5254516601562, 110.69674682617188], [522.8710327148438, 109.51686096191406], [522.3831787109375, 111.00879669189453], [521.8441162109375, 111.40105438232422], [520.2919311523438, 112.3451919555664], [519.7678833007812, 111.38713836669922], [519.6372680664062, 110.23358917236328], [521.00439453125, 111.33193969726562], [520.2872314453125, 111.81521606445312], [521.7649536132812, 110.72318267822266], [518.704345703125, 110.11776733398438], [521.6265258789062, 110.45883178710938], [519.8269653320312, 112.4526596069336], [519.9066772460938, 111.251953125], [518.6299438476562, 111.68942260742188], [519.0288696289062, 111.3963623046875], [519.4950561523438, 112.25818634033203], [519.3014526367188, 111.78160095214844], [518.1785888671875, 109.73151397705078], [518.66162109375, 109.79462432861328], [518.6409301757812, 112.07080078125], [519.0968017578125, 112.52843475341797], [519.46240234375, 112.4164047241211], [518.146240234375, 111.38101196289062], [518.9835205078125, 110.7225570678711], [520.0742797851562, 112.45098114013672], [519.6867065429688, 112.18959045410156], [518.51806640625, 112.86642456054688], [518.87255859375, 113.9212646484375], [517.3760986328125, 111.37823486328125], [518.53564453125, 112.24336242675781], [519.7153930664062, 111.63697052001953], [515.1849365234375, 111.46895599365234], [518.3353881835938, 112.51194763183594], [518.7122802734375, 112.1706771850586], [517.031494140625, 112.36688995361328], [516.8275756835938, 112.32969665527344]]",0.415372,mc_dropout_ade_v1,"{""method"": ""mc_dropout_ade_v1"", ""validation_ade_px"": 13.288751, ""epistemic_std_px"": 1.828419, ""estimated_ade_px"": 13.413949, ""observation_coverage"": 0.3, ""confidence_scale_px"": 100.0, ""mc_samples"": 16}",gru,[]
examples/inputs/adl-01-cam0.mp4,adl-01-cam0,25,0.8333,person_1,True,"[539.2465209960938, 109.38399505615234]","{""type"": ""polygon"", ""coordinate_system"": ""original_video_pixels"", ""points"": [[484, 51], [568, 51], [568, 171], [484, 171]]}","[[538.5435180664062, 107.16827392578125], [540.7098388671875, 108.48184967041016], [538.717041015625, 109.27584838867188], [537.9144287109375, 107.5287094116211], [537.8492431640625, 109.70967864990234], [538.2495727539062, 108.67191314697266], [538.6775512695312, 109.85798645019531], [536.4876708984375, 108.31829833984375], [536.57373046875, 108.3152084350586], [536.8341064453125, 109.25697326660156], [535.9556274414062, 109.01053619384766], [534.1295776367188, 108.31470489501953], [534.6215209960938, 108.97554779052734], [534.6156005859375, 108.92469787597656], [531.9481201171875, 108.53565216064453], [530.83349609375, 109.82026672363281], [531.4135131835938, 107.58959197998047], [531.423095703125, 108.80792236328125], [532.2938232421875, 108.81920623779297], [532.5578002929688, 109.90237426757812], [531.5535888671875, 109.64250183105469], [530.0680541992188, 109.48279571533203], [530.5628662109375, 108.93319702148438], [529.960205078125, 110.1588134765625], [529.0569458007812, 108.06375122070312], [528.3416748046875, 109.92642974853516], [528.098876953125, 109.46509552001953], [527.7916259765625, 108.55033874511719], [528.2783813476562, 109.31644439697266], [527.6177368164062, 108.60099029541016], [525.9786376953125, 111.05257415771484], [526.7962646484375, 109.70067596435547], [523.8776245117188, 108.8685531616211], [525.5452270507812, 111.30802917480469], [523.973876953125, 108.24935150146484], [524.8534545898438, 110.41658020019531], [522.7952880859375, 110.34092712402344], [522.9490356445312, 110.468505859375], [522.8562622070312, 110.44123077392578], [523.609375, 111.0628662109375], [521.466064453125, 109.45330047607422], [524.1438598632812, 111.03063201904297], [523.3162231445312, 109.06549835205078], [523.6430053710938, 110.51608276367188], [521.2667846679688, 110.79810333251953], [522.2784423828125, 109.8238754272461], [521.47509765625, 109.7641830444336], [521.4219360351562, 111.07190704345703], [522.4804077148438, 110.93136596679688], [520.8042602539062, 110.78333282470703], [519.6546630859375, 108.6736068725586], [519.5361328125, 110.17678833007812], [519.14111328125, 111.36687469482422], [519.975830078125, 110.07808685302734], [520.4785766601562, 108.99822235107422], [519.9586181640625, 110.4956283569336], [519.7570190429688, 110.68608093261719], [517.7080688476562, 111.8366470336914], [517.4317016601562, 110.69573211669922], [517.2492065429688, 109.68092346191406], [518.6651000976562, 110.55399322509766], [517.8170166015625, 111.20435333251953], [519.2186889648438, 110.09325408935547], [516.1214599609375, 109.37462615966797], [519.2300415039062, 109.87987518310547], [517.3472900390625, 111.9051513671875], [517.4208984375, 110.88150024414062], [516.3753051757812, 111.1731185913086], [516.4925537109375, 110.87039947509766], [517.1974487304688, 111.89151000976562], [516.96240234375, 111.1928482055664], [515.83544921875, 109.19346618652344], [516.296142578125, 109.44563293457031], [516.098388671875, 111.47427368164062], [516.5358276367188, 111.95915222167969], [516.9503784179688, 112.02925872802734], [515.76123046875, 111.0063247680664], [516.3670043945312, 110.04016876220703], [517.5515747070312, 111.9570541381836], [517.1497802734375, 111.77823638916016], [515.8607788085938, 112.33961486816406], [516.2451782226562, 113.47621154785156], [514.7401733398438, 111.0093765258789], [516.031005859375, 111.62677764892578], [517.4552612304688, 111.26834869384766], [512.5888061523438, 110.84942626953125], [515.8088989257812, 112.06287384033203], [516.2417602539062, 111.7525863647461], [514.51904296875, 111.78849792480469], [514.3020629882812, 111.97911834716797]]",0.426374,mc_dropout_ade_v1,"{""method"": ""mc_dropout_ade_v1"", ""validation_ade_px"": 13.288751, ""epistemic_std_px"": 1.701894, ""estimated_ade_px"": 13.397289, ""observation_coverage"": 0.316667, ""confidence_scale_px"": 100.0, ""mc_samples"": 16}",gru,[]
examples/inputs/adl-01-cam0.mp4,adl-01-cam0,26,0.8667,person_1,True,"[537.9175415039062, 109.1205062866211]","{""type"": ""polygon"", ""coordinate_system"": ""original_video_pixels"", ""points"": [[479, 51], [565, 51], [565, 172], [479, 172]]}","[[536.6241455078125, 106.76425170898438], [538.4196166992188, 108.21160125732422], [535.9383544921875, 108.92566680908203], [534.8489990234375, 107.15843963623047], [534.7606201171875, 109.46817779541016], [535.0178833007812, 108.29742431640625], [535.4426879882812, 109.5517349243164], [533.3777465820312, 107.91236877441406], [533.4873046875, 108.04381561279297], [533.9154052734375, 108.84879302978516], [532.8698120117188, 108.75997161865234], [531.0233154296875, 108.08024597167969], [531.6039428710938, 108.88924407958984], [531.7025146484375, 108.57520294189453], [528.763671875, 108.30052947998047], [527.5225219726562, 109.44288635253906], [528.2952880859375, 107.30999755859375], [528.121826171875, 108.37213134765625], [528.7713012695312, 108.44823455810547], [529.0331420898438, 109.61736297607422], [527.9447021484375, 109.4643783569336], [526.3244018554688, 109.1324691772461], [527.1491088867188, 108.62646484375], [526.3425903320312, 109.85624694824219], [525.3425903320312, 107.6112060546875], [524.4182739257812, 109.58053588867188], [524.2543334960938, 109.0378189086914], [523.8076782226562, 108.28622436523438], [524.3570556640625, 108.9875717163086], [523.6231079101562, 108.3488540649414], [521.7930908203125, 110.65460968017578], [522.4019775390625, 109.37576293945312], [519.4990234375, 108.63059997558594], [521.365478515625, 111.18927001953125], [519.6907348632812, 108.07125854492188], [520.3963012695312, 110.27037048339844], [518.661865234375, 110.02767944335938], [518.592529296875, 110.35370635986328], [518.38134765625, 110.19436645507812], [519.0419311523438, 110.77069091796875], [517.0588989257812, 109.32112884521484], [519.4998168945312, 110.78034210205078], [518.7857055664062, 108.84675598144531], [519.1066284179688, 110.49298858642578], [516.808349609375, 110.64413452148438], [517.717529296875, 109.70496368408203], [516.7830810546875, 109.59642028808594], [517.0000610351562, 111.0025405883789], [517.7592163085938, 110.76673889160156], [516.2008056640625, 110.5591812133789], [514.991943359375, 108.60145568847656], [514.8658447265625, 110.21448516845703], [514.6638793945312, 111.30976867675781], [515.2132568359375, 110.0766372680664], [515.8876342773438, 108.9591293334961], [515.3092041015625, 110.44857025146484], [515.4293212890625, 110.62516021728516], [513.3390502929688, 111.8701171875], [512.8313598632812, 110.46763610839844], [512.6636352539062, 109.6493148803711], [514.1732177734375, 110.45097351074219], [513.0922241210938, 111.22199249267578], [514.5111083984375, 110.17373657226562], [511.3552551269531, 109.24185943603516], [514.7893676757812, 109.88790130615234], [512.6952514648438, 111.81988525390625], [513.0192260742188, 111.05980682373047], [511.9630126953125, 111.19474792480469], [511.8309631347656, 110.89222717285156], [512.6946411132812, 111.86407470703125], [512.56298828125, 111.2047119140625], [511.47662353515625, 109.30614471435547], [511.93536376953125, 109.59506225585938], [511.8017578125, 111.38932800292969], [512.1595458984375, 111.95525360107422], [512.452880859375, 111.97816467285156], [511.3996276855469, 111.02508544921875], [511.9110412597656, 109.91325378417969], [513.2826538085938, 111.79340362548828], [512.7647094726562, 111.74112701416016], [511.3475646972656, 112.25272369384766], [511.9540710449219, 113.5430679321289], [510.3979187011719, 110.97746276855469], [511.82733154296875, 111.47614288330078], [513.1329956054688, 111.16956329345703], [507.9782409667969, 110.68427276611328], [511.2942199707031, 112.02558135986328], [511.7455749511719, 111.78682708740234], [510.0199279785156, 111.69355773925781], [509.8282775878906, 112.03179931640625]]",0.437165,mc_dropout_ade_v1,"{""method"": ""mc_dropout_ade_v1"", ""validation_ade_px"": 13.288751, ""epistemic_std_px"": 1.9407, ""estimated_ade_px"": 13.429714, ""observation_coverage"": 0.333333, ""confidence_scale_px"": 100.0, ""mc_samples"": 16}",gru,[]
examples/inputs/adl-01-cam0.mp4,adl-01-cam0,27,0.9,person_1,True,"[536.60400390625, 109.0459976196289]","{""type"": ""polygon"", ""coordinate_system"": ""original_video_pixels"", ""points"": [[476, 51], [565, 51], [565, 171], [476, 171]]}","[[534.9298706054688, 106.6233901977539], [536.49609375, 108.11406707763672], [533.8468017578125, 108.83943176269531], [532.4163818359375, 107.03426361083984], [532.3389282226562, 109.4847183227539], [532.5556640625, 108.14755249023438], [532.8544311523438, 109.47220611572266], [530.81298828125, 107.81847381591797], [530.87939453125, 107.9484634399414], [531.43603515625, 108.66442108154297], [530.2366943359375, 108.77179718017578], [528.387451171875, 108.01651763916016], [528.895751953125, 108.96622467041016], [528.9930419921875, 108.52485656738281], [525.8714599609375, 108.32501220703125], [524.5587768554688, 109.41783142089844], [525.3421020507812, 107.24984741210938], [525.0614624023438, 108.26905822753906], [525.5196533203125, 108.38336944580078], [525.7733154296875, 109.63836669921875], [524.6908569335938, 109.4908676147461], [522.9285888671875, 109.0758056640625], [523.8662109375, 108.64872741699219], [522.9196166992188, 109.9063720703125], [521.8289794921875, 107.52758026123047], [520.791748046875, 109.57735443115234], [520.6133422851562, 108.98583221435547], [520.0918579101562, 108.30348205566406], [520.7337036132812, 109.00262451171875], [519.8706665039062, 108.34137725830078], [517.8409423828125, 110.66781616210938], [518.4367065429688, 109.3690185546875], [515.3709106445312, 108.6509017944336], [517.2482299804688, 111.39109802246094], [515.7333984375, 108.11202239990234], [516.2926025390625, 110.37813568115234], [514.6588134765625, 110.04708862304688], [514.4658203125, 110.45668029785156], [514.1793212890625, 110.20284271240234], [514.7447509765625, 110.80464172363281], [512.8861694335938, 109.40203857421875], [515.1792602539062, 110.86238098144531], [514.4453735351562, 108.83573913574219], [514.7704467773438, 110.6613998413086], [512.5466918945312, 110.68350219726562], [513.2373657226562, 109.80601501464844], [512.3582153320312, 109.619384765625], [512.7564697265625, 111.16788482666016], [513.2811279296875, 110.85810089111328], [511.7917175292969, 110.60863494873047], [510.5653076171875, 108.6767578125], [510.37249755859375, 110.48655700683594], [510.3236389160156, 111.57422637939453], [510.80181884765625, 110.24939727783203], [511.5450439453125, 109.06790161132812], [510.9343566894531, 110.55352783203125], [511.05078125, 110.75362396240234], [509.1714782714844, 112.06306457519531], [508.471435546875, 110.50108337402344], [508.33758544921875, 109.7757797241211], [509.9041748046875, 110.5776138305664], [508.671630859375, 111.45359802246094], [510.0971374511719, 110.38433837890625], [506.90325927734375, 109.32270812988281], [510.61236572265625, 110.01292419433594], [508.3819274902344, 111.9495620727539], [508.79888916015625, 111.3016128540039], [507.68780517578125, 111.40337371826172], [507.38104248046875, 111.01386260986328], [508.39990234375, 111.97281646728516], [508.240478515625, 111.33141326904297], [507.3304443359375, 109.41394805908203], [507.7163391113281, 109.74746704101562], [507.77386474609375, 111.41940307617188], [508.00018310546875, 112.12435150146484], [508.1097106933594, 112.06548309326172], [507.2025451660156, 111.11490631103516], [507.63067626953125, 109.97527313232422], [509.0771789550781, 111.72299194335938], [508.51727294921875, 111.8016128540039], [507.0971984863281, 112.27806091308594], [507.7130126953125, 113.717529296875], [506.1620788574219, 111.06221008300781], [507.7577209472656, 111.48857116699219], [508.8202209472656, 111.2193832397461], [503.68316650390625, 110.68209075927734], [506.9155578613281, 112.07917022705078], [507.4085998535156, 111.94269561767578], [505.7769470214844, 111.80464172363281], [505.4288024902344, 112.1791763305664]]",0.448345,mc_dropout_ade_v1,"{""method"": ""mc_dropout_ade_v1"", ""validation_ade_px"": 13.288751, ""epistemic_std_px"": 1.504872, ""estimated_ade_px"": 13.373688, ""observation_coverage"": 0.35, ""confidence_scale_px"": 100.0, ""mc_samples"": 16}",gru,[]
examples/inputs/adl-01-cam0.mp4,adl-01-cam0,28,0.9333,person_1,True,"[536.0040283203125, 109.06600189208984]","{""type"": ""polygon"", ""coordinate_system"": ""original_video_pixels"", ""points"": [[475, 51], [565, 51], [565, 170], [475, 170]]}","[[534.6321411132812, 106.78805541992188], [536.3703002929688, 108.18991088867188], [534.2213134765625, 109.04554748535156], [532.7460327148438, 107.21820068359375], [532.6806030273438, 109.68927001953125], [533.07861328125, 108.35275268554688], [533.2164306640625, 109.59947204589844], [531.0615844726562, 108.11904907226562], [531.0034790039062, 108.00621032714844], [531.4989624023438, 108.84467315673828], [530.3421630859375, 109.02214050292969], [528.5913696289062, 108.10104370117188], [528.80029296875, 108.99530792236328], [528.5819091796875, 108.80200958251953], [525.7845458984375, 108.55950927734375], [524.44384765625, 109.72655487060547], [524.8883666992188, 107.34221649169922], [524.7537841796875, 108.54085540771484], [525.2799682617188, 108.63399505615234], [525.5111083984375, 109.93172454833984], [524.5662841796875, 109.61802673339844], [522.66845703125, 109.37374114990234], [523.2728881835938, 109.00862884521484], [522.5446166992188, 110.31975555419922], [521.488525390625, 107.96870422363281], [520.4439086914062, 109.945556640625], [520.172119140625, 109.32893371582031], [519.7227783203125, 108.59952545166016], [520.3738403320312, 109.30397033691406], [519.3748779296875, 108.5671157836914], [517.4657592773438, 111.0654296875], [518.1951293945312, 109.71649169921875], [514.8685913085938, 108.91403198242188], [516.6035766601562, 111.6976089477539], [515.3238525390625, 108.2580337524414], [515.95703125, 110.63444519042969], [513.97119140625, 110.31749725341797], [513.8973388671875, 110.64930725097656], [513.6480102539062, 110.3558578491211], [514.3890991210938, 111.10287475585938], [512.5328979492188, 109.558837890625], [514.9551391601562, 111.2146987915039], [513.9995727539062, 108.96110534667969], [514.1173095703125, 110.7876205444336], [512.0823974609375, 110.72825622558594], [512.5655517578125, 109.95001983642578], [511.9472351074219, 109.72320556640625], [512.1659545898438, 111.33364868164062], [512.6535034179688, 111.0516128540039], [511.2085266113281, 110.90266418457031], [510.13922119140625, 108.70230102539062], [509.86859130859375, 110.630126953125], [509.7454833984375, 111.80879974365234], [510.4245300292969, 110.3839340209961], [511.09759521484375, 109.2008285522461], [510.4113464355469, 110.59442138671875], [510.22015380859375, 110.8023681640625], [508.7288818359375, 112.16699981689453], [508.1147766113281, 110.6188735961914], [508.043212890625, 109.91767120361328], [509.5183410644531, 110.69413757324219], [508.2597351074219, 111.57600402832031], [509.7225646972656, 110.52027893066406], [506.5464172363281, 109.46548461914062], [510.1388244628906, 109.99730682373047], [507.9954528808594, 112.1221923828125], [508.4213562011719, 111.32441711425781], [507.174072265625, 111.48736572265625], [506.8362731933594, 111.03795623779297], [507.9354248046875, 112.08512115478516], [507.6490783691406, 111.36663818359375], [506.95556640625, 109.20484161376953], [507.1871643066406, 109.71017456054688], [507.46533203125, 111.42386627197266], [507.5259094238281, 112.19684600830078], [507.4211730957031, 112.19661712646484], [506.8011169433594, 111.1594009399414], [507.03076171875, 110.00093078613281], [508.30084228515625, 111.62902069091797], [507.90496826171875, 111.7408447265625], [506.6838684082031, 112.24305725097656], [507.08148193359375, 113.67253112792969], [505.4471435546875, 111.09912872314453], [507.1712646484375, 111.5540771484375], [508.1394958496094, 111.26712799072266], [503.2950439453125, 110.69036865234375], [506.3042297363281, 112.03388214111328], [506.8498840332031, 111.9332504272461], [505.42926025390625, 111.94066619873047], [504.793701171875, 112.20115661621094]]",0.459289,mc_dropout_ade_v1,"{""method"": ""mc_dropout_ade_v1"", ""validation_ade_px"": 13.288751, ""epistemic_std_px"": 1.488336, ""estimated_ade_px"": 13.371838, ""observation_coverage"": 0.366667, ""confidence_scale_px"": 100.0, ""mc_samples"": 16}",gru,[]
examples/inputs/adl-01-cam0.mp4,adl-01-cam0,29,0.9667,person_1,True,"[535.8245239257812, 109.12200927734375]","{""type"": ""polygon"", ""coordinate_system"": ""original_video_pixels"", ""points"": [[477, 52], [563, 52], [563, 170], [477, 170]]}","[[534.8980102539062, 107.07296752929688], [536.9052124023438, 108.42430877685547], [535.3279418945312, 109.35733032226562], [534.00146484375, 107.5364761352539], [533.9540405273438, 109.97311401367188], [534.58984375, 108.74549865722656], [534.6178588867188, 109.85680389404297], [532.359375, 108.58863830566406], [532.1437377929688, 108.1644515991211], [532.5318603515625, 109.24810028076172], [531.54248046875, 109.38584899902344], [530.0258178710938, 108.33653259277344], [529.9246826171875, 109.0665054321289], [529.2197265625, 109.19513702392578], [527.04638671875, 108.9291000366211], [525.6858520507812, 110.18016815185547], [525.6966552734375, 107.57478332519531], [525.7837524414062, 108.98351287841797], [526.5228271484375, 109.02745056152344], [526.7153930664062, 110.34943389892578], [525.8947143554688, 109.8148193359375], [523.9133911132812, 109.86141967773438], [524.0873413085938, 109.5105972290039], [523.7810668945312, 110.88146209716797], [522.8097534179688, 108.656005859375], [521.7321166992188, 110.49728393554688], [521.431640625, 109.83556365966797], [521.1334228515625, 109.040283203125], [521.6666259765625, 109.67720794677734], [520.5931396484375, 108.9663314819336], [518.9984741210938, 111.58761596679688], [519.8120727539062, 110.22016143798828], [516.2900390625, 109.30989074707031], [517.8831787109375, 111.98587036132812], [516.751220703125, 108.47330474853516], [517.5330810546875, 110.96302032470703], [515.1766357421875, 110.6641616821289], [515.2410888671875, 110.91451263427734], [515.1353759765625, 110.55309295654297], [516.151611328125, 111.48986053466797], [514.3277587890625, 109.76728820800781], [516.9076538085938, 111.63678741455078], [515.69189453125, 109.15987396240234], [515.4739379882812, 110.93034362792969], [513.7725219726562, 110.75458526611328], [514.1311645507812, 110.0652084350586], [513.744140625, 109.88734436035156], [513.6881713867188, 111.50436401367188], [514.1978759765625, 111.28507995605469], [512.764892578125, 111.24706268310547], [511.9396057128906, 108.70561981201172], [511.6048583984375, 110.7314224243164], [511.3588562011719, 111.96188354492188], [512.267333984375, 110.54683685302734], [512.8330078125, 109.3750991821289], [512.0239868164062, 110.60661315917969], [511.58056640625, 110.8268814086914], [510.52532958984375, 112.23184967041016], [510.0653381347656, 110.75737762451172], [510.0389404296875, 110.1458511352539], [511.43377685546875, 110.8204345703125], [510.16082763671875, 111.63810729980469], [511.62091064453125, 110.69406127929688], [508.5036315917969, 109.6630630493164], [511.7347106933594, 109.94595336914062], [509.80413818359375, 112.303955078125], [510.329833984375, 111.33472442626953], [508.8916015625, 111.51097869873047], [508.6042785644531, 111.07344055175781], [509.6708679199219, 112.2467041015625], [509.3741149902344, 111.42619323730469], [508.8218688964844, 108.94619750976562], [508.8714294433594, 109.69702911376953], [509.34478759765625, 111.42625427246094], [509.2127990722656, 112.19390869140625], [508.93743896484375, 112.35047912597656], [508.61505126953125, 111.27372741699219], [508.6667175292969, 110.04608917236328], [509.702392578125, 111.57483673095703], [509.4991455078125, 111.6620101928711], [508.5299377441406, 112.22187805175781], [508.7743225097656, 113.50183868408203], [506.9295349121094, 111.13463592529297], [508.7874755859375, 111.6646957397461], [509.7621765136719, 111.33316040039062], [505.13519287109375, 110.70559692382812], [507.9810791015625, 111.99999237060547], [508.5729675292969, 111.8731918334961], [507.36480712890625, 112.10448455810547], [506.5236511230469, 112.199462890625]]",0.470222,mc_dropout_ade_v1,"{""method"": ""mc_dropout_ade_v1"", ""validation_ade_px"": 13.288751, ""epistemic_std_px"": 1.494028, ""estimated_ade_px"": 13.372473, ""observation_coverage"": 0.383333, ""confidence_scale_px"": 100.0, ""mc_samples"": 16}",gru,[]
examples/inputs/adl-01-cam0.mp4,adl-01-cam0,30,1.0,person_1,True,"[535.72705078125, 109.18199920654297]","{""type"": ""polygon"", ""coordinate_system"": ""original_video_pixels"", ""points"": [[480, 52], [562, 52], [562, 170], [480, 170]]}","[[534.8775634765625, 107.32766723632812], [536.9381713867188, 108.7364501953125], [535.5530395507812, 109.58980560302734], [534.3853149414062, 107.8262939453125], [534.3768310546875, 110.24409484863281], [535.1748046875, 109.12850189208984], [535.238525390625, 110.1572036743164], [533.0166625976562, 109.03865814208984], [532.6774291992188, 108.37635803222656], [533.0191040039062, 109.7154312133789], [532.2327270507812, 109.74978637695312], [531.0697021484375, 108.68158721923828], [530.8314208984375, 109.26029205322266], [529.6878662109375, 109.57201385498047], [528.1213989257812, 109.3670425415039], [526.7130737304688, 110.59954071044922], [526.4830322265625, 107.90924835205078], [526.6986083984375, 109.3971176147461], [527.645263671875, 109.42414093017578], [527.7771606445312, 110.7571029663086], [527.0076293945312, 110.05541229248047], [524.9706420898438, 110.35973358154297], [524.96484375, 109.9805679321289], [525.03759765625, 111.3729248046875], [524.1317749023438, 109.2748794555664], [522.9395751953125, 111.05299377441406], [522.733642578125, 110.30399322509766], [522.5654296875, 109.48712158203125], [522.8844604492188, 109.95870971679688], [521.8544311523438, 109.43472290039062], [520.5713500976562, 112.01598358154297], [521.3134765625, 110.69303131103516], [517.742919921875, 109.72129821777344], [519.3624877929688, 112.20856475830078], [518.1832885742188, 108.71202087402344], [519.0383911132812, 111.29220581054688], [516.6028442382812, 110.96952056884766], [516.7000732421875, 111.2283935546875], [516.756103515625, 110.73600769042969], [517.9619140625, 111.83480834960938], [516.3087158203125, 110.0070571899414], [518.88525390625, 111.9622573852539], [517.5014038085938, 109.3804702758789], [516.9644165039062, 111.14159393310547], [515.651123046875, 110.77952575683594], [516.0158081054688, 110.14232635498047], [515.681396484375, 110.09431457519531], [515.4716186523438, 111.70982360839844], [515.9783325195312, 111.4962158203125], [514.498046875, 111.5047607421875], [513.9051513671875, 108.74854278564453], [513.5606079101562, 110.90693664550781], [513.2869873046875, 112.05268096923828], [514.244873046875, 110.79364776611328], [514.7545776367188, 109.61934661865234], [513.8084106445312, 110.6629409790039], [513.4234619140625, 110.91329956054688], [512.7439575195312, 112.33621215820312], [512.3034057617188, 110.90544128417969], [512.298583984375, 110.47099304199219], [513.6632080078125, 111.01039123535156], [512.321533203125, 111.7418212890625], [513.7234497070312, 110.98085021972656], [510.68585205078125, 109.93865203857422], [513.5169677734375, 109.99193572998047], [511.8450012207031, 112.49165344238281], [512.579833984375, 111.49439239501953], [510.9724426269531, 111.57827758789062], [510.72216796875, 111.20221710205078], [511.67376708984375, 112.4713134765625], [511.60272216796875, 111.62104797363281], [511.05987548828125, 108.89876556396484], [510.94427490234375, 109.8734130859375], [511.5827331542969, 111.48628997802734], [511.2593078613281, 112.19481658935547], [510.8681640625, 112.47257232666016], [510.7525329589844, 111.53126525878906], [510.7571716308594, 110.16860961914062], [511.66796875, 111.6220932006836], [511.49774169921875, 111.66387939453125], [510.7013244628906, 112.2923355102539], [511.0998840332031, 113.37712097167969], [508.9580078125, 111.2217788696289], [510.9361267089844, 111.8596420288086], [511.93414306640625, 111.43716430664062], [507.24700927734375, 110.78556060791016], [510.1180114746094, 112.07752990722656], [510.7312927246094, 111.89630889892578], [509.6294250488281, 112.29429626464844], [508.7953186035156, 112.27297973632812]]",0.481308,mc_dropout_ade_v1,"{""method"": ""mc_dropout_ade_v1"", ""validation_ade_px"": 13.288751, ""epistemic_std_px"": 1.180788, ""estimated_ade_px"": 13.341108, ""observation_coverage"": 0.4, ""confidence_scale_px"": 100.0, ""mc_samples"": 16}",gru,[]
examples/inputs/adl-01-cam0.mp4,adl-01-cam0,31,1.0333,person_1,True,"[535.7684936523438, 109.43000030517578]","{""type"": ""polygon"", ""coordinate_system"": ""original_video_pixels"", ""points"": [[484, 52], [560, 52], [560, 171], [484, 171]]}","[[534.6761474609375, 107.80926513671875], [536.5596313476562, 109.29972076416016], [535.1812744140625, 109.95218658447266], [534.114990234375, 108.32415771484375], [534.183837890625, 110.7259750366211], [535.1466064453125, 109.7028579711914], [535.3964233398438, 110.71651458740234], [533.3408813476562, 109.77581787109375], [532.8908081054688, 108.86846923828125], [533.2177124023438, 110.48584747314453], [532.71923828125, 110.35820770263672], [532.0938720703125, 109.341796875], [531.7930297851562, 109.78832244873047], [530.2516479492188, 110.25703430175781], [529.3145141601562, 110.16230773925781], [527.8627319335938, 111.2763442993164], [527.5612182617188, 108.5989761352539], [527.8331909179688, 110.08433532714844], [528.9970092773438, 110.14082336425781], [529.0426025390625, 111.4152603149414], [528.333984375, 110.53678894042969], [526.2574462890625, 111.13835144042969], [526.2344970703125, 110.72372436523438], [526.6425170898438, 112.0592041015625], [525.82958984375, 110.12239074707031], [524.514404296875, 111.91836547851562], [524.46044921875, 111.06446075439453], [524.4212646484375, 110.213134765625], [524.4238891601562, 110.45235443115234], [523.624755859375, 110.21048736572266], [522.6177978515625, 112.66447448730469], [523.2579956054688, 111.42061614990234], [519.6561889648438, 110.39596557617188], [521.4633178710938, 112.61018371582031], [520.154541015625, 109.19672393798828], [520.9848022460938, 111.87007141113281], [518.6381225585938, 111.52742004394531], [518.8095092773438, 111.78348541259766], [519.021728515625, 111.15086364746094], [520.3030395507812, 112.41314697265625], [518.9598999023438, 110.48741149902344], [521.4068603515625, 112.44256591796875], [519.8524169921875, 109.82808685302734], [519.046630859375, 111.60513305664062], [518.1481323242188, 110.99626159667969], [518.626953125, 110.3961410522461], [518.2916259765625, 110.55990600585938], [517.9727783203125, 112.14871978759766], [518.5423583984375, 111.87834167480469], [516.869873046875, 111.90762329101562], [516.547119140625, 109.03067016601562], [516.235107421875, 111.37847900390625], [516.0328369140625, 112.31549072265625], [516.9393920898438, 111.30838012695312], [517.369873046875, 110.1238021850586], [516.2890014648438, 110.93907165527344], [516.102294921875, 111.27314758300781], [515.9320068359375, 112.64639282226562], [515.3500366210938, 111.33030700683594], [515.3655395507812, 111.01390075683594], [516.65673828125, 111.48772430419922], [515.2771606445312, 112.08116912841797], [516.5387573242188, 111.51204681396484], [513.6744995117188, 110.53878784179688], [516.0044555664062, 110.29251861572266], [514.7814331054688, 112.87055969238281], [515.6456298828125, 111.87877655029297], [513.9052124023438, 111.88462829589844], [513.713623046875, 111.5335922241211], [514.4527587890625, 112.86737823486328], [514.7879638671875, 112.08596801757812], [514.1853637695312, 109.16449737548828], [513.8663940429688, 110.32069396972656], [514.7589721679688, 111.75535583496094], [514.2303466796875, 112.37174987792969], [513.7105102539062, 112.6309814453125], [513.7384643554688, 112.04212951660156], [513.8663940429688, 110.55010986328125], [514.6680297851562, 111.89608764648438], [514.3612060546875, 111.86397552490234], [513.752685546875, 112.56947326660156], [514.5384521484375, 113.43916320800781], [512.0720825195312, 111.49600982666016], [514.10302734375, 112.34005737304688], [515.0370483398438, 111.70561981201172], [510.25653076171875, 111.14696502685547], [513.2247924804688, 112.35643768310547], [513.86083984375, 112.13158416748047], [512.7938842773438, 112.65721130371094], [512.09033203125, 112.50584411621094]]",0.492145,mc_dropout_ade_v1,"{""method"": ""mc_dropout_ade_v1"", ""validation_ade_px"": 13.288751, ""epistemic_std_px"": 1.394163, ""estimated_ade_px"": 13.361684, ""observation_coverage"": 0.416667, ""confidence_scale_px"": 100.0, ""mc_samples"": 16}",gru,[]
examples/inputs/adl-01-cam0.mp4,adl-01-cam0,32,1.0667,person_1,True,"[535.728515625, 109.68099975585938]","{""type"": ""polygon"", ""coordinate_system"": ""original_video_pixels"", ""points"": [[488, 52], [560, 52], [560, 173], [488, 173]]}","[[534.1939697265625, 108.26811981201172], [535.7247924804688, 109.78643035888672], [534.2055053710938, 110.1712646484375], [533.1944580078125, 108.77076721191406], [533.3475341796875, 111.14116668701172], [534.4591674804688, 110.15257263183594], [534.9677734375, 111.21416473388672], [533.1981201171875, 110.46112060546875], [532.682373046875, 109.36503601074219], [533.0160522460938, 111.18741607666016], [532.7982788085938, 110.86417388916016], [532.7156372070312, 109.97076416015625], [532.395263671875, 110.34834289550781], [530.6619873046875, 110.94679260253906], [530.1752319335938, 110.94573974609375], [528.7091064453125, 111.83960723876953], [528.5594482421875, 109.2803955078125], [528.7827758789062, 110.69515991210938], [530.0899658203125, 110.85052490234375], [530.0162963867188, 111.99188995361328], [529.427001953125, 110.9730224609375], [527.2890014648438, 111.81658935546875], [527.4236450195312, 111.4029769897461], [527.963623046875, 112.60069274902344], [527.319580078125, 110.79505157470703], [525.878662109375, 112.69766235351562], [525.9751586914062, 111.74885559082031], [525.9596557617188, 110.83694458007812], [525.6646118164062, 110.93633270263672], [525.2462768554688, 110.9275894165039], [524.4073486328125, 113.20963287353516], [524.919189453125, 112.0651626586914], [521.3511962890625, 111.03746032714844], [523.474853515625, 112.95137786865234], [521.9465942382812, 109.6615219116211], [522.668212890625, 112.4007568359375], [520.5194702148438, 112.05303955078125], [520.8072509765625, 112.30381774902344], [521.0706787109375, 111.57096099853516], [522.3289184570312, 112.91712951660156], [521.3536987304688, 110.96375274658203], [523.5653686523438, 112.84072875976562], [521.9046020507812, 110.29133605957031], [520.9446411132812, 112.04347229003906], [520.3367919921875, 111.23981475830078], [521.0162963867188, 110.69843292236328], [520.6648559570312, 111.05681610107422], [520.259765625, 112.57878875732422], [520.9869384765625, 112.1879653930664], [519.0588989257812, 112.25703430175781], [518.9208374023438, 109.39676666259766], [518.70654296875, 111.9098129272461], [518.6434326171875, 112.54460906982422], [519.3677978515625, 111.82696533203125], [519.74853515625, 110.6717300415039], [518.5780639648438, 111.27764892578125], [518.6431274414062, 111.71843719482422], [518.9095458984375, 112.99534606933594], [518.1444702148438, 111.83747863769531], [518.1981811523438, 111.50110626220703], [519.2861328125, 112.02134704589844], [517.9244995117188, 112.45339965820312], [519.002685546875, 112.01094055175781], [516.404296875, 111.204833984375], [518.2527465820312, 110.71574401855469], [517.5972290039062, 113.24227905273438], [518.3822631835938, 112.27272033691406], [516.6709594726562, 112.29972839355469], [516.4549560546875, 111.88113403320312], [517.02783203125, 113.25190734863281], [517.7939453125, 112.59473419189453], [517.0698852539062, 109.583251953125], [516.6054077148438, 110.8376235961914], [517.7097778320312, 112.08876037597656], [517.058837890625, 112.6004867553711], [516.3759765625, 112.70167541503906], [516.4957275390625, 112.578369140625], [516.8674926757812, 111.0020751953125], [517.5896606445312, 112.26175689697266], [516.9803466796875, 112.15152740478516], [516.5391235351562, 112.8792724609375], [517.8296508789062, 113.62564086914062], [515.128662109375, 111.82516479492188], [517.125244140625, 112.92311096191406], [517.9066772460938, 112.02903747558594], [513.13037109375, 111.62544250488281], [516.196533203125, 112.71893310546875], [516.8506469726562, 112.4722671508789], [515.7052612304688, 113.01116943359375], [515.1980590820312, 112.78086853027344]]",0.503167,mc_dropout_ade_v1,"{""method"": ""mc_dropout_ade_v1"", ""validation_ade_px"": 13.288751, ""epistemic_std_px"": 1.221665, ""estimated_ade_px"": 13.344788, ""observation_coverage"": 0.433333, ""confidence_scale_px"": 100.0, ""mc_samples"": 16}",gru,[]
examples/inputs/adl-01-cam0.mp4,adl-01-cam0,33,1.1,person_1,True,"[535.613037109375, 110.01799774169922]","{""type"": ""polygon"", ""coordinate_system"": ""original_video_pixels"", ""points"": [[490, 51], [560, 51], [560, 174], [490, 174]]}","[[533.7376098632812, 108.77816772460938], [535.0013427734375, 110.3334732055664], [533.26611328125, 110.4010238647461], [532.429443359375, 109.28330993652344], [532.5856323242188, 111.59981536865234], [533.9068603515625, 110.61100769042969], [534.6166381835938, 111.7486343383789], [533.1329345703125, 111.1865463256836], [532.5100708007812, 109.9299545288086], [532.8947143554688, 111.90552520751953], [532.8970947265625, 111.36116027832031], [533.32763671875, 110.6565933227539], [532.952880859375, 110.99352264404297], [531.1249389648438, 111.6988525390625], [530.9280395507812, 111.80023956298828], [529.6192016601562, 112.4365234375], [529.6265869140625, 110.02496337890625], [529.793701171875, 111.39427947998047], [531.1238403320312, 111.68635559082031], [530.9314575195312, 112.61396789550781], [530.4937744140625, 111.42277526855469], [528.3421630859375, 112.51078796386719], [528.6382446289062, 112.14411926269531], [529.1441040039062, 113.15508270263672], [528.836669921875, 111.484130859375], [527.2151489257812, 113.52455139160156], [527.488525390625, 112.5011215209961], [527.4119262695312, 111.46121978759766], [526.8466796875, 111.56977844238281], [526.87841796875, 111.72586822509766], [526.1271362304688, 113.84056091308594], [526.6234130859375, 112.77436828613281], [523.0388793945312, 111.78813171386719], [525.444091796875, 113.31391143798828], [523.7993774414062, 110.17952728271484], [524.3543701171875, 113.00814819335938], [522.4384765625, 112.68685913085938], [522.8772583007812, 112.9009780883789], [523.1383056640625, 112.09300994873047], [524.3775634765625, 113.46241760253906], [523.7440795898438, 111.55030059814453], [525.6339111328125, 113.37947082519531], [523.9038696289062, 110.86747741699219], [522.8339233398438, 112.55651092529297], [522.5110473632812, 111.57079315185547], [523.3840942382812, 111.18057250976562], [523.0615844726562, 111.69567108154297], [522.5504150390625, 113.1150131225586], [523.5729370117188, 112.54388427734375], [521.3130493164062, 112.67362976074219], [521.2354736328125, 109.91354370117188], [521.20068359375, 112.59475708007812], [521.2879638671875, 112.8890151977539], [521.888916015625, 112.45259094238281], [522.0933837890625, 111.34149169921875], [520.9537353515625, 111.74701690673828], [521.0609741210938, 112.3447036743164], [521.8128051757812, 113.45580291748047], [520.9492797851562, 112.59127044677734], [521.0528564453125, 112.05792999267578], [521.78857421875, 112.7311019897461], [520.6336669921875, 112.890380859375], [521.3504028320312, 112.5252914428711], [519.1466674804688, 111.96814727783203], [520.4696044921875, 111.29033660888672], [520.5657958984375, 113.71345520019531], [520.9810180664062, 112.7330322265625], [519.4920043945312, 112.9163818359375], [519.1658325195312, 112.33512878417969], [519.6294555664062, 113.75186157226562], [520.7615966796875, 113.19093322753906], [519.9048461914062, 110.12149810791016], [519.3396606445312, 111.40779876708984], [520.5958251953125, 112.4987564086914], [519.8673706054688, 112.9229507446289], [519.0147705078125, 112.83183288574219], [519.1334228515625, 113.19520568847656], [519.9422607421875, 111.60578918457031], [520.5233154296875, 112.78172302246094], [519.5427856445312, 112.61322784423828], [519.28125, 113.25482940673828], [520.9830322265625, 113.9410171508789], [518.1243896484375, 112.25231170654297], [520.157958984375, 113.64939880371094], [520.6408081054688, 112.50601196289062], [516.146728515625, 112.26048278808594], [519.1648559570312, 113.25337982177734], [519.8291625976562, 112.98176574707031], [518.6087646484375, 113.49099731445312], [518.2491455078125, 113.16272735595703]]",0.514248,mc_dropout_ade_v1,"{""method"": ""mc_dropout_ade_v1"", ""validation_ade_px"": 13.288751, ""epistemic_std_px"": 0.867116, ""estimated_ade_px"": 13.317011, ""observation_coverage"": 0.45, ""confidence_scale_px"": 100.0, ""mc_samples"": 16}",gru,[]
examples/inputs/adl-01-cam0.mp4,adl-01-cam0,34,1.1333,person_1,True,"[535.3090209960938, 110.19000244140625]","{""type"": ""polygon"", ""coordinate_system"": ""original_video_pixels"", ""points"": [[491, 51], [560, 51], [560, 175], [491, 175]]}","[[533.2183837890625, 109.03556823730469], [534.3453979492188, 110.53380584716797], [532.3800048828125, 110.40338897705078], [531.7863159179688, 109.50660705566406], [531.9505004882812, 111.79432678222656], [533.4010009765625, 110.76258850097656], [534.1398315429688, 112.00390625], [532.8723754882812, 111.56816101074219], [532.1491088867188, 110.10948944091797], [532.6130981445312, 112.23444366455078], [532.7445678710938, 111.53213500976562], [533.5160522460938, 110.96407318115234], [533.0819091796875, 111.28789520263672], [531.2474975585938, 112.04337310791016], [531.182861328125, 112.23100280761719], [530.0697631835938, 112.72569274902344], [530.198974609375, 110.40927124023438], [530.282470703125, 111.75960540771484], [531.5299072265625, 112.16068267822266], [531.212890625, 112.87683868408203], [530.9926147460938, 111.59562683105469], [528.8562622070312, 112.81578826904297], [529.3109130859375, 112.51436614990234], [529.676025390625, 113.39932250976562], [529.6295166015625, 111.80762481689453], [527.895751953125, 113.96990966796875], [528.2581787109375, 112.88762664794922], [528.154052734375, 111.69491577148438], [527.4320068359375, 111.91999816894531], [527.7862548828125, 112.13988494873047], [527.0769653320312, 114.20098114013672], [527.608642578125, 113.08853912353516], [524.0523681640625, 112.22610473632812], [526.4107055664062, 113.46925354003906], [524.9266357421875, 110.45085144042969], [525.315185546875, 113.26740264892578], [523.5458984375, 113.03012084960938], [524.0404663085938, 113.21986389160156], [524.3486328125, 112.32228088378906], [525.4461669921875, 113.69937133789062], [525.1226196289062, 111.84062957763672], [526.6900024414062, 113.62303161621094], [524.9783935546875, 111.19302368164062], [523.8864135742188, 112.79393005371094], [523.7322387695312, 111.72769927978516], [524.6443481445312, 111.49031829833984], [524.4209594726562, 112.03211975097656], [523.9503173828125, 113.380126953125], [525.15234375, 112.71076965332031], [522.6504516601562, 112.8629150390625], [522.5272216796875, 110.20166778564453], [522.6710815429688, 113.05144500732422], [522.8294677734375, 113.10763549804688], [523.4271240234375, 112.77262115478516], [523.4375610351562, 111.74342346191406], [522.3941040039062, 111.9845962524414], [522.3745727539062, 112.73714447021484], [523.5322265625, 113.64959716796875], [522.5825805664062, 113.08898162841797], [522.7589111328125, 112.34073638916016], [523.1908569335938, 113.16505432128906], [522.2545166015625, 113.14344024658203], [522.6157836914062, 112.78557586669922], [520.8299560546875, 112.42866516113281], [521.71875, 111.69583129882812], [522.41259765625, 113.9556884765625], [522.3838500976562, 112.92501831054688], [521.1787719726562, 113.34976959228516], [520.7802734375, 112.5708999633789], [521.1730346679688, 114.02300262451172], [522.4324951171875, 113.5267333984375], [521.5989379882812, 110.44651794433594], [521.06787109375, 111.71366882324219], [522.28662109375, 112.727294921875], [521.5918579101562, 113.11016845703125], [520.57763671875, 112.85435485839844], [520.5961303710938, 113.49528503417969], [521.7739868164062, 112.0633544921875], [522.2647094726562, 113.11528015136719], [520.9786376953125, 112.88597106933594], [520.9322509765625, 113.46454620361328], [522.7998657226562, 114.10420989990234], [519.9367065429688, 112.50082397460938], [521.9935302734375, 114.1229248046875], [522.1346435546875, 112.85093688964844], [518.0963134765625, 112.69637298583984], [520.9822998046875, 113.64155578613281], [521.5747680664062, 113.38379669189453], [520.3397827148438, 113.8404312133789], [520.03662109375, 113.39021301269531]]",0.525213,mc_dropout_ade_v1,"{""method"": ""mc_dropout_ade_v1"", ""validation_ade_px"": 13.288751, ""epistemic_std_px"": 0.796477, ""estimated_ade_px"": 13.312599, ""observation_coverage"": 0.466667, ""confidence_scale_px"": 100.0, ""mc_samples"": 16}",gru,[]
examples/inputs/adl-01-cam0.mp4,adl-01-cam0,35,1.1667,person_1,True,"[535.2940063476562, 110.55899810791016]","{""type"": ""polygon"", ""coordinate_system"": ""original_video_pixels"", ""points"": [[495, 50], [562, 50], [562, 177], [495, 177]]}","[[533.5119018554688, 109.5003662109375], [534.465087890625, 110.89752960205078], [532.72265625, 110.75527954101562], [532.4129638671875, 110.10092163085938], [532.8331909179688, 112.1568374633789], [534.2827758789062, 111.09953308105469], [535.179931640625, 112.2224349975586], [534.1453247070312, 112.05809020996094], [533.5739135742188, 110.60786437988281], [534.076904296875, 112.55253601074219], [534.2637939453125, 111.95868682861328], [535.0439453125, 111.21617889404297], [534.5427856445312, 111.51441192626953], [532.8927001953125, 112.7409896850586], [533.1546020507812, 112.64398956298828], [532.2869873046875, 113.08551788330078], [532.4945068359375, 110.78213500976562], [532.5518188476562, 112.16860961914062], [533.6862182617188, 112.65078735351562], [533.3800048828125, 113.32075500488281], [533.4867553710938, 112.11173248291016], [531.504638671875, 113.03601837158203], [531.7415161132812, 112.86257934570312], [532.1268920898438, 113.64604949951172], [532.3397216796875, 112.27615356445312], [530.7957153320312, 114.27293395996094], [531.1656494140625, 113.2452392578125], [530.7718505859375, 111.87533569335938], [530.2720947265625, 112.3909683227539], [530.5103149414062, 112.48572540283203], [530.214111328125, 114.53158569335938], [530.87451171875, 113.44857788085938], [527.466064453125, 112.63518524169922], [529.6597900390625, 113.6870346069336], [528.340087890625, 110.68270111083984], [528.878173828125, 113.50837707519531], [526.9912719726562, 113.70790100097656], [527.4210205078125, 113.64720153808594], [527.7924194335938, 112.72917175292969], [528.8006591796875, 113.99292755126953], [528.853515625, 112.23812866210938], [530.311279296875, 113.99219512939453], [528.5093383789062, 111.74373626708984], [527.5980224609375, 112.94436645507812], [527.2531127929688, 112.1535873413086], [528.2120361328125, 112.08831787109375], [528.1475830078125, 112.41129302978516], [527.2544555664062, 113.72731018066406], [528.9661254882812, 112.98157501220703], [526.4794311523438, 113.33954620361328], [526.3783569335938, 110.67805480957031], [526.4563598632812, 113.43077087402344], [526.4212036132812, 113.3665771484375], [527.2832641601562, 113.06647491455078], [527.0131225585938, 112.10074615478516], [526.1134643554688, 112.39454650878906], [526.0001220703125, 113.15524291992188], [527.09521484375, 114.01294708251953], [526.4903564453125, 113.56341552734375], [526.71337890625, 112.72378540039062], [526.5925903320312, 113.67147064208984], [525.8255615234375, 113.60670471191406], [526.441650390625, 113.08531188964844], [524.700439453125, 112.93115234375], [525.2325439453125, 112.24329376220703], [526.25341796875, 114.30650329589844], [525.8488159179688, 113.29400634765625], [524.9427490234375, 113.70825958251953], [524.4694213867188, 112.86111450195312], [524.9971923828125, 114.48492431640625], [525.964599609375, 113.96656036376953], [525.0833740234375, 110.83467864990234], [524.71484375, 111.88604736328125], [525.7926635742188, 113.21159362792969], [525.3154296875, 113.32179260253906], [524.1778564453125, 113.30299377441406], [524.4072875976562, 113.71857452392578], [525.3692016601562, 112.5130615234375], [525.8662719726562, 113.66529083251953], [524.5062866210938, 113.28913116455078], [524.620361328125, 113.65240478515625], [526.1690063476562, 114.4068603515625], [523.6838989257812, 112.98004913330078], [525.508056640625, 114.552001953125], [525.8543090820312, 113.27430725097656], [522.143310546875, 113.03023529052734], [524.9515991210938, 114.09052276611328], [525.3457641601562, 113.55132293701172], [523.9097900390625, 114.16728210449219], [523.7220458984375, 113.67048645019531]]",0.53618,mc_dropout_ade_v1,"{""method"": ""mc_dropout_ade_v1"", ""validation_ade_px"": 13.288751, ""epistemic_std_px"": 0.7131, ""estimated_ade_px"": 13.30787, ""observation_coverage"": 0.483333, ""confidence_scale_px"": 100.0, ""mc_samples"": 16}",gru,[]
examples/inputs/adl-01-cam0.mp4,adl-01-cam0,36,1.2,person_1,True,"[535.3170166015625, 110.53900146484375]","{""type"": ""polygon"", ""coordinate_system"": ""original_video_pixels"", ""points"": [[497, 48], [563, 48], [563, 178], [497, 178]]}","[[533.80615234375, 109.4560775756836], [534.7833251953125, 110.80213165283203], [533.0508422851562, 110.66512298583984], [533.1661987304688, 110.1287841796875], [533.7169189453125, 112.04885864257812], [535.107421875, 111.03780364990234], [536.1305541992188, 112.04646301269531], [535.197509765625, 112.021240234375], [534.7681274414062, 110.53001403808594], [535.297607421875, 112.46501159667969], [535.5262451171875, 111.86054229736328], [536.27099609375, 111.05658721923828], [535.8489379882812, 111.26177978515625], [534.2913818359375, 112.75857543945312], [534.746337890625, 112.4888916015625], [534.046630859375, 112.94441223144531], [534.3327026367188, 110.66597747802734], [534.37158203125, 112.04954528808594], [535.4470825195312, 112.56568908691406], [535.1121215820312, 113.19097137451172], [535.4848022460938, 112.11824035644531], [533.58837890625, 112.82302856445312], [533.7899780273438, 112.67188262939453], [534.1868896484375, 113.42189025878906], [534.5341796875, 112.19813537597656], [533.1114501953125, 114.07686614990234], [533.4986572265625, 113.04991912841797], [532.9573364257812, 111.62223052978516], [532.6270751953125, 112.25736236572266], [532.7716674804688, 112.34699249267578], [532.8135375976562, 114.35087585449219], [533.484130859375, 113.27059173583984], [530.2996215820312, 112.57298278808594], [532.26171875, 113.45455932617188], [531.0384521484375, 110.50708770751953], [531.7273559570312, 113.27088928222656], [529.759765625, 113.74380493164062], [530.095458984375, 113.58476257324219], [530.5612182617188, 112.57818603515625], [531.5409545898438, 113.79562377929688], [531.7783813476562, 112.14173889160156], [533.176513671875, 113.86050415039062], [531.4968872070312, 111.76944732666016], [530.640380859375, 112.70814514160156], [530.1621704101562, 112.11595916748047], [531.1382446289062, 112.12716674804688], [531.1248168945312, 112.29052734375], [530.052734375, 113.57024383544922], [531.9906005859375, 112.84374237060547], [529.571533203125, 113.32676696777344], [529.4695434570312, 110.63301849365234], [529.577880859375, 113.28079223632812], [529.2868041992188, 113.1744613647461], [530.3455200195312, 112.87681579589844], [529.8955688476562, 112.0323257446289], [529.1049194335938, 112.31629180908203], [529.0049438476562, 113.07862091064453], [529.9567260742188, 113.89012908935547], [529.5606689453125, 113.52058410644531], [529.8107299804688, 112.6860580444336], [529.3614501953125, 113.62823486328125], [528.726318359375, 113.51612091064453], [529.50439453125, 112.99398803710938], [527.7974243164062, 112.88397979736328], [528.0187377929688, 112.3086929321289], [529.1891479492188, 114.20857238769531], [528.6552734375, 113.20689392089844], [527.9722290039062, 113.62002563476562], [527.4869384765625, 112.81719207763672], [528.037841796875, 114.50437927246094], [528.8146362304688, 113.98310089111328], [527.903564453125, 110.87965393066406], [527.7556762695312, 111.77328491210938], [528.5167846679688, 113.29801940917969], [528.2548828125, 113.21630096435547], [527.1266479492188, 113.39071655273438], [527.3886108398438, 113.62726593017578], [528.1680297851562, 112.56317901611328], [528.6931762695312, 113.81717681884766], [527.3790893554688, 113.29666137695312], [527.5581665039062, 113.58683776855469], [528.87890625, 114.33135986328125], [526.634765625, 113.02531433105469], [528.2695922851562, 114.58592987060547], [528.8556518554688, 113.32404327392578], [525.2736206054688, 113.013671875], [528.1228637695312, 114.20337677001953], [528.2816162109375, 113.46475219726562], [526.7222290039062, 114.16181945800781], [526.7014770507812, 113.66431427001953]]",0.547129,mc_dropout_ade_v1,"{""method"": ""mc_dropout_ade_v1"", ""validation_ade_px"": 13.288751, ""epistemic_std_px"": 0.689789, ""estimated_ade_px"": 13.306642, ""observation_coverage"": 0.5, ""confidence_scale_px"": 100.0, ""mc_samples"": 16}",gru,[]
examples/inputs/adl-01-cam0.mp4,adl-01-cam0,37,1.2333,person_1,True,"[535.35498046875, 110.29000091552734]","{""type"": ""polygon"", ""coordinate_system"": ""original_video_pixels"", ""points"": [[498, 46], [563, 46], [563, 180], [498, 180]]}","[[533.91064453125, 109.11691284179688], [534.9537963867188, 110.45472717285156], [533.0348510742188, 110.3248519897461], [533.5330810546875, 109.8132553100586], [534.1407470703125, 111.70311737060547], [535.4266357421875, 110.7611312866211], [536.5446166992188, 111.70216369628906], [535.6663208007812, 111.69841766357422], [535.346435546875, 110.1336669921875], [535.9437255859375, 112.17578887939453], [536.200439453125, 111.50658416748047], [536.906494140625, 110.71243286132812], [536.6765747070312, 110.80398559570312], [535.1376953125, 112.3885498046875], [535.6951904296875, 112.07501220703125], [535.045166015625, 112.55375671386719], [535.4426879882812, 110.31254577636719], [535.4461669921875, 111.64789581298828], [536.4991455078125, 112.16448211669922], [536.1205444335938, 112.77019500732422], [536.6932373046875, 111.87127685546875], [534.7839965820312, 112.43231201171875], [535.133544921875, 112.21482849121094], [535.5267944335938, 112.99533081054688], [535.8931884765625, 111.8285903930664], [534.5140380859375, 113.64872741699219], [534.9342041015625, 112.56510162353516], [534.3697509765625, 111.18545532226562], [534.1224975585938, 111.79126739501953], [534.2223510742188, 111.99518585205078], [534.4868774414062, 113.9107437133789], [535.066162109375, 112.83192443847656], [532.1316528320312, 112.26295471191406], [533.8607788085938, 113.04178619384766], [532.6746215820312, 110.17369079589844], [533.4610595703125, 112.83251953125], [531.5140380859375, 113.41798400878906], [531.7334594726562, 113.2854995727539], [532.2940063476562, 112.1446762084961], [533.2564086914062, 113.37535858154297], [533.6021118164062, 111.80010986328125], [534.93359375, 113.45758056640625], [533.5001220703125, 111.50518798828125], [532.61767578125, 112.33817291259766], [532.0493774414062, 111.84223937988281], [533.0257568359375, 111.83988189697266], [532.9879760742188, 111.92135620117188], [531.966064453125, 113.18854522705078], [533.879638671875, 112.52607727050781], [531.5275268554688, 113.05940246582031], [531.4535522460938, 110.31527709960938], [531.6122436523438, 112.9064712524414], [531.1272583007812, 112.8016586303711], [532.2564086914062, 112.48163604736328], [531.7360229492188, 111.76271057128906], [530.9942016601562, 111.98758697509766], [531.0675048828125, 112.76119232177734], [531.8771362304688, 113.54480743408203], [531.4920654296875, 113.18708038330078], [531.7556762695312, 112.46493530273438], [531.2130126953125, 113.30508422851562], [530.5933837890625, 113.17596435546875], [531.4701538085938, 112.7623519897461], [529.7825317382812, 112.56940460205078], [529.7916870117188, 112.1199951171875], [530.9496459960938, 113.89799499511719], [530.5479125976562, 112.93046569824219], [529.9450073242188, 113.32195281982422], [529.4765625, 112.63505554199219], [529.98291015625, 114.29553985595703], [530.7030639648438, 113.8106918334961], [529.7924194335938, 110.76995086669922], [529.8682861328125, 111.58456420898438], [530.2808837890625, 113.17086029052734], [530.1566162109375, 112.99394226074219], [529.1296997070312, 113.28279876708984], [529.2955322265625, 113.40680694580078], [529.9249267578125, 112.41394805908203], [530.5087280273438, 113.71833801269531], [529.3128051757812, 113.09745025634766], [529.4868774414062, 113.42225646972656], [530.7245483398438, 114.08745574951172], [528.5906372070312, 112.83442687988281], [530.0939331054688, 114.40746307373047], [530.8782348632812, 113.17697143554688], [527.2250366210938, 112.8151626586914], [530.2346801757812, 114.1323013305664], [530.1474609375, 113.28465270996094], [528.525146484375, 114.00996398925781], [528.7075805664062, 113.53893280029297]]",0.557965,mc_dropout_ade_v1,"{""method"": ""mc_dropout_ade_v1"", ""validation_ade_px"": 13.288751, ""epistemic_std_px"": 0.991863, ""estimated_ade_px"": 13.325716, ""observation_coverage"": 0.516667, ""confidence_scale_px"": 100.0, ""mc_samples"": 16}",gru,[]
examples/inputs/adl-01-cam0.mp4,adl-01-cam0,38,1.2667,person_1,True,"[535.2525024414062, 109.72000885009766]","{""type"": ""polygon"", ""coordinate_system"": ""original_video_pixels"", ""points"": [[502, 45], [563, 45], [563, 181], [502, 181]]}","[[533.6553955078125, 108.31310272216797], [534.9124145507812, 109.75855255126953], [532.4286499023438, 109.53472900390625], [533.32177734375, 109.00028228759766], [533.7304077148438, 110.96788024902344], [534.9374389648438, 110.07460021972656], [536.072509765625, 111.01274871826172], [535.2443237304688, 110.834716796875], [534.9307250976562, 109.300048828125], [535.6689453125, 111.47869873046875], [535.801513671875, 110.68074035644531], [536.420166015625, 110.04412841796875], [536.5455322265625, 110.05831146240234], [535.0647583007812, 111.4444808959961], [535.347412109375, 111.26803588867188], [534.7490234375, 111.63226318359375], [535.3228149414062, 109.53590393066406], [535.285888671875, 110.7461929321289], [536.1420288085938, 111.30238342285156], [535.7763061523438, 111.87371063232422], [536.4043579101562, 111.12828826904297], [534.341796875, 111.6275634765625], [535.2059326171875, 111.29214477539062], [535.3215942382812, 112.11981201171875], [535.763916015625, 110.85719299316406], [534.1436157226562, 112.78362274169922], [534.7776489257812, 111.54944610595703], [534.1489868164062, 110.34906005859375], [533.916015625, 110.84415435791016], [534.0317993164062, 111.30642700195312], [534.2713012695312, 112.99657440185547], [534.6758422851562, 111.96273803710938], [532.018310546875, 111.60716247558594], [533.6510009765625, 112.23804473876953], [532.3485717773438, 109.5189208984375], [533.1231079101562, 112.05306243896484], [531.4453125, 112.56090545654297], [531.5078125, 112.61656951904297], [532.0430908203125, 111.33033752441406], [533.060546875, 112.54154205322266], [533.384521484375, 111.13107299804688], [534.5037231445312, 112.7138671875], [533.5548706054688, 110.85713958740234], [532.5056762695312, 111.77877807617188], [531.99658203125, 111.21234893798828], [532.9898681640625, 111.20628356933594], [532.7803344726562, 111.29003143310547], [532.0535278320312, 112.49705505371094], [533.7860717773438, 111.8319091796875], [531.4656372070312, 112.38312530517578], [531.2557373046875, 109.72117614746094], [531.6201171875, 112.27822875976562], [531.0587768554688, 112.15327453613281], [532.0729370117188, 111.81947326660156], [531.4977416992188, 111.27999877929688], [530.9127807617188, 111.40691375732422], [531.2660522460938, 112.17406463623047], [531.8535766601562, 112.93806457519531], [531.3742065429688, 112.59004211425781], [531.6530151367188, 111.99403381347656], [531.0552978515625, 112.667236328125], [530.5447998046875, 112.45821380615234], [531.1900634765625, 112.2557144165039], [529.6240844726562, 111.85567474365234], [529.6165161132812, 111.64594268798828], [530.6827392578125, 113.31571197509766], [530.4462280273438, 112.44937133789062], [529.9924926757812, 112.85377502441406], [529.4269409179688, 112.28135681152344], [529.9339599609375, 113.85706329345703], [530.7943115234375, 113.39373779296875], [529.8564453125, 110.52173614501953], [530.1361083984375, 111.31920623779297], [530.10986328125, 112.70658874511719], [530.05322265625, 112.57244873046875], [529.2364501953125, 112.88294219970703], [529.1083984375, 113.06588745117188], [529.840087890625, 111.98831176757812], [530.4889526367188, 113.34371948242188], [529.3734130859375, 112.72909545898438], [529.3687133789062, 113.09764099121094], [530.73876953125, 113.68293762207031], [528.5999145507812, 112.33877563476562], [530.16748046875, 113.98988342285156], [530.9833984375, 112.8037338256836], [527.17529296875, 112.4259033203125], [530.3604736328125, 113.93758392333984], [530.04248046875, 113.03138732910156], [528.4240112304688, 113.6170654296875], [528.8222045898438, 113.29505157470703]]",0.568978,mc_dropout_ade_v1,"{""method"": ""mc_dropout_ade_v1"", ""validation_ade_px"": 13.288751, ""epistemic_std_px"": 0.805292, ""estimated_ade_px"": 13.313129, ""observation_coverage"": 0.533333, ""confidence_scale_px"": 100.0, ""mc_samples"": 16}",gru,[]
examples/inputs/adl-01-cam0.mp4,adl-01-cam0,39,1.3,person_1,True,"[535.33447265625, 109.38900756835938]","{""type"": ""polygon"", ""coordinate_system"": ""original_video_pixels"", ""points"": [[503, 44], [562, 44], [562, 181], [503, 181]]}","[[533.7886962890625, 107.86785888671875], [535.1649780273438, 109.36917877197266], [532.4984130859375, 109.13648986816406], [533.662353515625, 108.60122680664062], [533.946533203125, 110.54660034179688], [535.1222534179688, 109.7068862915039], [536.3045043945312, 110.58052062988281], [535.5360107421875, 110.33489990234375], [535.2720947265625, 108.87395477294922], [536.1009521484375, 111.06770324707031], [536.1717529296875, 110.24091339111328], [536.6893310546875, 109.63729095458984], [537.0134887695312, 109.5811996459961], [535.5914916992188, 110.9606704711914], [535.8074340820312, 110.8037109375], [535.2628173828125, 111.0939712524414], [535.9166870117188, 109.08660888671875], [535.8984375, 110.25064849853516], [536.6190185546875, 110.82142639160156], [536.310546875, 111.3456802368164], [537.010986328125, 110.72518157958984], [534.8941040039062, 111.13345336914062], [535.9866943359375, 110.73584747314453], [535.968017578125, 111.59442901611328], [536.5104370117188, 110.33992004394531], [534.8016967773438, 112.2252426147461], [535.5578002929688, 110.93727111816406], [534.8439331054688, 109.85195922851562], [534.6834716796875, 110.30646514892578], [534.7625732421875, 110.897216796875], [535.0391235351562, 112.43461608886719], [535.411865234375, 111.46533203125], [532.937744140625, 111.22019958496094], [534.4708251953125, 111.71306610107422], [533.1268920898438, 109.1500015258789], [533.9486083984375, 111.5974349975586], [532.38427734375, 112.1110610961914], [532.3893432617188, 112.20516967773438], [532.9030151367188, 110.88021087646484], [533.9776000976562, 112.03900909423828], [534.2869873046875, 110.74884796142578], [535.3043212890625, 112.28384399414062], [534.65185546875, 110.51380920410156], [533.5209350585938, 111.41578674316406], [532.9788208007812, 110.88353729248047], [534.0069580078125, 110.8901138305664], [533.7366943359375, 110.94062042236328], [533.0540771484375, 112.05690002441406], [534.7840576171875, 111.41088104248047], [532.515380859375, 112.05300903320312], [532.2523803710938, 109.43082427978516], [532.6962280273438, 111.86935424804688], [532.0457763671875, 111.77061462402344], [533.0471801757812, 111.41036224365234], [532.3544311523438, 111.00163269042969], [531.9193725585938, 111.08485412597656], [532.4136962890625, 111.82687377929688], [532.822021484375, 112.5667495727539], [532.3540649414062, 112.24214935302734], [532.62255859375, 111.72509002685547], [531.9249877929688, 112.29052734375], [531.5236206054688, 112.01871490478516], [532.0885009765625, 111.9410171508789], [530.591796875, 111.44656372070312], [530.5531616210938, 111.37403869628906], [531.563720703125, 112.97859191894531], [531.4022216796875, 112.14942169189453], [531.0453491210938, 112.5596923828125], [530.4310302734375, 112.07843017578125], [530.9676513671875, 113.59837341308594], [531.8040161132812, 113.13316345214844], [530.8516235351562, 110.3884506225586], [531.2633056640625, 111.1103744506836], [530.9701538085938, 112.45867156982422], [530.9925537109375, 112.31346893310547], [530.3359375, 112.71038818359375], [530.1000366210938, 112.81809997558594], [530.7825317382812, 111.73947143554688], [531.3956298828125, 113.14408111572266], [530.4443969726562, 112.53093719482422], [530.3372802734375, 112.86829376220703], [531.6117553710938, 113.435302734375], [529.6151733398438, 112.07322692871094], [531.1432495117188, 113.7130355834961], [532.0551147460938, 112.5877456665039], [528.2269897460938, 112.18365478515625], [531.4984130859375, 113.79559326171875], [530.99560546875, 112.80433654785156], [529.38916015625, 113.3548812866211], [529.9041748046875, 113.12376403808594]]",0.579949,mc_dropout_ade_v1,"{""method"": ""mc_dropout_ade_v1"", ""validation_ade_px"": 13.288751, ""epistemic_std_px"": 0.716021, ""estimated_ade_px"": 13.308027, ""observation_coverage"": 0.55, ""confidence_scale_px"": 100.0, ""mc_samples"": 16}",gru,[]
examples/inputs/adl-01-cam0.mp4,adl-01-cam0,40,1.3333,person_1,True,"[535.5245361328125, 109.3320083618164]","{""type"": ""polygon"", ""coordinate_system"": ""original_video_pixels"", ""points"": [[503, 44], [564, 44], [564, 181], [503, 181]]}","[[534.1722412109375, 107.79454803466797], [535.5736083984375, 109.33226013183594], [533.0272216796875, 109.17001342773438], [534.3289794921875, 108.62541961669922], [534.6080932617188, 110.50703430175781], [535.7559204101562, 109.71617889404297], [537.0443115234375, 110.48980712890625], [536.2780151367188, 110.28727722167969], [536.1126708984375, 108.88688659667969], [536.9845581054688, 111.03419494628906], [537.0576171875, 110.25065612792969], [537.4594116210938, 109.57926177978516], [537.8553466796875, 109.4572982788086], [536.4237060546875, 110.97992706298828], [536.7575073242188, 110.73861694335938], [536.2454223632812, 111.05059814453125], [536.884521484375, 109.03033447265625], [536.9286499023438, 110.23287963867188], [537.6353149414062, 110.77450561523438], [537.3653564453125, 111.27897644042969], [538.1549682617188, 110.76864624023438], [536.060302734375, 111.05997467041016], [537.0751342773438, 110.63214874267578], [537.1143188476562, 111.52011108398438], [537.7172241210938, 110.35079956054688], [536.09716796875, 112.08519744873047], [536.8223876953125, 110.83221435546875], [536.0603637695312, 109.7874755859375], [536.0140380859375, 110.23511505126953], [535.9945678710938, 110.83560180664062], [536.3717041015625, 112.32754516601562], [536.8340454101562, 111.4178237915039], [534.3939819335938, 111.15328979492188], [535.842041015625, 111.60691833496094], [534.528564453125, 109.10148620605469], [535.4468383789062, 111.56131744384766], [533.8233642578125, 112.12895202636719], [533.8571166992188, 112.15889739990234], [534.3528442382812, 110.82538604736328], [535.5288696289062, 111.96363830566406], [535.8058471679688, 110.71986389160156], [536.8807983398438, 112.25741577148438], [536.3021240234375, 110.50567626953125], [535.1907348632812, 111.33641052246094], [534.505615234375, 110.89281463623047], [535.565185546875, 110.90689849853516], [535.3154907226562, 110.88859558105469], [534.4871215820312, 111.984375], [536.3115844726562, 111.367431640625], [534.1077270507812, 112.11566162109375], [533.9125366210938, 109.43672943115234], [534.3130493164062, 111.75267791748047], [533.5448608398438, 111.73253631591797], [534.6302490234375, 111.34365844726562], [533.8178100585938, 110.95764923095703], [533.4591064453125, 111.05360412597656], [533.9811401367188, 111.7841567993164], [534.3082885742188, 112.52055358886719], [533.9166870117188, 112.18708801269531], [534.1495971679688, 111.72647094726562], [533.390869140625, 112.25140380859375], [533.0104370117188, 111.9293441772461], [533.7327880859375, 111.90895080566406], [532.1549072265625, 111.38447570800781], [532.074951171875, 111.33911895751953], [533.03515625, 112.94983673095703], [532.97900390625, 112.11116790771484], [532.60546875, 112.46493530273438], [531.9622802734375, 112.09801483154297], [532.5519409179688, 113.56944274902344], [533.2349243164062, 113.10939025878906], [532.275634765625, 110.39130401611328], [532.756591796875, 111.00862884521484], [532.4026489257812, 112.49015045166016], [532.4619140625, 112.2861557006836], [531.90283203125, 112.80648803710938], [531.7249755859375, 112.73832702636719], [532.2059326171875, 111.70187377929688], [532.737548828125, 113.15203094482422], [532.0184326171875, 112.52732849121094], [531.8729858398438, 112.79862213134766], [532.904541015625, 113.39874267578125], [531.0869140625, 112.05857849121094], [532.5142211914062, 113.63829040527344], [533.5970458984375, 112.56495666503906], [529.7647705078125, 112.11139678955078], [533.0917358398438, 113.74821472167969], [532.4598388671875, 112.6789321899414], [530.870849609375, 113.31867980957031], [531.4080200195312, 113.09577941894531]]",0.590894,mc_dropout_ade_v1,"{""method"": ""mc_dropout_ade_v1"", ""validation_ade_px"": 13.288751, ""epistemic_std_px"": 0.707751, ""estimated_ade_px"": 13.307585, ""observation_coverage"": 0.566667, ""confidence_scale_px"": 100.0, ""mc_samples"": 16}",gru,[]
examples/inputs/adl-01-cam0.mp4,adl-01-cam0,41,1.3667,person_1,True,"[535.77099609375, 109.23550415039062]","{""type"": ""polygon"", ""coordinate_system"": ""original_video_pixels"", ""points"": [[504, 44], [565, 44], [565, 181], [504, 181]]}","[[534.6289672851562, 107.68701171875], [536.0642700195312, 109.27320098876953], [533.6591796875, 109.16734313964844], [535.0786743164062, 108.60305786132812], [535.3168334960938, 110.42161560058594], [536.447998046875, 109.69220733642578], [537.8480224609375, 110.36024475097656], [537.0511474609375, 110.19251251220703], [536.9732666015625, 108.85590362548828], [537.8381958007812, 110.9693603515625], [537.9279174804688, 110.20076751708984], [538.2342529296875, 109.4905014038086], [538.6678466796875, 109.30658721923828], [537.2012939453125, 110.93167877197266], [537.6465454101562, 110.61915588378906], [537.1412963867188, 110.95645904541016], [537.7484741210938, 108.93500518798828], [537.856201171875, 110.17314910888672], [538.5989379882812, 110.6778793334961], [538.3464965820312, 111.16372680664062], [539.1709594726562, 110.73338317871094], [537.1004028320312, 110.95272827148438], [538.0258178710938, 110.49246215820312], [538.1448364257812, 111.4100570678711], [538.7946166992188, 110.32194519042969], [537.2442626953125, 111.90902709960938], [537.9313354492188, 110.69847106933594], [537.1381225585938, 109.70223999023438], [537.1824340820312, 110.12141418457031], [537.0853881835938, 110.72181701660156], [537.5427856445312, 112.17903137207031], [538.0575561523438, 111.33443450927734], [535.6397705078125, 111.04000091552734], [537.0739135742188, 111.44764709472656], [535.72021484375, 109.00662231445312], [536.741455078125, 111.49337768554688], [535.0420532226562, 112.05706787109375], [535.1270141601562, 112.06126403808594], [535.5977172851562, 110.72337341308594], [536.9072265625, 111.837890625], [537.08544921875, 110.64430236816406], [538.2561645507812, 112.18489074707031], [537.7403564453125, 110.43506622314453], [536.614990234375, 111.20919036865234], [535.8206176757812, 110.8421401977539], [536.9277954101562, 110.85262298583984], [536.6790771484375, 110.79586029052734], [535.69775390625, 111.85238647460938], [537.5875244140625, 111.27487182617188], [535.4722900390625, 112.10995483398438], [535.3241577148438, 109.38390350341797], [535.7063598632812, 111.56458282470703], [534.8336791992188, 111.61565399169922], [535.9555053710938, 111.23741912841797], [535.0755615234375, 110.87416076660156], [534.7616577148438, 110.97870635986328], [535.3137817382812, 111.68299865722656], [535.5338134765625, 112.42208099365234], [535.2304077148438, 112.0697250366211], [535.423095703125, 111.6669921875], [534.6420288085938, 112.13838958740234], [534.270263671875, 111.76073455810547], [535.1318359375, 111.82622528076172], [533.4713134765625, 111.26593017578125], [533.3627319335938, 111.24491119384766], [534.2706909179688, 112.87080383300781], [534.3286743164062, 112.01811218261719], [533.9307250976562, 112.31462097167969], [533.26904296875, 112.06793212890625], [533.8895874023438, 113.48252868652344], [534.4580078125, 113.01254272460938], [533.4658203125, 110.337158203125], [533.9854736328125, 110.87710571289062], [533.5941162109375, 112.46573638916016], [533.6965942382812, 112.21147155761719], [533.2049560546875, 112.84215545654297], [533.116455078125, 112.63491821289062], [533.419189453125, 111.59424591064453], [533.8543701171875, 113.1034164428711], [533.3571166992188, 112.4726791381836], [533.156982421875, 112.69017028808594], [533.9920654296875, 113.31144714355469], [532.2925415039062, 111.9968490600586], [533.6428833007812, 113.51531219482422], [534.8916015625, 112.48754119873047], [531.025390625, 111.99929809570312], [534.3977661132812, 113.63813781738281], [533.6924438476562, 112.5251235961914], [532.1351318359375, 113.21849822998047], [532.6822509765625, 113.0205078125]]",0.60187,mc_dropout_ade_v1,"{""method"": ""mc_dropout_ade_v1"", ""validation_ade_px"": 13.288751, ""epistemic_std_px"": 0.593051, ""estimated_ade_px"": 13.301978, ""observation_coverage"": 0.583333, ""confidence_scale_px"": 100.0, ""mc_samples"": 16}",gru,[]
examples/inputs/adl-01-cam0.mp4,adl-01-cam0,42,1.4,person_1,True,"[535.365478515625, 109.30551147460938]","{""type"": ""polygon"", ""coordinate_system"": ""original_video_pixels"", ""points"": [[500, 44], [563, 44], [563, 181], [500, 181]]}","[[533.9567260742188, 107.65433502197266], [535.3695678710938, 109.36231231689453], [532.6705322265625, 109.20579528808594], [533.9033203125, 108.52693939208984], [534.0845947265625, 110.47439575195312], [535.0870971679688, 109.62002563476562], [536.4029541015625, 110.36209106445312], [535.5392456054688, 110.07884216308594], [535.434814453125, 108.82479858398438], [536.396240234375, 110.863037109375], [536.3389282226562, 110.19969940185547], [536.6472778320312, 109.52226257324219], [537.15771484375, 109.43885803222656], [535.716796875, 110.76634979248047], [535.8784790039062, 110.61090850830078], [535.446533203125, 110.97113800048828], [535.9979858398438, 108.99260711669922], [536.0648193359375, 110.15028381347656], [536.5604858398438, 110.66641998291016], [536.3988037109375, 111.12918090820312], [537.0784912109375, 110.738037109375], [535.0687255859375, 110.89996337890625], [536.1287231445312, 110.44983673095703], [536.151123046875, 111.39021301269531], [536.6644287109375, 110.22957611083984], [535.0742797851562, 111.88941192626953], [535.8110961914062, 110.70162200927734], [534.9901733398438, 109.78118896484375], [535.1033325195312, 110.0976791381836], [534.9488525390625, 110.74882507324219], [535.1478271484375, 112.19417572021484], [535.7711181640625, 111.28507995605469], [533.1790161132812, 111.07172393798828], [534.5628662109375, 111.60082244873047], [533.4655151367188, 109.04743194580078], [534.25927734375, 111.59065246582031], [532.8190307617188, 112.06767272949219], [532.7713012695312, 112.12083435058594], [533.2279052734375, 110.69900512695312], [534.3593139648438, 111.86914825439453], [534.5775146484375, 110.75423431396484], [535.57861328125, 112.24061584472656], [535.103271484375, 110.4386215209961], [534.0443115234375, 111.4918441772461], [533.4141845703125, 110.90841674804688], [534.353759765625, 110.93964385986328], [533.973388671875, 110.89697265625], [533.3621215820312, 112.01385498046875], [534.9801635742188, 111.45813751220703], [532.8701171875, 112.09161376953125], [532.6226806640625, 109.58216094970703], [533.0440673828125, 111.87677764892578], [532.2589111328125, 111.91488647460938], [533.4312133789062, 111.48519134521484], [532.4658813476562, 111.0211181640625], [532.3135986328125, 111.1434326171875], [532.66357421875, 111.9378662109375], [533.2057495117188, 112.56173706054688], [532.6795043945312, 112.28065490722656], [532.796142578125, 111.8881607055664], [532.1575317382812, 112.34779357910156], [531.8539428710938, 111.97229766845703], [532.5443115234375, 112.0804672241211], [530.9248046875, 111.38253021240234], [531.0665893554688, 111.4347152709961], [531.7866821289062, 113.04288482666016], [531.8631591796875, 112.31340789794922], [531.4661254882812, 112.52835083007812], [530.7901611328125, 112.31566619873047], [531.3855590820312, 113.61749267578125], [531.95166015625, 113.198486328125], [531.110107421875, 110.57408142089844], [531.53955078125, 111.1003189086914], [531.3338012695312, 112.54307556152344], [531.3153076171875, 112.4446029663086], [530.8558349609375, 112.93673706054688], [530.6650390625, 112.83836364746094], [531.1341552734375, 111.83031463623047], [531.6365966796875, 113.18955993652344], [531.0230712890625, 112.65467071533203], [530.7537231445312, 112.85678100585938], [531.636474609375, 113.49302673339844], [529.9461059570312, 112.07608032226562], [531.3849487304688, 113.61637878417969], [532.3504028320312, 112.57980346679688], [528.6171875, 112.1363525390625], [531.843017578125, 113.80924224853516], [531.252685546875, 112.79228210449219], [529.8622436523438, 113.4464111328125], [530.2472534179688, 113.18490600585938]]",0.612755,mc_dropout_ade_v1,"{""method"": ""mc_dropout_ade_v1"", ""validation_ade_px"": 13.288751, ""epistemic_std_px"": 0.776911, ""estimated_ade_px"": 13.311442, ""observation_coverage"": 0.6, ""confidence_scale_px"": 100.0, ""mc_samples"": 16}",gru,[]
examples/inputs/adl-01-cam0.mp4,adl-01-cam0,43,1.4333,person_1,True,"[534.4435424804688, 109.36900329589844]","{""type"": ""polygon"", ""coordinate_system"": ""original_video_pixels"", ""points"": [[496, 43], [560, 43], [560, 181], [496, 181]]}","[[532.5722045898438, 107.53650665283203], [534.0735473632812, 109.36430358886719], [530.7848510742188, 109.14197540283203], [531.7451782226562, 108.2780990600586], [531.8067016601562, 110.48609161376953], [532.63232421875, 109.3818588256836], [533.7285766601562, 110.34397888183594], [532.7327880859375, 109.80257415771484], [532.5028076171875, 108.63617706298828], [533.6400146484375, 110.6166763305664], [533.30029296875, 110.09260559082031], [533.5533447265625, 109.4966049194336], [534.2605590820312, 109.59638214111328], [532.8599853515625, 110.41488647460938], [532.3700561523438, 110.5248794555664], [532.0919799804688, 110.92560577392578], [532.5899047851562, 108.9902114868164], [532.6016845703125, 110.04782104492188], [532.6481323242188, 110.58222198486328], [532.5960083007812, 110.9918441772461], [533.0576171875, 110.61387634277344], [531.0895385742188, 110.73808288574219], [532.487548828125, 110.32879638671875], [532.1714477539062, 111.2735595703125], [532.4807739257812, 109.92372131347656], [530.771728515625, 111.83229064941406], [531.61181640625, 110.63015747070312], [530.8265991210938, 109.79486846923828], [530.954833984375, 109.99559783935547], [530.701171875, 110.73151397705078], [530.427001953125, 112.20623016357422], [531.2531127929688, 111.11189270019531], [528.4093017578125, 111.04984283447266], [529.5889892578125, 111.77765655517578], [528.9656372070312, 109.06253051757812], [529.3952026367188, 111.6280288696289], [528.322998046875, 111.99641418457031], [528.0664672851562, 112.1279296875], [528.5068359375, 110.60963439941406], [529.3301391601562, 111.86474609375], [529.5604858398438, 110.82101440429688], [530.258056640625, 112.26409912109375], [529.8795166015625, 110.35323333740234], [528.931640625, 111.85287475585938], [528.5625, 110.9345474243164], [529.2131958007812, 110.99512481689453], [528.6400756835938, 110.9737548828125], [528.7162475585938, 112.20340728759766], [529.941650390625, 111.64311218261719], [527.7513427734375, 111.9401626586914], [527.2471923828125, 109.76029968261719], [527.7764282226562, 112.30278778076172], [527.1511840820312, 112.36013793945312], [528.42919921875, 111.72366333007812], [527.291015625, 111.14046478271484], [527.4407348632812, 111.30110931396484], [527.4366455078125, 112.22637939453125], [528.4251098632812, 112.68650817871094], [527.5386352539062, 112.57524108886719], [527.5709838867188, 112.06604766845703], [527.1570434570312, 112.59517669677734], [527.0800170898438, 112.23173522949219], [527.28369140625, 112.28913879394531], [525.8079833984375, 111.4218978881836], [526.3682861328125, 111.59765625], [526.885498046875, 113.21223449707031], [526.7775268554688, 112.59160614013672], [526.4547729492188, 112.82122802734375], [525.80712890625, 112.55300903320312], [526.3330078125, 113.7122802734375], [526.9456176757812, 113.36551666259766], [526.3677978515625, 110.829345703125], [526.6903076171875, 111.30575561523438], [526.6533203125, 112.5185317993164], [526.4645385742188, 112.70915985107422], [526.09765625, 112.92514038085938], [525.5324096679688, 113.02590942382812], [526.4369506835938, 112.12261962890625], [527.07958984375, 113.23118591308594], [526.20947265625, 112.8325424194336], [525.8700561523438, 113.07044982910156], [526.8546142578125, 113.70702362060547], [525.1925659179688, 112.08187866210938], [526.8504028320312, 113.70822143554688], [527.2469482421875, 112.65872955322266], [523.767822265625, 112.32144927978516], [526.7484741210938, 114.02246856689453], [526.2886962890625, 113.19878387451172], [525.1593017578125, 113.70285034179688], [525.251708984375, 113.36832427978516]]",0.623712,mc_dropout_ade_v1,"{""method"": ""mc_dropout_ade_v1"", ""validation_ade_px"": 13.288751, ""epistemic_std_px"": 0.736723, ""estimated_ade_px"": 13.309157, ""observation_coverage"": 0.616667, ""confidence_scale_px"": 100.0, ""mc_samples"": 16}",gru,[]
examples/inputs/adl-01-cam0.mp4,adl-01-cam0,44,1.4667,person_1,True,"[533.259521484375, 109.61550903320312]","{""type"": ""polygon"", ""coordinate_system"": ""original_video_pixels"", ""points"": [[490, 42], [559, 42], [559, 181], [490, 181]]}","[[531.1444091796875, 107.61457824707031], [532.87890625, 109.53976440429688], [529.0459594726562, 109.35609436035156], [529.7907104492188, 108.25550079345703], [529.739501953125, 110.74752044677734], [530.3732299804688, 109.32593536376953], [531.28173828125, 110.55230712890625], [530.0036010742188, 109.74305725097656], [529.63134765625, 108.66484069824219], [530.9642944335938, 110.58810424804688], [530.2993774414062, 110.26823425292969], [530.310302734375, 109.69498443603516], [531.3372802734375, 109.97866821289062], [529.8491821289062, 110.38699340820312], [528.57666015625, 110.65185546875], [528.5556030273438, 111.21517944335938], [528.93798828125, 109.21963500976562], [528.99560546875, 110.2918930053711], [528.593505859375, 110.7567138671875], [528.5695190429688, 111.11277770996094], [528.8406982421875, 110.74566650390625], [526.9498901367188, 110.78909301757812], [528.6054077148438, 110.46200561523438], [527.843505859375, 111.37928771972656], [527.9513549804688, 109.87416076660156], [526.2340698242188, 112.01073455810547], [527.1068725585938, 110.81888580322266], [526.490234375, 110.03337097167969], [526.5960693359375, 110.14649200439453], [526.0349731445312, 110.93997192382812], [525.3259887695312, 112.53961944580078], [526.5653686523438, 111.17481994628906], [523.406005859375, 111.18177795410156], [524.1223754882812, 112.13914489746094], [524.1731567382812, 109.27767944335938], [524.3626098632812, 111.86695098876953], [523.4237670898438, 112.22661590576172], [523.0064697265625, 112.3520278930664], [523.4603271484375, 110.76551818847656], [524.0890502929688, 112.10236358642578], [524.13427734375, 111.07159423828125], [524.6363525390625, 112.57792663574219], [524.3284301757812, 110.43669128417969], [523.5550537109375, 112.31937408447266], [523.3146362304688, 111.16985321044922], [523.6306762695312, 111.26294708251953], [522.9321899414062, 111.1893539428711], [523.5970458984375, 112.61782836914062], [524.6213989257812, 111.99627685546875], [522.3167724609375, 111.99168395996094], [521.5064086914062, 110.00790405273438], [522.1054077148438, 112.82667541503906], [521.549560546875, 113.07522583007812], [523.1382446289062, 112.0341567993164], [521.651611328125, 111.3097915649414], [522.168212890625, 111.58212280273438], [521.7263793945312, 112.61361694335938], [523.0342407226562, 112.9654312133789], [521.8956298828125, 113.07278442382812], [521.8247680664062, 112.28736114501953], [521.6809692382812, 113.03595733642578], [522.0130615234375, 112.6375732421875], [521.6370849609375, 112.48318481445312], [520.2256469726562, 111.50802612304688], [521.1837158203125, 111.77277374267578], [521.6533813476562, 113.51065826416016], [521.1358642578125, 112.8588638305664], [520.912841796875, 113.19015502929688], [520.40380859375, 112.85018920898438], [520.77783203125, 113.85442352294922], [521.3617553710938, 113.578369140625], [521.06103515625, 111.13558197021484], [521.3226928710938, 111.3521957397461], [521.3634643554688, 112.57862854003906], [521.048828125, 113.0419692993164], [520.884033203125, 113.05409240722656], [519.747802734375, 113.17974853515625], [521.1177368164062, 112.50105285644531], [521.8674926757812, 113.38105773925781], [520.8965454101562, 113.06739044189453], [520.5147705078125, 113.36450958251953], [521.3442993164062, 113.99964904785156], [519.8700561523438, 112.16912078857422], [521.8262939453125, 113.84522247314453], [521.642578125, 112.8416976928711], [518.4091796875, 112.60403442382812], [521.1432495117188, 114.2535629272461], [520.6679077148438, 113.65863800048828], [519.8699340820312, 113.99983978271484], [519.5584716796875, 113.61016082763672]]",0.634599,mc_dropout_ade_v1,"{""method"": ""mc_dropout_ade_v1"", ""validation_ade_px"": 13.288751, ""epistemic_std_px"": 0.879043, ""estimated_ade_px"": 13.317793, ""observation_coverage"": 0.633333, ""confidence_scale_px"": 100.0, ""mc_samples"": 16}",gru,[]
examples/inputs/adl-01-cam0.mp4,adl-01-cam0,45,1.5,person_1,True,"[532.5020141601562, 109.76150512695312]","{""type"": ""polygon"", ""coordinate_system"": ""original_video_pixels"", ""points"": [[488, 42], [559, 42], [559, 181], [488, 181]]}","[[530.7196655273438, 107.71924591064453], [532.8682861328125, 109.64332580566406], [529.0393676757812, 109.60836029052734], [529.75341796875, 108.31360626220703], [529.6306762695312, 110.95021057128906], [530.1951293945312, 109.3641128540039], [531.0010986328125, 110.67854309082031], [529.3499145507812, 109.76182556152344], [528.8688354492188, 108.69036102294922], [530.2214965820312, 110.64579010009766], [529.371337890625, 110.41730499267578], [529.0843505859375, 109.82029724121094], [530.2638549804688, 110.11957550048828], [528.523193359375, 110.47989654541016], [526.8531494140625, 110.70489501953125], [527.0390014648438, 111.50028228759766], [527.1554565429688, 109.33432006835938], [527.409423828125, 110.55474090576172], [526.8826293945312, 110.89755249023438], [526.7783203125, 111.25147247314453], [526.98681640625, 110.83982849121094], [525.1011352539062, 110.88792419433594], [526.6798095703125, 110.62333679199219], [525.7565307617188, 111.53795623779297], [525.7484130859375, 109.98876190185547], [524.1266479492188, 112.16653442382812], [524.908935546875, 111.0269775390625], [524.482421875, 110.253173828125], [524.5772705078125, 110.34294128417969], [523.6875610351562, 111.07490539550781], [522.8425903320312, 112.8716049194336], [524.4478759765625, 111.31745910644531], [521.0481567382812, 111.25322723388672], [521.36376953125, 112.38700866699219], [521.7837524414062, 109.3947982788086], [522.0536499023438, 112.05557250976562], [520.875244140625, 112.43099975585938], [520.4698486328125, 112.48041534423828], [520.925537109375, 110.88091278076172], [521.7157592773438, 112.3193359375], [521.3936767578125, 111.23593139648438], [522.0352172851562, 112.92642211914062], [521.7052001953125, 110.4837417602539], [520.9512939453125, 112.50878143310547], [520.7206420898438, 111.3124008178711], [520.8360595703125, 111.41024017333984], [520.14111328125, 111.29263305664062], [520.9373779296875, 112.8548812866211], [521.9500732421875, 112.23501586914062], [519.6576538085938, 112.11104583740234], [518.6795654296875, 110.04965209960938], [519.2881469726562, 112.96942138671875], [518.6202392578125, 113.47895812988281], [520.5279541015625, 112.10713195800781], [518.8189086914062, 111.30542755126953], [519.526123046875, 111.68636322021484], [518.6707763671875, 112.73153686523438], [520.0466918945312, 113.1214370727539], [519.01953125, 113.3575668334961], [518.8402709960938, 112.3423843383789], [518.8921508789062, 113.24844360351562], [519.53662109375, 112.76719665527344], [518.8847045898438, 112.44774627685547], [517.3677978515625, 111.43817901611328], [518.4830322265625, 111.70783233642578], [518.9860229492188, 113.67822265625], [518.1992797851562, 112.84163665771484], [517.9746704101562, 113.27266693115234], [517.6080932617188, 112.9709243774414], [517.868408203125, 113.88060760498047], [518.3771362304688, 113.57007598876953], [518.1972045898438, 111.12222290039062], [518.4187622070312, 111.13214111328125], [518.4703369140625, 112.5745849609375], [518.0687866210938, 113.18894958496094], [518.0825805664062, 113.18766784667969], [516.6292724609375, 113.17901611328125], [518.1533203125, 112.62123107910156], [518.8592529296875, 113.43077850341797], [518.0757446289062, 113.1297378540039], [517.6688842773438, 113.48454284667969], [518.1984252929688, 114.09339904785156], [516.8526611328125, 112.15670013427734], [519.0341796875, 113.85963439941406], [518.6306762695312, 112.92985534667969], [515.5325927734375, 112.71684265136719], [518.09228515625, 114.27983093261719], [517.6071166992188, 113.83601379394531], [517.0335693359375, 114.11091613769531], [516.3560791015625, 113.71568298339844]]",0.645519,mc_dropout_ade_v1,"{""method"": ""mc_dropout_ade_v1"", ""validation_ade_px"": 13.288751, ""epistemic_std_px"": 0.928665, ""estimated_ade_px"": 13.321161, ""observation_coverage"": 0.65, ""confidence_scale_px"": 100.0, ""mc_samples"": 16}",gru,[]
examples/inputs/adl-01-cam0.mp4,adl-01-cam0,46,1.5333,person_1,True,"[532.1669921875, 109.93399810791016]","{""type"": ""polygon"", ""coordinate_system"": ""original_video_pixels"", ""points"": [[486, 41], [560, 41], [560, 183], [486, 183]]}","[[530.9724731445312, 107.9888687133789], [533.47802734375, 109.88445281982422], [530.0814208984375, 109.97543334960938], [530.7293701171875, 108.546875], [530.6233520507812, 111.19744110107422], [531.2260131835938, 109.58101654052734], [531.8743286132812, 110.810302734375], [529.905029296875, 109.93734741210938], [529.3106689453125, 108.81814575195312], [530.5349731445312, 110.8174819946289], [529.6570434570312, 110.61979675292969], [529.2681274414062, 109.98223114013672], [530.2605590820312, 110.19636535644531], [528.2064208984375, 110.6698226928711], [526.6402587890625, 110.82708740234375], [526.9349975585938, 111.845703125], [526.5968017578125, 109.49102020263672], [527.07275390625, 110.85041809082031], [526.6759643554688, 111.09220886230469], [526.4739990234375, 111.5282211303711], [526.626708984375, 110.98363494873047], [524.7606811523438, 111.13601684570312], [525.9649658203125, 110.92056274414062], [525.2699584960938, 111.89723205566406], [525.1439208984375, 110.38663482666016], [523.6192626953125, 112.41075897216797], [524.3059692382812, 111.3788833618164], [523.9698486328125, 110.59329986572266], [524.0940551757812, 110.69650268554688], [522.989013671875, 111.28804779052734], [522.2144165039062, 113.27513122558594], [524.0111694335938, 111.63289642333984], [520.4113159179688, 111.44055938720703], [520.5401611328125, 112.70863342285156], [521.0534057617188, 109.54976654052734], [521.49658203125, 112.32368469238281], [520.0556640625, 112.69033813476562], [519.66064453125, 112.6513671875], [520.1756591796875, 111.05996704101562], [521.2129516601562, 112.61705780029297], [520.6344604492188, 111.48289489746094], [521.5379028320312, 113.35783386230469], [521.0325927734375, 110.63957977294922], [520.1175537109375, 112.6856689453125], [520.0363159179688, 111.4598159790039], [520.0193481445312, 111.5625991821289], [519.407958984375, 111.4872817993164], [520.0526733398438, 113.08621215820312], [521.0219116210938, 112.55281066894531], [518.8778686523438, 112.3646240234375], [517.8880004882812, 110.12789154052734], [518.4161376953125, 113.07710266113281], [517.6400146484375, 113.7259292602539], [519.7791137695312, 112.26887512207031], [518.0911254882812, 111.36863708496094], [518.7462158203125, 111.80474853515625], [517.4755859375, 112.84120178222656], [518.9674072265625, 113.3315658569336], [518.2318725585938, 113.57918548583984], [517.9376220703125, 112.55780792236328], [518.1729736328125, 113.4421157836914], [518.8717041015625, 112.91566467285156], [518.224853515625, 112.55766296386719], [516.5497436523438, 111.53504180908203], [517.6302490234375, 111.71715545654297], [518.1203002929688, 113.90425872802734], [517.3634033203125, 112.94483947753906], [516.9920043945312, 113.34894561767578], [516.7221069335938, 113.16511535644531], [516.900390625, 114.05899047851562], [517.392822265625, 113.61804962158203], [517.2262573242188, 111.04570007324219], [517.308837890625, 111.06985473632812], [517.5185546875, 112.66204833984375], [516.9740600585938, 113.35704803466797], [517.0245361328125, 113.4833984375], [515.6466674804688, 113.33141326904297], [517.0867919921875, 112.75984954833984], [517.6796264648438, 113.52932739257812], [517.1453857421875, 113.24820709228516], [516.7236938476562, 113.62255859375], [517.0513305664062, 114.16759490966797], [515.6104125976562, 112.26181030273438], [517.9810791015625, 113.9432144165039], [517.5684204101562, 113.11156463623047], [514.5405883789062, 112.80720520019531], [516.91455078125, 114.34761047363281], [516.5994873046875, 113.96068572998047], [516.151123046875, 114.30897521972656], [515.18408203125, 113.8718490600586]]",0.656395,mc_dropout_ade_v1,"{""method"": ""mc_dropout_ade_v1"", ""validation_ade_px"": 13.288751, ""epistemic_std_px"": 1.060383, ""estimated_ade_px"": 13.330991, ""observation_coverage"": 0.666667, ""confidence_scale_px"": 100.0, ""mc_samples"": 16}",gru,[]
examples/inputs/adl-01-cam0.mp4,adl-01-cam0,47,1.5667,person_1,True,"[532.0800170898438, 110.01699829101562]","{""type"": ""polygon"", ""coordinate_system"": ""original_video_pixels"", ""points"": [[487, 40], [560, 40], [560, 185], [487, 185]]}","[[531.2413940429688, 108.19232177734375], [533.9031372070312, 110.12918090820312], [530.8201904296875, 110.23485565185547], [531.3956909179688, 108.7564926147461], [531.3020629882812, 111.38109588623047], [531.9976806640625, 109.81929016113281], [532.5247802734375, 110.9454574584961], [530.4285888671875, 110.10433197021484], [529.6913452148438, 108.96536254882812], [530.8038940429688, 111.03968048095703], [529.9889526367188, 110.79537963867188], [529.6549072265625, 110.18763732910156], [530.41357421875, 110.28923797607422], [528.0809936523438, 110.82030487060547], [526.8284912109375, 111.00018310546875], [527.0806274414062, 112.10401153564453], [526.3906860351562, 109.64263916015625], [527.0240478515625, 111.06230926513672], [526.8784790039062, 111.23992919921875], [526.54833984375, 111.8094711303711], [526.598388671875, 111.12889099121094], [524.7163696289062, 111.4281234741211], [525.6384887695312, 111.20816802978516], [525.25244140625, 112.2741470336914], [525.0540161132812, 110.78788757324219], [523.4727783203125, 112.6412124633789], [524.1674194335938, 111.66505432128906], [523.8758544921875, 110.89049530029297], [523.9236450195312, 110.99134063720703], [522.7722778320312, 111.546630859375], [522.1300048828125, 113.57488250732422], [523.8545532226562, 111.95952606201172], [520.211181640625, 111.6316146850586], [520.4296875, 112.94780731201172], [520.70556640625, 109.71937561035156], [521.2955932617188, 112.56854248046875], [519.816162109375, 112.84988403320312], [519.3499145507812, 112.83602905273438], [519.932861328125, 111.23360443115234], [521.2330932617188, 112.85794830322266], [520.5430908203125, 111.71412658691406], [521.6363525390625, 113.68240356445312], [520.9827270507812, 110.80159759521484], [519.8104248046875, 112.82988739013672], [519.9353637695312, 111.55393981933594], [519.9478149414062, 111.64672088623047], [519.3699340820312, 111.69195556640625], [519.7802734375, 113.27019500732422], [520.6744995117188, 112.78168487548828], [518.6690673828125, 112.58721160888672], [517.7589111328125, 110.15723419189453], [518.1829223632812, 113.14494323730469], [517.4402465820312, 113.78523254394531], [519.53662109375, 112.4676513671875], [518.076171875, 111.46212768554688], [518.4839477539062, 111.88790130615234], [517.1718139648438, 112.8796615600586], [518.6514892578125, 113.54264068603516], [518.16748046875, 113.63824462890625], [517.810546875, 112.81712341308594], [518.2630615234375, 113.57096099853516], [518.7454833984375, 113.02316284179688], [518.1881713867188, 112.72696685791016], [516.3604125976562, 111.67665100097656], [517.33251953125, 111.73832702636719], [517.8109130859375, 114.07292175292969], [517.3638305664062, 113.12921142578125], [516.7758178710938, 113.39513397216797], [516.4714965820312, 113.3581314086914], [516.6406860351562, 114.28565216064453], [517.2953491210938, 113.6962890625], [516.9974975585938, 110.99933624267578], [516.9412841796875, 111.15940856933594], [517.2802734375, 112.73705291748047], [516.5775146484375, 113.4359359741211], [516.61669921875, 113.77040100097656], [515.4389038085938, 113.5362548828125], [516.767333984375, 112.81731414794922], [517.2918701171875, 113.59771728515625], [516.9517211914062, 113.3624496459961], [516.4481811523438, 113.7455825805664], [516.8512573242188, 114.20109558105469], [515.1222534179688, 112.38717651367188], [517.7154541015625, 114.00531768798828], [517.4225463867188, 113.30570983886719], [514.148681640625, 112.81859588623047], [516.5380249023438, 114.42645263671875], [516.3944702148438, 114.02727508544922], [515.9230346679688, 114.45814514160156], [514.8939208984375, 114.04049682617188]]",0.667408,mc_dropout_ade_v1,"{""method"": ""mc_dropout_ade_v1"", ""validation_ade_px"": 13.288751, ""epistemic_std_px"": 0.914086, ""estimated_ade_px"": 13.320152, ""observation_coverage"": 0.683333, ""confidence_scale_px"": 100.0, ""mc_samples"": 16}",gru,[]
examples/inputs/adl-01-cam0.mp4,adl-01-cam0,48,1.6,person_1,True,"[532.1160278320312, 110.24750518798828]","{""type"": ""polygon"", ""coordinate_system"": ""original_video_pixels"", ""points"": [[485, 40], [560, 40], [560, 186], [485, 186]]}","[[531.3021850585938, 108.58985900878906], [533.7355346679688, 110.58222961425781], [530.8837890625, 110.66542053222656], [531.1630249023438, 109.19212341308594], [531.216064453125, 111.75424194335938], [532.0007934570312, 110.24099731445312], [532.4978637695312, 111.31360626220703], [530.4767456054688, 110.53579711914062], [529.6306762695312, 109.43211364746094], [530.6718139648438, 111.50009155273438], [530.0298461914062, 111.26329040527344], [529.9384155273438, 110.67261505126953], [530.4144287109375, 110.6962890625], [527.968994140625, 111.26915740966797], [527.1512451171875, 111.50606536865234], [527.2902221679688, 112.64159393310547], [526.3672485351562, 110.13188934326172], [527.093017578125, 111.50564575195312], [527.2618408203125, 111.65299987792969], [526.8038330078125, 112.39656829833984], [526.6983642578125, 111.59991455078125], [524.9439086914062, 111.98115539550781], [525.6158447265625, 111.7610855102539], [525.5684814453125, 112.90117645263672], [525.2630615234375, 111.4601058959961], [523.6563110351562, 113.1199951171875], [524.380126953125, 112.2230453491211], [524.1090087890625, 111.42887878417969], [524.0430908203125, 111.54264831542969], [523.0065307617188, 112.08457946777344], [522.47998046875, 114.09830474853516], [524.0580444335938, 112.51952362060547], [520.3659057617188, 112.03565216064453], [520.8906860351562, 113.40319061279297], [520.852294921875, 110.14617919921875], [521.4984741210938, 113.00163269042969], [520.2039184570312, 113.28992462158203], [519.5851440429688, 113.25263214111328], [520.2869262695312, 111.6991958618164], [521.6111450195312, 113.3367691040039], [521.0167236328125, 112.17819213867188], [522.279541015625, 114.10438537597656], [521.3707885742188, 111.20872497558594], [520.0628662109375, 113.17572784423828], [520.3275146484375, 111.90113830566406], [520.4999389648438, 111.93140411376953], [519.9796752929688, 112.15675354003906], [520.0787353515625, 113.67069244384766], [520.9364624023438, 113.19807434082031], [518.9530029296875, 112.99105072021484], [518.231201171875, 110.38555145263672], [518.43408203125, 113.47624206542969], [517.904052734375, 113.97882843017578], [519.8601684570312, 112.94976806640625], [518.7486572265625, 111.72076416015625], [518.7120971679688, 112.16400909423828], [517.611572265625, 113.11051177978516], [519.09716796875, 113.9971694946289], [518.7132568359375, 113.81729888916016], [518.33935546875, 113.2600326538086], [519.0411376953125, 113.95018005371094], [519.099609375, 113.46715545654297], [518.762939453125, 113.12492370605469], [516.791015625, 112.15694427490234], [517.5858154296875, 111.98475646972656], [518.1158447265625, 114.36311340332031], [518.0690307617188, 113.56756591796875], [517.2323608398438, 113.59876251220703], [516.83740234375, 113.67802429199219], [516.98583984375, 114.6671371459961], [517.8834228515625, 113.98825073242188], [517.3501586914062, 111.20551300048828], [517.163330078125, 111.46440124511719], [517.7316284179688, 113.02814483642578], [516.8629150390625, 113.6198501586914], [516.8681030273438, 114.16407775878906], [515.9403686523438, 113.86087799072266], [517.1787719726562, 113.03105926513672], [517.7408447265625, 113.8012924194336], [517.46142578125, 113.61259460449219], [516.824951171875, 114.0147476196289], [517.4940185546875, 114.40081787109375], [515.4307250976562, 112.69380187988281], [518.1871948242188, 114.19581604003906], [518.0930786132812, 113.63738250732422], [514.3563842773438, 112.9518051147461], [516.884765625, 114.61700439453125], [516.912353515625, 114.12654113769531], [516.2313842773438, 114.69509887695312], [515.3367309570312, 114.27571105957031]]",0.678298,mc_dropout_ade_v1,"{""method"": ""mc_dropout_ade_v1"", ""validation_ade_px"": 13.288751, ""epistemic_std_px"": 1.016787, ""estimated_ade_px"": 13.327594, ""observation_coverage"": 0.7, ""confidence_scale_px"": 100.0, ""mc_samples"": 16}",gru,[]
examples/inputs/adl-01-cam0.mp4,adl-01-cam0,49,1.6333,person_1,True,"[531.5245361328125, 110.4625015258789]","{""type"": ""polygon"", ""coordinate_system"": ""original_video_pixels"", ""points"": [[484, 40], [558, 40], [558, 186], [484, 186]]}","[[530.1190185546875, 108.82518768310547], [532.115478515625, 110.89286804199219], [528.9456176757812, 110.88032531738281], [528.7302856445312, 109.39479064941406], [528.8850708007812, 112.0392837524414], [529.665283203125, 110.41429901123047], [530.1653442382812, 111.67088317871094], [528.3124389648438, 110.79130554199219], [527.3729248046875, 109.80237579345703], [528.4810791015625, 111.80314636230469], [527.8933715820312, 111.62238311767578], [528.0486450195312, 111.13513946533203], [528.4921875, 111.23900604248047], [526.1885375976562, 111.55419158935547], [525.2905883789062, 111.98067474365234], [525.361083984375, 113.05950164794922], [524.481689453125, 110.60724639892578], [525.1823120117188, 111.81932067871094], [525.3875122070312, 112.01010131835938], [524.865966796875, 112.83265686035156], [524.5206909179688, 111.99295806884766], [522.923828125, 112.37857055664062], [523.7596435546875, 112.17750549316406], [523.6543579101562, 113.31206512451172], [523.1929321289062, 111.77242279052734], [521.4981079101562, 113.51959228515625], [522.3014526367188, 112.64917755126953], [522.0558471679688, 111.85582733154297], [521.8546752929688, 111.95486450195312], [521.0556030273438, 112.54367065429688], [520.2802734375, 114.51691436767578], [521.7637939453125, 112.8822250366211], [517.9702758789062, 112.36257934570312], [518.832275390625, 113.8563461303711], [518.6666870117188, 110.5635986328125], [519.1016845703125, 113.35456085205078], [518.292236328125, 113.63780212402344], [517.4528198242188, 113.61996459960938], [518.181640625, 112.1206283569336], [519.2120971679688, 113.75108337402344], [518.7944946289062, 112.60970306396484], [520.0094604492188, 114.37010955810547], [518.9552612304688, 111.53469848632812], [517.7510375976562, 113.64368438720703], [518.0912475585938, 112.26880645751953], [518.4120483398438, 112.21871948242188], [517.828125, 112.61627960205078], [518.037109375, 114.11249542236328], [518.7408447265625, 113.59024810791016], [516.572509765625, 113.21919250488281], [515.89599609375, 110.69092559814453], [515.98388671875, 114.01146697998047], [515.8394775390625, 114.33126831054688], [517.5696411132812, 113.49081420898438], [516.7427978515625, 112.00370025634766], [516.4178466796875, 112.50639343261719], [515.5848388671875, 113.47251892089844], [517.1805419921875, 114.49332427978516], [516.551513671875, 114.1010971069336], [516.1788330078125, 113.63365936279297], [517.1631469726562, 114.43495178222656], [516.90869140625, 114.05473327636719], [516.5376586914062, 113.52407836914062], [514.5603637695312, 112.66419982910156], [515.4204711914062, 112.32290649414062], [516.01318359375, 114.63648986816406], [516.1134033203125, 114.06600952148438], [515.187255859375, 113.9405746459961], [514.6519165039062, 113.99195861816406], [514.7899780273438, 114.97117614746094], [515.9788208007812, 114.35027313232422], [515.2850341796875, 111.64549255371094], [515.0330200195312, 111.87615203857422], [515.8392944335938, 113.31553649902344], [514.773681640625, 113.90017700195312], [514.8042602539062, 114.3566665649414], [513.8146362304688, 114.1854248046875], [515.3303833007812, 113.34757232666016], [516.083740234375, 114.00031280517578], [515.5418701171875, 113.91992950439453], [514.7421264648438, 114.36856079101562], [515.8734741210938, 114.7720947265625], [513.5726318359375, 112.96965789794922], [516.481689453125, 114.43925476074219], [516.2884521484375, 113.9451904296875], [512.159912109375, 113.2103500366211], [514.7963256835938, 114.89684295654297], [514.9818115234375, 114.41893005371094], [514.0723876953125, 114.95269775390625], [513.3460083007812, 114.54529571533203]]",0.68932,mc_dropout_ade_v1,"{""method"": ""mc_dropout_ade_v1"", ""validation_ade_px"": 13.288751, ""epistemic_std_px"": 0.848244, ""estimated_ade_px"": 13.315796, ""observation_coverage"": 0.716667, ""confidence_scale_px"": 100.0, ""mc_samples"": 16}",gru,[]
examples/inputs/adl-01-cam0.mp4,adl-01-cam0,50,1.6667,person_1,True,"[530.1505126953125, 110.76350402832031]","{""type"": ""polygon"", ""coordinate_system"": ""original_video_pixels"", ""points"": [[478, 40], [558, 40], [558, 186], [478, 186]]}","[[527.8779907226562, 108.96544647216797], [529.5836791992188, 111.16606903076172], [525.6896362304688, 110.98934936523438], [524.9154052734375, 109.4478988647461], [524.9603881835938, 112.37425231933594], [525.7543334960938, 110.44273376464844], [526.00341796875, 112.06993865966797], [524.2156982421875, 110.94985961914062], [523.0430908203125, 110.0408935546875], [524.3480834960938, 111.99095153808594], [523.5386352539062, 111.90593719482422], [523.83544921875, 111.609619140625], [524.349853515625, 111.96566772460938], [522.2111206054688, 111.6846923828125], [520.6177978515625, 112.46598052978516], [520.8041381835938, 113.46235656738281], [519.9666137695312, 111.0583724975586], [520.5925903320312, 112.12504577636719], [520.4349365234375, 112.41267395019531], [519.8550415039062, 113.23104858398438], [519.2640380859375, 112.31475830078125], [517.70849609375, 112.72914123535156], [518.9583740234375, 112.60420227050781], [518.37646484375, 113.71036529541016], [517.7883911132812, 111.88092803955078], [515.8496704101562, 113.98721313476562], [516.74951171875, 113.08529663085938], [516.5382080078125, 112.27910614013672], [516.2207641601562, 112.39958190917969], [515.60009765625, 113.0399398803711], [514.1594848632812, 115.031005859375], [515.7217407226562, 113.23448181152344], [511.6548767089844, 112.80452728271484], [512.6232299804688, 114.54907989501953], [512.74072265625, 111.0567626953125], [512.72119140625, 113.8447036743164], [512.489501953125, 114.01235961914062], [511.4171447753906, 114.1257095336914], [512.0148315429688, 112.58380889892578], [512.7271728515625, 114.25440216064453], [512.4041748046875, 113.16200256347656], [513.2977294921875, 114.86625671386719], [512.2568359375, 111.90599822998047], [511.21453857421875, 114.41471862792969], [511.7418518066406, 112.70061492919922], [511.9271240234375, 112.72899627685547], [511.27105712890625, 113.17884826660156], [512.0198974609375, 114.847900390625], [512.3861083984375, 114.1186294555664], [509.97113037109375, 113.47489929199219], [509.0732421875, 111.18512725830078], [509.26422119140625, 114.97272491455078], [509.5573425292969, 115.15850830078125], [511.1315002441406, 114.27088928222656], [510.41082763671875, 112.52649688720703], [510.08709716796875, 113.06292724609375], [509.14300537109375, 114.15689086914062], [511.1779479980469, 115.18476104736328], [510.1442565917969, 114.75360870361328], [509.7952880859375, 114.18360137939453], [511.02032470703125, 115.20508575439453], [510.72216796875, 114.84075164794922], [509.9139709472656, 114.10303497314453], [508.0661926269531, 113.25276947021484], [509.25701904296875, 112.89865112304688], [509.9576110839844, 115.15628051757812], [509.8704833984375, 114.78248596191406], [509.0566711425781, 114.69141387939453], [508.261962890625, 114.5401840209961], [508.4851989746094, 115.43536376953125], [509.9013977050781, 114.92003631591797], [509.3229675292969, 112.31712341308594], [508.9747314453125, 112.49230194091797], [510.0486145019531, 113.65708923339844], [508.67578125, 114.48342895507812], [508.70379638671875, 114.58670043945312], [507.3386535644531, 114.72189331054688], [509.52081298828125, 113.93284606933594], [510.4717102050781, 114.3177719116211], [509.52532958984375, 114.46637725830078], [508.56964111328125, 114.92547607421875], [510.1442565917969, 115.44229888916016], [507.64544677734375, 113.33954620361328], [510.9736633300781, 114.91881561279297], [510.134033203125, 114.4748764038086], [506.0428466796875, 113.7569808959961], [508.5110778808594, 115.46513366699219], [508.8551940917969, 115.19107055664062], [507.98638916015625, 115.54200744628906], [507.15814208984375, 115.10855102539062]]",0.700261,mc_dropout_ade_v1,"{""method"": ""mc_dropout_ade_v1"", ""validation_ade_px"": 13.288751, ""epistemic_std_px"": 0.848606, ""estimated_ade_px"": 13.315819, ""observation_coverage"": 0.733333, ""confidence_scale_px"": 100.0, ""mc_samples"": 16}",gru,[]
examples/inputs/adl-01-cam0.mp4,adl-01-cam0,51,1.7,person_1,True,"[528.3499755859375, 110.60700225830078]","{""type"": ""polygon"", ""coordinate_system"": ""original_video_pixels"", ""points"": [[470, 40], [558, 40], [558, 186], [470, 186]]}","[[525.4736328125, 108.47203063964844], [527.2572021484375, 110.67483520507812], [522.682373046875, 110.40938568115234], [521.6683349609375, 108.81817626953125], [521.5095825195312, 112.06748962402344], [522.22998046875, 109.7885971069336], [522.2037353515625, 111.70098876953125], [520.3287963867188, 110.31591796875], [519.0711669921875, 109.46599578857422], [520.4945678710938, 111.34847259521484], [519.215087890625, 111.3718490600586], [519.2078857421875, 111.15618896484375], [519.9998779296875, 111.81871795654297], [518.0896606445312, 111.0809326171875], [515.435546875, 111.98408508300781], [515.7009887695312, 112.87220764160156], [515.0626220703125, 110.50176239013672], [515.5360107421875, 111.49779510498047], [514.8411254882812, 111.90879821777344], [514.2289428710938, 112.77313232421875], [513.6204223632812, 111.87611389160156], [511.72314453125, 112.14659881591797], [513.5691528320312, 112.10392761230469], [512.2366333007812, 113.19451141357422], [511.5670471191406, 110.94673919677734], [509.3984375, 113.54199981689453], [510.33477783203125, 112.53121185302734], [509.9607238769531, 111.76068115234375], [509.8303527832031, 111.98121643066406], [508.9842529296875, 112.58000946044922], [506.952392578125, 114.66252136230469], [508.5422668457031, 112.730712890625], [504.42449951171875, 112.48049926757812], [505.25970458984375, 114.593017578125], [505.633056640625, 110.72344207763672], [505.34698486328125, 113.55784606933594], [505.3089294433594, 113.61759185791016], [504.0387878417969, 113.98150634765625], [504.3472900390625, 112.30503845214844], [504.9739990234375, 113.97372436523438], [504.5386962890625, 112.98587799072266], [505.1119689941406, 114.75318908691406], [504.3775939941406, 111.6377944946289], [503.46441650390625, 114.48322296142578], [503.9633483886719, 112.54751586914062], [503.84405517578125, 112.7354965209961], [503.06317138671875, 112.95845794677734], [504.40435791015625, 114.9542465209961], [504.4711608886719, 113.97058868408203], [502.1033935546875, 113.19178771972656], [500.7418212890625, 111.14537811279297], [501.2237548828125, 115.23123168945312], [501.5953063964844, 115.47229766845703], [503.0545654296875, 114.23811340332031], [502.3492431640625, 112.54187774658203], [502.3787841796875, 113.15525817871094], [501.2475280761719, 114.27677154541016], [503.2412109375, 115.2839126586914], [502.06488037109375, 114.84382629394531], [501.80047607421875, 114.1448974609375], [502.9330139160156, 115.2895736694336], [502.82598876953125, 114.96978759765625], [501.6907043457031, 114.09135437011719], [499.8406677246094, 113.04998779296875], [501.6707763671875, 113.068359375], [502.1451110839844, 115.25373840332031], [501.7006530761719, 114.96499633789062], [501.1761169433594, 115.02455139160156], [500.1123962402344, 114.63762664794922], [500.630615234375, 115.49920654296875], [502.0394287109375, 115.04220581054688], [501.7247009277344, 112.53874969482422], [501.40350341796875, 112.65263366699219], [502.399169921875, 113.59546661376953], [500.9483337402344, 114.7538833618164], [500.8844909667969, 114.50933837890625], [499.1690979003906, 114.83966827392578], [501.7614440917969, 114.04325866699219], [502.94268798828125, 114.33523559570312], [501.6516418457031, 114.65284729003906], [500.5514831542969, 115.10865783691406], [502.3507385253906, 115.85658264160156], [499.888427734375, 113.35415649414062], [503.5252990722656, 115.06111145019531], [502.1318359375, 114.61503601074219], [498.2559814453125, 113.91287994384766], [500.5289306640625, 115.80397033691406], [500.8751525878906, 115.74942016601562], [500.16058349609375, 115.75040435791016], [499.0908508300781, 115.47583770751953]]",0.711047,mc_dropout_ade_v1,"{""method"": ""mc_dropout_ade_v1"", ""validation_ade_px"": 13.288751, ""epistemic_std_px"": 1.142792, ""estimated_ade_px"": 13.337799, ""observation_coverage"": 0.75, ""confidence_scale_px"": 100.0, ""mc_samples"": 16}",gru,[]
examples/inputs/adl-01-cam0.mp4,adl-01-cam0,52,1.7333,person_1,True,"[527.1589965820312, 110.18450164794922]","{""type"": ""polygon"", ""coordinate_system"": ""original_video_pixels"", ""points"": [[467, 39], [558, 39], [558, 186], [467, 186]]}","[[524.656494140625, 107.9249267578125], [526.770263671875, 109.84329986572266], [522.5215454101562, 109.82795715332031], [521.5547485351562, 108.18204498291016], [521.458251953125, 111.47649383544922], [522.057373046875, 109.09988403320312], [521.9761962890625, 110.94136047363281], [519.8665161132812, 109.58143615722656], [518.8056030273438, 108.7320556640625], [520.0831298828125, 110.52450561523438], [518.539306640625, 110.65419006347656], [518.045166015625, 110.24494171142578], [518.9015502929688, 110.94743347167969], [517.10693359375, 110.4912338256836], [514.1202392578125, 111.04877471923828], [514.31298828125, 112.04364776611328], [513.7214965820312, 109.52918243408203], [514.2151489257812, 110.64994812011719], [513.3915405273438, 111.0672607421875], [512.788330078125, 112.03863525390625], [512.4224243164062, 111.23588562011719], [510.2042236328125, 111.27906036376953], [512.0154418945312, 111.33370971679688], [510.49993896484375, 112.41179656982422], [509.7362976074219, 110.008544921875], [507.75714111328125, 112.72802734375], [508.4538269042969, 111.70021057128906], [507.9179992675781, 110.96282958984375], [508.16326904296875, 111.3385238647461], [506.92327880859375, 111.6303482055664], [504.9092102050781, 113.96551513671875], [506.5116882324219, 111.97224426269531], [502.5270080566406, 111.76046752929688], [503.1197204589844, 114.1858901977539], [503.4872741699219, 109.98963165283203], [503.4575500488281, 112.84087371826172], [502.8888854980469, 113.00947570800781], [501.6396484375, 113.32658386230469], [501.7674255371094, 111.66226196289062], [502.5408020019531, 113.37332916259766], [501.8846435546875, 112.3590087890625], [502.6998596191406, 114.2676010131836], [502.0608825683594, 111.06510162353516], [501.2557678222656, 113.83019256591797], [501.41009521484375, 112.12071228027344], [501.10833740234375, 112.31937408447266], [500.36639404296875, 112.22686004638672], [501.6947021484375, 114.35494232177734], [501.7239074707031, 113.47931671142578], [499.6888122558594, 112.78939819335938], [498.1888732910156, 110.67404174804688], [498.66357421875, 114.55278015136719], [498.6797180175781, 115.04712677001953], [500.2627258300781, 113.4297866821289], [499.6295166015625, 111.94355773925781], [499.84625244140625, 112.71868896484375], [498.4995422363281, 113.69420623779297], [500.0367736816406, 114.83399963378906], [499.1781005859375, 114.28816223144531], [498.9518737792969, 113.47784423828125], [499.8356018066406, 114.6469955444336], [499.8277893066406, 114.48563385009766], [499.022705078125, 113.45049285888672], [496.93914794921875, 112.31514739990234], [499.1636047363281, 112.60365295410156], [499.21038818359375, 114.83174896240234], [498.5846252441406, 114.36841583251953], [498.15435791015625, 114.54410552978516], [497.0439453125, 114.09783172607422], [497.8667297363281, 115.0526351928711], [498.8869323730469, 114.50906372070312], [498.7440185546875, 112.0019302368164], [498.5791015625, 112.06816101074219], [499.3280944824219, 113.2535629272461], [498.0136413574219, 114.4941177368164], [497.8653564453125, 114.21636962890625], [496.302978515625, 114.32034301757812], [498.4781494140625, 113.53422546386719], [499.7768859863281, 113.96797180175781], [498.5187072753906, 114.2427749633789], [497.4800109863281, 114.73338317871094], [498.9638671875, 115.66160583496094], [496.8028259277344, 113.00081634521484], [500.2173156738281, 114.66844177246094], [499.004638671875, 114.197509765625], [495.3609313964844, 113.48853302001953], [497.50299072265625, 115.47505950927734], [497.8623352050781, 115.44507598876953], [497.0643005371094, 115.32099914550781], [495.75604248046875, 115.22303771972656]]",0.722132,mc_dropout_ade_v1,"{""method"": ""mc_dropout_ade_v1"", ""validation_ade_px"": 13.288751, ""epistemic_std_px"": 0.874992, ""estimated_ade_px"": 13.317527, ""observation_coverage"": 0.766667, ""confidence_scale_px"": 100.0, ""mc_samples"": 16}",gru,[]
examples/inputs/adl-01-cam0.mp4,adl-01-cam0,53,1.7667,person_1,True,"[526.9099731445312, 109.72949981689453]","{""type"": ""polygon"", ""coordinate_system"": ""original_video_pixels"", ""points"": [[468, 39], [558, 39], [558, 187], [468, 187]]}","[[525.3924560546875, 107.63526916503906], [527.9609985351562, 109.29451751708984], [524.6304321289062, 109.58738708496094], [523.9403076171875, 107.90252685546875], [523.9609375, 111.0340347290039], [524.5882568359375, 108.89412689208984], [524.5178833007812, 110.42893981933594], [522.1325073242188, 109.28074645996094], [521.191162109375, 108.2872085571289], [522.19287109375, 110.21395874023438], [520.7574462890625, 110.23777770996094], [520.0975952148438, 109.6856918334961], [520.6077270507812, 110.08045959472656], [518.5116577148438, 110.21765899658203], [516.2116088867188, 110.44964599609375], [516.2410278320312, 111.66962432861328], [515.2991943359375, 108.88958740234375], [516.0405883789062, 110.27190399169922], [515.642333984375, 110.57172393798828], [514.9546508789062, 111.6470947265625], [514.8141479492188, 110.82149505615234], [512.463623046875, 110.95350646972656], [513.6261596679688, 111.03375244140625], [512.6849365234375, 112.16582489013672], [511.930908203125, 109.88652038574219], [510.1512756347656, 112.34814453125], [510.541259765625, 111.34090423583984], [510.0679626464844, 110.61994171142578], [510.4059143066406, 111.08489227294922], [509.1130065917969, 111.08619689941406], [507.5558166503906, 113.63479614257812], [509.0190124511719, 111.6878662109375], [505.1845703125, 111.35771179199219], [505.70269775390625, 113.80023956298828], [505.6980895996094, 109.52949523925781], [506.1685485839844, 112.41618347167969], [504.91119384765625, 112.59473419189453], [503.83087158203125, 112.7584228515625], [503.9844665527344, 111.14047241210938], [505.18536376953125, 113.02537536621094], [504.33343505859375, 111.88866424560547], [505.7409362792969, 113.97644805908203], [504.9114685058594, 110.64253997802734], [503.9087219238281, 113.13282012939453], [503.9266357421875, 111.7058334350586], [503.6877136230469, 111.80070495605469], [503.1082763671875, 111.6494369506836], [503.97869873046875, 113.61600494384766], [503.9800109863281, 113.14051055908203], [502.2892150878906, 112.60796356201172], [501.08929443359375, 110.10298156738281], [501.32623291015625, 113.59213256835938], [500.9934997558594, 114.26595306396484], [502.6667175292969, 112.6312484741211], [502.2872009277344, 111.27003479003906], [502.22796630859375, 112.0687026977539], [500.726318359375, 112.89485931396484], [501.99468994140625, 114.3055648803711], [501.6459655761719, 113.55545043945312], [501.3924560546875, 112.81838989257812], [502.2671203613281, 113.82793426513672], [502.01513671875, 113.73543548583984], [501.7605285644531, 112.75662994384766], [499.4713134765625, 111.62956237792969], [501.4814147949219, 111.82551574707031], [501.32586669921875, 114.2446060180664], [501.0440368652344, 113.51788330078125], [500.3556823730469, 113.69082641601562], [499.2376708984375, 113.41638946533203], [500.2457580566406, 114.5233154296875], [500.97174072265625, 113.72232055664062], [500.7627868652344, 111.0511474609375], [500.7354431152344, 111.31792449951172], [501.306884765625, 112.81830596923828], [499.975341796875, 113.93824768066406], [499.799560546875, 113.92826843261719], [498.7759094238281, 113.70506286621094], [500.2305603027344, 112.79641723632812], [501.40325927734375, 113.39010620117188], [500.5105895996094, 113.58258056640625], [499.6798400878906, 114.1136474609375], [500.75970458984375, 115.00096130371094], [498.5933837890625, 112.49488067626953], [501.7471618652344, 114.05873107910156], [501.10516357421875, 113.63997650146484], [497.52301025390625, 112.79991149902344], [499.63055419921875, 114.79657745361328], [500.1579895019531, 114.67889404296875], [499.1042785644531, 114.72720336914062], [497.699462890625, 114.6670150756836]]",0.732999,mc_dropout_ade_v1,"{""method"": ""mc_dropout_ade_v1"", ""validation_ade_px"": 13.288751, ""epistemic_std_px"": 1.017479, ""estimated_ade_px"": 13.327647, ""observation_coverage"": 0.783333, ""confidence_scale_px"": 100.0, ""mc_samples"": 16}",gru,[]
examples/inputs/adl-01-cam0.mp4,adl-01-cam0,54,1.8,person_1,True,"[527.2080078125, 109.58500671386719]","{""type"": ""polygon"", ""coordinate_system"": ""original_video_pixels"", ""points"": [[473, 38], [558, 38], [558, 188], [473, 188]]}","[[526.5113525390625, 107.8368911743164], [529.2734985351562, 109.4913330078125], [526.5867309570312, 110.04167175292969], [526.1437377929688, 108.2017822265625], [526.3799438476562, 111.11576080322266], [527.0554809570312, 109.37004089355469], [527.0883178710938, 110.71854400634766], [524.5189208984375, 109.679931640625], [523.5469360351562, 108.51862335205078], [524.462890625, 110.70452880859375], [523.5408935546875, 110.5994644165039], [523.2586669921875, 110.02750396728516], [523.2650756835938, 109.953857421875], [520.7129516601562, 110.46428680419922], [519.7139282226562, 110.71434020996094], [519.7186279296875, 112.3544692993164], [518.090576171875, 109.29474639892578], [519.2338256835938, 110.88993072509766], [519.61474609375, 110.92521667480469], [518.8544921875, 112.05950927734375], [518.5162353515625, 111.11941528320312], [516.7885131835938, 111.54293823242188], [517.0128173828125, 111.54613494873047], [517.084716796875, 112.82649993896484], [516.3358764648438, 110.92481994628906], [514.7069091796875, 112.84685516357422], [514.89404296875, 111.95963287353516], [514.8861083984375, 111.1400375366211], [514.916748046875, 111.61457061767578], [514.0230712890625, 111.52493286132812], [513.001220703125, 114.25148010253906], [514.4779663085938, 112.14015197753906], [510.45721435546875, 111.61012268066406], [510.9698791503906, 113.77600860595703], [510.87774658203125, 109.7899169921875], [511.6346435546875, 112.61001586914062], [510.2314758300781, 112.85250854492188], [509.125732421875, 112.74575805664062], [509.81988525390625, 111.22921752929688], [510.98114013671875, 113.31965637207031], [510.1562194824219, 112.00209045410156], [512.275634765625, 114.04065704345703], [510.8821716308594, 110.69717407226562], [509.7266845703125, 112.97223663330078], [509.90667724609375, 111.76732635498047], [510.00921630859375, 111.5450668334961], [509.6044616699219, 111.77069854736328], [510.0423583984375, 113.28577423095703], [509.9769592285156, 113.4291763305664], [508.1547546386719, 112.7538070678711], [507.51959228515625, 109.80184173583984], [507.2923583984375, 113.10197448730469], [507.0345153808594, 113.77184295654297], [508.9469299316406, 112.50079345703125], [508.7317199707031, 110.81510925292969], [508.0030212402344, 111.60450744628906], [506.4537048339844, 112.4653549194336], [507.9719543457031, 114.09578704833984], [507.76739501953125, 113.18138885498047], [507.4392395019531, 112.59927368164062], [508.9202880859375, 113.53398132324219], [508.179931640625, 113.47221374511719], [508.1870422363281, 112.44185638427734], [505.9627990722656, 111.523681640625], [507.1773986816406, 111.194580078125], [507.2029113769531, 113.7905502319336], [507.5654296875, 112.97364044189453], [506.355224609375, 112.937255859375], [505.4017333984375, 112.97322082519531], [506.1371765136719, 114.21356201171875], [506.8586120605469, 113.14151000976562], [506.3124084472656, 110.29845428466797], [506.4573974609375, 110.75102996826172], [507.054931640625, 112.58172607421875], [505.5061340332031, 113.38231658935547], [505.5767822265625, 113.8519515991211], [504.8775939941406, 113.2175521850586], [506.045654296875, 112.42182922363281], [507.0758056640625, 112.9140853881836], [506.4909973144531, 113.05035400390625], [505.8798522949219, 113.67247009277344], [506.6670227050781, 114.23416900634766], [504.1632385253906, 112.0904312133789], [507.2775573730469, 113.45418548583984], [507.251708984375, 113.25715637207031], [503.3537902832031, 112.19163513183594], [505.5592346191406, 114.16905975341797], [506.29119873046875, 113.84983825683594], [504.8880310058594, 114.36856079101562], [503.6676330566406, 113.97979736328125]]",0.744002,mc_dropout_ade_v1,"{""method"": ""mc_dropout_ade_v1"", ""validation_ade_px"": 13.288751, ""epistemic_std_px"": 0.901959, ""estimated_ade_px"": 13.319326, ""observation_coverage"": 0.8, ""confidence_scale_px"": 100.0, ""mc_samples"": 16}",gru,[]
examples/inputs/adl-01-cam0.mp4,adl-01-cam0,55,1.8333,person_1,True,"[527.6365356445312, 109.63600158691406]","{""type"": ""polygon"", ""coordinate_system"": ""original_video_pixels"", ""points"": [[480, 37], [560, 37], [560, 190], [480, 190]]}","[[527.8107299804688, 107.99407958984375], [530.414306640625, 110.09493255615234], [527.4238891601562, 110.61931610107422], [527.55126953125, 108.71451568603516], [528.0867919921875, 110.98467254638672], [528.66162109375, 109.57047271728516], [529.5785522460938, 110.70549011230469], [527.3118286132812, 109.53288269042969], [526.7762451171875, 109.34771728515625], [527.791015625, 110.71686553955078], [527.3006591796875, 110.9710922241211], [527.23291015625, 110.28324890136719], [527.5498046875, 109.9463882446289], [525.7965087890625, 110.90025329589844], [525.2716064453125, 110.82769012451172], [526.1199340820312, 112.53923797607422], [524.2357177734375, 109.81657409667969], [525.861083984375, 111.24429321289062], [526.3353881835938, 111.23648071289062], [526.27001953125, 112.27316284179688], [525.035400390625, 111.36018371582031], [525.10400390625, 111.26819610595703], [524.916259765625, 111.31936645507812], [525.1602172851562, 112.37957000732422], [524.9400024414062, 111.24788665771484], [523.4430541992188, 112.497314453125], [524.3031616210938, 111.99358367919922], [523.8617553710938, 111.00540924072266], [524.0964965820312, 111.7658462524414], [523.282958984375, 111.75122833251953], [522.9971313476562, 114.21468353271484], [525.1168212890625, 111.9483413696289], [520.8345947265625, 111.41365814208984], [521.8773193359375, 112.5016860961914], [521.7474365234375, 109.46756744384766], [522.7501831054688, 112.02110290527344], [522.185302734375, 113.28019714355469], [520.5443725585938, 112.35343933105469], [522.0090942382812, 111.49822235107422], [522.3065795898438, 112.95004272460938], [521.6519775390625, 111.9791030883789], [524.258544921875, 113.42442321777344], [522.3853149414062, 110.75342559814453], [521.6651000976562, 112.43460845947266], [521.8965454101562, 111.94718170166016], [523.0110473632812, 111.43360900878906], [522.2059936523438, 112.18380737304688], [521.7523803710938, 112.66082763671875], [523.0702514648438, 113.10838317871094], [520.510009765625, 112.2882080078125], [519.7339477539062, 109.76832580566406], [519.1729736328125, 112.34260559082031], [519.0606689453125, 112.77703094482422], [521.7742309570312, 112.17008972167969], [520.6919555664062, 110.05290985107422], [520.1332397460938, 111.39320373535156], [518.9185180664062, 112.1201171875], [519.4725952148438, 113.8083267211914], [519.8067016601562, 113.08525085449219], [519.2968139648438, 112.19488525390625], [520.5831909179688, 113.54741668701172], [520.5899658203125, 113.37612915039062], [520.2431640625, 111.55826568603516], [518.276611328125, 111.32563018798828], [518.7367553710938, 110.71198272705078], [519.3261108398438, 113.03435516357422], [519.0040283203125, 112.66590881347656], [518.28369140625, 112.0815658569336], [517.7489013671875, 112.37950897216797], [517.8682861328125, 113.94979858398438], [518.746826171875, 112.67554473876953], [516.9190673828125, 110.28370666503906], [517.4791259765625, 109.89916229248047], [517.75341796875, 112.4045639038086], [516.6363525390625, 112.31673431396484], [517.573974609375, 113.81988525390625], [516.687255859375, 112.49464416503906], [518.3489379882812, 112.10948944091797], [519.5745239257812, 113.01175689697266], [518.62548828125, 112.885498046875], [517.5801391601562, 113.14900207519531], [517.9901733398438, 113.61531066894531], [515.9390869140625, 111.81805419921875], [518.819091796875, 112.68033599853516], [520.0621948242188, 112.67066955566406], [515.2849731445312, 111.54468536376953], [517.7042846679688, 113.87060546875], [518.3232421875, 112.48741149902344], [516.0802001953125, 113.38257598876953], [515.7686767578125, 112.9105224609375]]",0.753142,mc_dropout_ade_v1,"{""method"": ""mc_dropout_ade_v1"", ""validation_ade_px"": 13.288751, ""epistemic_std_px"": 2.689433, ""estimated_ade_px"": 13.558169, ""observation_coverage"": 0.816667, ""confidence_scale_px"": 100.0, ""mc_samples"": 16}",gru,[]
examples/inputs/adl-01-cam0.mp4,adl-01-cam0,56,1.8667,person_1,True,"[527.5430297851562, 109.69449615478516]","{""type"": ""polygon"", ""coordinate_system"": ""original_video_pixels"", ""points"": [[488, 36], [563, 36], [563, 191], [488, 191]]}","[[527.5369262695312, 108.06890106201172], [529.4973754882812, 110.1862564086914], [526.2142333984375, 110.86125183105469], [526.03271484375, 108.83514404296875], [526.9859008789062, 110.75743865966797], [527.3563232421875, 109.28378295898438], [528.9945678710938, 110.47560119628906], [527.2968139648438, 109.14485931396484], [527.2379760742188, 109.69971466064453], [528.3895874023438, 110.29024505615234], [528.0670776367188, 111.13126373291016], [528.100341796875, 110.06979370117188], [528.9944458007812, 109.91715240478516], [528.3294067382812, 111.0927734375], [527.4478759765625, 110.6898193359375], [528.6176147460938, 112.23694610595703], [527.1726684570312, 109.90577697753906], [528.9236450195312, 111.02581024169922], [528.9657592773438, 111.16682434082031], [529.6849365234375, 111.97640228271484], [527.8988037109375, 111.26487731933594], [528.8900146484375, 110.54129028320312], [529.3125610351562, 110.67618560791016], [529.0078735351562, 111.51351165771484], [528.7997436523438, 110.67549896240234], [527.6154174804688, 111.80074310302734], [528.9608154296875, 111.53247833251953], [528.092041015625, 110.52043151855469], [528.640380859375, 111.34121704101562], [527.673828125, 111.39492797851562], [527.4900512695312, 113.70323181152344], [530.2914428710938, 111.29501342773438], [525.719970703125, 110.80186462402344], [527.1597900390625, 111.45285034179688], [527.3050537109375, 109.0334243774414], [528.2054443359375, 111.1908187866211], [528.2896728515625, 113.27620697021484], [526.3655395507812, 111.71829986572266], [528.0977783203125, 111.49363708496094], [527.294677734375, 112.34197998046875], [527.0225219726562, 111.5216064453125], [529.6034545898438, 112.28272247314453], [527.5501708984375, 110.44682312011719], [527.4334716796875, 111.85525512695312], [527.3826904296875, 111.88414764404297], [529.0371704101562, 111.1530532836914], [527.9647216796875, 112.12815856933594], [527.3528442382812, 112.00646209716797], [529.6640014648438, 112.4844741821289], [526.4613037109375, 111.57759857177734], [525.4058837890625, 109.69490051269531], [524.6371459960938, 111.80320739746094], [524.802978515625, 112.19454956054688], [527.9581909179688, 111.67564392089844], [526.1837158203125, 109.44202423095703], [526.0677490234375, 111.23118591308594], [525.484619140625, 111.78715515136719], [525.1464233398438, 113.32324981689453], [525.2530517578125, 112.77078247070312], [524.6583251953125, 111.53262329101562], [525.6307983398438, 113.35934448242188], [526.2862548828125, 113.49689483642578], [525.6593627929688, 110.88191223144531], [523.9486694335938, 111.11940002441406], [524.5792846679688, 110.4204330444336], [525.2220458984375, 112.44193267822266], [523.9966430664062, 112.33783721923828], [523.6670532226562, 111.50666809082031], [523.6693725585938, 111.7479248046875], [523.2432861328125, 113.31905364990234], [524.23876953125, 112.32540893554688], [521.8845825195312, 110.42892456054688], [522.6375732421875, 109.2612075805664], [522.9751586914062, 112.2059097290039], [522.376708984375, 111.7100830078125], [523.70654296875, 113.42803955078125], [522.570556640625, 111.66259002685547], [524.4432983398438, 111.80776977539062], [526.0608520507812, 112.8809585571289], [524.5880737304688, 112.5367202758789], [523.2089233398438, 112.76768493652344], [523.6332397460938, 113.35603332519531], [522.32861328125, 111.53263092041016], [524.7235717773438, 112.08148956298828], [526.4669189453125, 111.9780502319336], [521.1265258789062, 111.18904876708984], [523.727783203125, 113.43464660644531], [524.1668090820312, 111.51469421386719], [521.6068115234375, 112.38806915283203], [521.7185668945312, 111.94442749023438]]",0.765911,mc_dropout_ade_v1,"{""method"": ""mc_dropout_ade_v1"", ""validation_ade_px"": 13.288751, ""epistemic_std_px"": 0.847169, ""estimated_ade_px"": 13.315727, ""observation_coverage"": 0.833333, ""confidence_scale_px"": 100.0, ""mc_samples"": 16}",gru,[]
examples/inputs/adl-01-cam0.mp4,adl-01-cam0,57,1.9,person_1,True,"[527.10498046875, 109.74449920654297]","{""type"": ""polygon"", ""coordinate_system"": ""original_video_pixels"", ""points"": [[488, 35], [565, 35], [565, 191], [488, 191]]}","[[526.5206298828125, 108.12972259521484], [527.9647827148438, 110.08802795410156], [524.5552368164062, 110.82357788085938], [524.3032836914062, 108.86468505859375], [524.8992919921875, 110.61173248291016], [525.6241455078125, 109.14949035644531], [527.4149780273438, 110.55950927734375], [526.0127563476562, 109.01290130615234], [525.8414306640625, 109.72512817382812], [527.1610107421875, 110.19196319580078], [526.817626953125, 111.08063507080078], [527.1831665039062, 110.0279769897461], [528.152099609375, 110.08575439453125], [528.2490234375, 111.10050201416016], [526.9854736328125, 110.818603515625], [528.009033203125, 111.94470977783203], [527.1082763671875, 109.75312042236328], [528.6636352539062, 110.74945068359375], [528.1947021484375, 111.19007110595703], [529.486572265625, 111.43321228027344], [527.5089721679688, 110.92059326171875], [528.5922241210938, 110.25312805175781], [529.7005004882812, 110.50442504882812], [529.0390014648438, 110.9514389038086], [528.5657958984375, 110.11589050292969], [527.3401489257812, 111.57882690429688], [528.9692993164062, 111.21165466308594], [528.0738525390625, 110.3420181274414], [528.576171875, 110.96508026123047], [527.9862670898438, 110.97779083251953], [527.3353881835938, 113.2784194946289], [530.2304077148438, 110.94889831542969], [525.6970825195312, 110.5832290649414], [527.4584350585938, 110.91952514648438], [527.7529907226562, 108.98796081542969], [528.2259521484375, 110.82019805908203], [528.6972045898438, 112.9332275390625], [526.7676391601562, 111.21125030517578], [528.4114990234375, 111.26121520996094], [527.0263671875, 112.0179672241211], [527.0491333007812, 111.14485168457031], [529.0284423828125, 111.61000061035156], [527.0863037109375, 110.02790832519531], [527.2774658203125, 111.6348648071289], [527.4845581054688, 111.59268188476562], [529.1541137695312, 110.93789672851562], [528.0949096679688, 111.79202270507812], [527.6990356445312, 111.35551452636719], [530.005615234375, 111.91024780273438], [526.3834838867188, 111.1518783569336], [525.5042724609375, 109.83534240722656], [524.972412109375, 111.63224029541016], [525.2197265625, 111.89747619628906], [528.1824951171875, 111.31768798828125], [526.2637939453125, 109.48907470703125], [526.3861083984375, 111.11712646484375], [526.027587890625, 111.49483489990234], [525.7822265625, 112.73177337646484], [525.2982788085938, 112.36888885498047], [524.7376708984375, 110.891845703125], [525.5138549804688, 112.92063903808594], [526.3823852539062, 113.34174346923828], [525.19970703125, 110.5723876953125], [523.9353637695312, 111.02124786376953], [525.1547241210938, 110.164794921875], [525.8278198242188, 112.14757537841797], [523.8848876953125, 111.93246459960938], [523.7179565429688, 111.37178039550781], [523.9591064453125, 111.1806411743164], [523.5730590820312, 112.71405029296875], [524.4530639648438, 111.92628479003906], [522.38330078125, 110.55070495605469], [522.9531860351562, 109.10872650146484], [523.535888671875, 111.7005615234375], [523.1804809570312, 111.4059066772461], [524.16748046875, 112.55039978027344], [523.293701171875, 111.1183090209961], [525.2677612304688, 111.46102905273438], [526.9895629882812, 112.45590209960938], [524.9329223632812, 112.20555114746094], [523.9387817382812, 112.4681625366211], [524.2608642578125, 113.03144836425781], [523.4241943359375, 111.4324722290039], [525.28759765625, 111.77803039550781], [526.9466552734375, 111.2996597290039], [521.9923095703125, 111.23861694335938], [524.2462158203125, 112.88150787353516], [525.0355834960938, 111.13764190673828], [522.4820556640625, 111.6478271484375], [522.637451171875, 111.37040710449219]]",0.776977,mc_dropout_ade_v1,"{""method"": ""mc_dropout_ade_v1"", ""validation_ade_px"": 13.288751, ""epistemic_std_px"": 0.54274, ""estimated_ade_px"": 13.29983, ""observation_coverage"": 0.85, ""confidence_scale_px"": 100.0, ""mc_samples"": 16}",gru,[]
examples/inputs/adl-01-cam0.mp4,adl-01-cam0,58,1.9333,person_1,True,"[526.469482421875, 109.78050231933594]","{""type"": ""polygon"", ""coordinate_system"": ""original_video_pixels"", ""points"": [[487, 34], [566, 34], [566, 191], [487, 191]]}","[[525.7997436523438, 108.10981750488281], [527.1338500976562, 110.0094985961914], [523.7825927734375, 110.72984313964844], [523.7733154296875, 108.84799194335938], [524.1336669921875, 110.50735473632812], [525.008544921875, 109.09385681152344], [526.9528198242188, 110.55406951904297], [525.554931640625, 109.04710388183594], [525.3878173828125, 109.77487182617188], [526.608154296875, 110.25837707519531], [526.2429809570312, 111.02688598632812], [526.8314819335938, 110.10083770751953], [527.646728515625, 110.3028793334961], [528.1688232421875, 111.20751190185547], [526.7404174804688, 110.97757720947266], [527.68701171875, 111.91397094726562], [527.1889038085938, 109.79580688476562], [528.4118041992188, 110.7496566772461], [527.6636352539062, 111.43354797363281], [529.11572265625, 111.21080017089844], [527.1630249023438, 110.87612915039062], [528.3714599609375, 110.18629455566406], [529.8658447265625, 110.55902099609375], [528.9288940429688, 110.7133560180664], [528.3047485351562, 109.91566467285156], [527.1751708984375, 111.68097686767578], [528.760009765625, 111.27156829833984], [527.741455078125, 110.44562530517578], [528.4614868164062, 110.9533462524414], [528.2921752929688, 110.81561279296875], [527.2327880859375, 113.17537689208984], [530.129638671875, 110.93582916259766], [525.5552978515625, 110.72858428955078], [527.712890625, 110.86080169677734], [527.9701538085938, 109.08275604248047], [528.0662841796875, 110.82525634765625], [528.7584838867188, 112.88380432128906], [526.869140625, 111.12969207763672], [528.3240966796875, 111.0894546508789], [526.5355834960938, 111.99413299560547], [526.8816528320312, 111.14849090576172], [528.3201904296875, 111.4024658203125], [526.6970825195312, 109.9202651977539], [527.1566162109375, 111.75813293457031], [527.3742065429688, 111.56417083740234], [528.9747924804688, 111.11295318603516], [527.901611328125, 111.63256072998047], [527.7960205078125, 111.06820678710938], [529.781005859375, 111.72454071044922], [526.0952758789062, 111.08850860595703], [525.4263305664062, 110.1283187866211], [525.0255737304688, 111.72203826904297], [525.1987915039062, 111.90290069580078], [528.0966186523438, 111.3044662475586], [526.155517578125, 109.7599868774414], [526.3779296875, 111.18353271484375], [525.8284912109375, 111.6098861694336], [525.9885864257812, 112.5580062866211], [525.0733032226562, 112.30210876464844], [524.686767578125, 110.58929443359375], [525.089599609375, 112.91553497314453], [526.0643310546875, 113.26802825927734], [524.7169799804688, 110.63168334960938], [523.7994995117188, 111.16372680664062], [525.2864379882812, 110.2843246459961], [525.9945068359375, 112.05069732666016], [523.755859375, 111.71550750732422], [523.6644287109375, 111.45632934570312], [523.8170166015625, 111.02708435058594], [523.6742553710938, 112.4161376953125], [524.3048095703125, 111.81841278076172], [522.4290161132812, 110.8823013305664], [523.1061401367188, 109.13618469238281], [523.6917724609375, 111.64888763427734], [523.5525512695312, 111.39817810058594], [524.109130859375, 112.06297302246094], [523.6398315429688, 110.86162567138672], [525.69580078125, 111.40737915039062], [527.4620971679688, 112.33314514160156], [524.9417724609375, 112.13127136230469], [524.326416015625, 112.35585021972656], [524.5317993164062, 112.96214294433594], [523.9188842773438, 111.46178436279297], [525.3193969726562, 111.82238006591797], [526.839599609375, 110.90421295166016], [522.5767211914062, 111.45885467529297], [524.4717407226562, 112.69073486328125], [525.5242309570312, 111.04671478271484], [522.8604736328125, 111.37092590332031], [523.0657348632812, 111.13257598876953]]",0.787705,mc_dropout_ade_v1,"{""method"": ""mc_dropout_ade_v1"", ""validation_ade_px"": 13.288751, ""epistemic_std_px"": 1.009802, ""estimated_ade_px"": 13.327063, ""observation_coverage"": 0.866667, ""confidence_scale_px"": 100.0, ""mc_samples"": 16}",gru,[]
examples/inputs/adl-01-cam0.mp4,adl-01-cam0,59,1.9667,person_1,True,"[526.1405029296875, 108.9990005493164]","{""type"": ""polygon"", ""coordinate_system"": ""original_video_pixels"", ""points"": [[487, 33], [566, 33], [566, 191], [487, 191]]}","[[525.844970703125, 107.23057556152344], [527.6967163085938, 108.95852661132812], [524.4495849609375, 109.78947448730469], [524.8164672851562, 107.75950622558594], [525.3208618164062, 109.57176971435547], [526.0039672851562, 108.21868133544922], [528.17626953125, 109.58905792236328], [526.6267700195312, 108.27449798583984], [526.7716674804688, 108.76197814941406], [527.6146240234375, 109.56385803222656], [527.4337768554688, 110.05380249023438], [527.8790893554688, 109.22679138183594], [528.7046508789062, 109.387939453125], [529.0846557617188, 110.3602066040039], [527.5404052734375, 109.95572662353516], [528.37890625, 111.0875015258789], [528.023681640625, 108.95000457763672], [529.2880859375, 110.07981872558594], [528.7760620117188, 110.79911804199219], [529.8485717773438, 110.40169525146484], [528.1796875, 110.06633758544922], [529.1337890625, 109.36640167236328], [530.9592895507812, 109.70381164550781], [529.6618041992188, 109.96822357177734], [529.2027587890625, 109.0140151977539], [528.2465209960938, 111.00873565673828], [529.3816528320312, 110.66533660888672], [528.3021240234375, 109.67068481445312], [529.2969360351562, 110.31698608398438], [529.3190307617188, 110.00260925292969], [528.1295166015625, 112.56600952148438], [531.1632080078125, 110.21385955810547], [526.339111328125, 110.04894256591797], [528.8174438476562, 110.34508514404297], [528.795654296875, 108.25438690185547], [528.8223266601562, 110.1484375], [529.2020263671875, 112.0367202758789], [527.68994140625, 110.4689712524414], [528.7913818359375, 110.1802978515625], [527.2360229492188, 111.24447631835938], [527.4229125976562, 110.41166687011719], [529.0879516601562, 110.57699584960938], [527.81787109375, 109.17017364501953], [528.16259765625, 111.06034088134766], [527.8590698242188, 110.84728240966797], [529.5648193359375, 110.53885650634766], [528.4097900390625, 110.83826446533203], [528.6975708007812, 110.342529296875], [530.4304809570312, 111.0639877319336], [526.9415283203125, 110.46379089355469], [526.0919189453125, 109.32958221435547], [525.7830200195312, 110.87320709228516], [525.8379516601562, 111.26311492919922], [528.67529296875, 110.62020874023438], [526.8751220703125, 109.11454010009766], [527.1433715820312, 110.45092010498047], [526.4085083007812, 111.12590789794922], [526.4412231445312, 111.95455169677734], [525.486572265625, 111.74681854248047], [525.3668212890625, 109.74104309082031], [525.4871826171875, 112.39189147949219], [526.5001220703125, 112.40550994873047], [525.3633422851562, 109.9716796875], [524.5996704101562, 110.4801025390625], [525.9276123046875, 109.80696105957031], [526.6116333007812, 111.32747650146484], [524.4435424804688, 110.76666259765625], [524.3890380859375, 110.79953002929688], [524.1465454101562, 110.53187561035156], [524.1740112304688, 111.59088134765625], [524.796875, 111.19911193847656], [522.8516845703125, 110.23487854003906], [523.989990234375, 108.45594024658203], [524.211181640625, 111.38523864746094], [524.2528076171875, 111.03323364257812], [524.6527709960938, 111.54672241210938], [524.1754150390625, 110.15865325927734], [526.3287353515625, 110.8393783569336], [528.0125732421875, 111.82806396484375], [525.4500122070312, 111.47315979003906], [524.7383422851562, 111.84717559814453], [525.388916015625, 112.60794830322266], [524.4401245117188, 110.66545104980469], [525.8314819335938, 111.49425506591797], [527.1710205078125, 110.3570785522461], [523.2041015625, 110.95960998535156], [525.23046875, 112.25591278076172], [526.0953369140625, 110.72761535644531], [523.5256958007812, 110.97335052490234], [523.50634765625, 110.5833740234375]]",0.798491,mc_dropout_ade_v1,"{""method"": ""mc_dropout_ade_v1"", ""validation_ade_px"": 13.288751, ""epistemic_std_px"": 1.239538, ""estimated_ade_px"": 13.346436, ""observation_coverage"": 0.883333, ""confidence_scale_px"": 100.0, ""mc_samples"": 16}",gru,[]
examples/inputs/adl-01-cam0.mp4,adl-01-cam0,60,2.0,person_1,True,"[525.3370361328125, 107.74699401855469]","{""type"": ""polygon"", ""coordinate_system"": ""original_video_pixels"", ""points"": [[486, 32], [564, 32], [564, 191], [486, 191]]}","[[525.1512451171875, 105.7779769897461], [527.3397216796875, 107.45344543457031], [523.5390014648438, 108.32969665527344], [524.1303100585938, 106.072998046875], [524.9861450195312, 108.15404510498047], [525.04248046875, 106.83995056152344], [527.4186401367188, 108.26371765136719], [525.5541381835938, 106.89897155761719], [526.1270751953125, 107.27421569824219], [526.8035278320312, 108.34552764892578], [526.7362670898438, 108.5985107421875], [526.7932739257812, 108.00958251953125], [527.9267578125, 107.88029479980469], [527.8770751953125, 108.83847045898438], [526.2820434570312, 108.31808471679688], [527.1751098632812, 109.93862915039062], [526.725341796875, 107.79689025878906], [528.1364135742188, 108.97998046875], [528.1257934570312, 109.48430633544922], [528.4844360351562, 109.29562377929688], [527.05908203125, 109.0457992553711], [527.8795166015625, 108.21723937988281], [529.6845092773438, 108.42648315429688], [528.3345947265625, 108.91712188720703], [527.9854736328125, 107.84673309326172], [527.2569580078125, 109.78258514404297], [527.7940673828125, 109.60733032226562], [526.886474609375, 108.48170471191406], [527.8611450195312, 109.29374694824219], [528.1214599609375, 108.974365234375], [526.932861328125, 111.59672546386719], [529.846923828125, 109.01451873779297], [525.084228515625, 108.91552734375], [527.4210205078125, 109.59840393066406], [527.0678100585938, 107.13898468017578], [527.2611694335938, 109.16321563720703], [527.5320434570312, 110.88346099853516], [526.141357421875, 109.48404693603516], [527.1654052734375, 108.97928619384766], [525.8177490234375, 110.16512298583984], [525.6503295898438, 109.49515533447266], [528.0209350585938, 109.58460998535156], [526.8905029296875, 108.24365234375], [527.2244262695312, 110.05742645263672], [526.22900390625, 110.06341552734375], [528.1768188476562, 109.4970703125], [526.7314453125, 109.91096496582031], [527.5113525390625, 109.53522491455078], [528.9629516601562, 110.46559143066406], [525.68212890625, 109.50776672363281], [524.5431518554688, 108.10293579101562], [524.2398681640625, 109.70188903808594], [524.275146484375, 110.26895141601562], [526.9442749023438, 109.63793182373047], [525.392578125, 107.83903503417969], [525.582275390625, 109.33727264404297], [524.810546875, 110.33008575439453], [524.485595703125, 111.3224868774414], [523.5955810546875, 110.99308013916016], [523.4841918945312, 108.84257507324219], [524.0843505859375, 111.55963897705078], [524.8634033203125, 111.35643005371094], [524.1477661132812, 108.95086669921875], [523.2664794921875, 109.3945083618164], [524.111572265625, 108.9912109375], [524.7798461914062, 110.24449157714844], [523.0464477539062, 109.72496795654297], [522.9558715820312, 109.78514099121094], [522.4415893554688, 109.92727661132812], [522.3111572265625, 110.71404266357422], [523.1591186523438, 110.3609848022461], [520.8499145507812, 109.29501342773438], [522.6162719726562, 107.53480529785156], [522.255615234375, 110.98531341552734], [522.1661987304688, 110.44218444824219], [523.1107788085938, 111.06076049804688], [522.0029907226562, 109.49193572998047], [524.3217163085938, 110.22383117675781], [526.0729370117188, 111.25175476074219], [523.7661743164062, 110.72400665283203], [522.6685791015625, 111.22966766357422], [523.8368530273438, 112.13848876953125], [522.4780883789062, 109.63179016113281], [524.0551147460938, 110.81359100341797], [525.3814086914062, 109.92327880859375], [520.9109497070312, 110.07276153564453], [523.5526733398438, 111.78038024902344], [524.0753173828125, 110.39842224121094], [521.2124633789062, 110.6458511352539], [521.31396484375, 110.09690856933594]]",0.809572,mc_dropout_ade_v1,"{""method"": ""mc_dropout_ade_v1"", ""validation_ade_px"": 13.288751, ""epistemic_std_px"": 1.032688, ""estimated_ade_px"": 13.328816, ""observation_coverage"": 0.9, ""confidence_scale_px"": 100.0, ""mc_samples"": 16}",gru,[]
examples/inputs/adl-01-cam0.mp4,adl-01-cam0,61,2.0333,person_1,True,"[524.1220092773438, 106.1675033569336]","{""type"": ""polygon"", ""coordinate_system"": ""original_video_pixels"", ""points"": [[476, 30], [559, 30], [559, 191], [476, 191]]}","[[523.5194091796875, 104.05052947998047], [525.5184936523438, 105.61283874511719], [520.9425048828125, 106.41098022460938], [521.93896484375, 104.22543334960938], [522.6898193359375, 106.38475036621094], [522.4856567382812, 105.32417297363281], [524.8365478515625, 106.91604614257812], [522.6373291015625, 105.20526885986328], [523.3575439453125, 105.52294158935547], [524.1751098632812, 106.90799713134766], [524.1551513671875, 106.66547393798828], [523.7481079101562, 106.56641387939453], [525.1458129882812, 105.96257781982422], [524.7871704101562, 106.88549041748047], [523.406005859375, 106.40943908691406], [524.111572265625, 108.26449584960938], [523.7271728515625, 106.03644561767578], [525.0971069335938, 107.22895812988281], [525.7361450195312, 107.51432800292969], [525.4820556640625, 107.57635498046875], [524.3588256835938, 107.58335876464844], [524.831787109375, 106.89581298828125], [526.1688232421875, 106.95674896240234], [525.4615478515625, 107.39872741699219], [524.9246826171875, 106.29839324951172], [524.2650146484375, 108.08804321289062], [524.3816528320312, 107.9039535522461], [523.945068359375, 106.89034271240234], [524.4889526367188, 107.72969818115234], [525.21533203125, 107.38045501708984], [524.1642456054688, 109.8868179321289], [526.1417846679688, 107.43382263183594], [522.493896484375, 107.3711166381836], [524.3533325195312, 108.364990234375], [523.2642211914062, 105.89910125732422], [523.8428955078125, 107.84331512451172], [524.0191650390625, 109.13834381103516], [522.5828247070312, 107.96672821044922], [523.6885986328125, 107.4094009399414], [522.8235473632812, 108.77062225341797], [522.1926879882812, 108.20352172851562], [525.1337890625, 108.47554016113281], [524.0486450195312, 106.96174621582031], [524.4378051757812, 108.59846496582031], [523.1284790039062, 108.92179107666016], [525.2658081054688, 107.9215087890625], [523.5636596679688, 108.4131088256836], [524.4938354492188, 108.19206237792969], [525.461181640625, 109.47904205322266], [522.5009155273438, 108.34017181396484], [521.5802001953125, 106.7145767211914], [521.4241943359375, 108.05654907226562], [521.1574096679688, 108.6282730102539], [523.1065673828125, 108.05450439453125], [522.2815551757812, 106.36492156982422], [522.1514892578125, 107.87313842773438], [521.5856323242188, 108.84685516357422], [520.7432250976562, 110.19380187988281], [520.161865234375, 109.54155731201172], [519.8136596679688, 107.62027740478516], [521.3737182617188, 109.84986877441406], [521.4741821289062, 109.75189208984375], [521.2667846679688, 107.53666687011719], [519.9356689453125, 107.90166473388672], [520.5618896484375, 107.62794494628906], [521.1033935546875, 108.89070892333984], [519.9730834960938, 108.42753601074219], [519.7108154296875, 108.46989440917969], [519.1807861328125, 108.83332824707031], [519.1129760742188, 109.72444152832031], [520.027587890625, 109.09331512451172], [517.5015258789062, 108.07420349121094], [519.5284423828125, 106.57559204101562], [518.5106811523438, 109.9156494140625], [518.16748046875, 109.37623596191406], [519.6731567382812, 110.03089141845703], [518.1771240234375, 108.74545288085938], [520.2977294921875, 109.13394927978516], [522.041015625, 110.36711120605469], [520.1522216796875, 109.823486328125], [519.1066284179688, 110.30638885498047], [520.2918701171875, 111.17495727539062], [518.7162475585938, 108.69022369384766], [520.0745239257812, 109.70909118652344], [521.9610595703125, 109.18110656738281], [516.7113037109375, 108.92976379394531], [519.9689331054688, 110.8320541381836], [520.52978515625, 109.8116226196289], [517.0001831054688, 109.89945220947266], [517.68798828125, 109.6165771484375]]",0.818338,mc_dropout_ade_v1,"{""method"": ""mc_dropout_ade_v1"", ""validation_ade_px"": 13.288751, ""epistemic_std_px"": 2.865227, ""estimated_ade_px"": 13.594132, ""observation_coverage"": 0.916667, ""confidence_scale_px"": 100.0, ""mc_samples"": 16}",gru,[]
examples/inputs/adl-01-cam0.mp4,adl-01-cam0,62,2.0667,person_1,True,"[522.16552734375, 105.25800323486328]","{""type"": ""polygon"", ""coordinate_system"": ""original_video_pixels"", ""points"": [[463, 29], [558, 29], [558, 191], [463, 191]]}","[[520.56201171875, 102.83866119384766], [521.9179077148438, 104.14253234863281], [517.2033081054688, 105.16474151611328], [517.1405029296875, 103.037353515625], [517.8533935546875, 105.50631713867188], [517.2453002929688, 104.03888702392578], [518.9424438476562, 105.70738220214844], [516.9146728515625, 103.73816680908203], [517.5799560546875, 104.15194702148438], [518.7987670898438, 105.27839660644531], [518.0072021484375, 105.39640045166016], [516.6755981445312, 105.0775146484375], [518.0819091796875, 104.81362915039062], [517.872314453125, 105.38341522216797], [515.8274536132812, 104.95183563232422], [515.705810546875, 106.61157989501953], [515.793701171875, 104.23719787597656], [516.66015625, 105.23043060302734], [516.9288940429688, 105.49104309082031], [516.5264892578125, 106.23169708251953], [515.7556762695312, 106.69641876220703], [514.9559326171875, 105.49993133544922], [516.5935668945312, 105.60315704345703], [515.7431030273438, 106.36872863769531], [514.6481323242188, 104.50997924804688], [513.7261352539062, 106.43042755126953], [513.5679321289062, 105.91828155517578], [512.9860229492188, 105.40654754638672], [513.7200927734375, 106.37825775146484], [513.7403564453125, 105.82715606689453], [512.40283203125, 108.16740417480469], [513.3493041992188, 106.01512145996094], [510.5761413574219, 106.03346252441406], [512.1290893554688, 108.11040496826172], [510.5727233886719, 105.04563903808594], [511.3242492675781, 106.969482421875], [511.24444580078125, 107.68709564208984], [509.4720458984375, 107.1545639038086], [509.96295166015625, 106.33763122558594], [509.6138610839844, 107.64585876464844], [509.010498046875, 107.22502899169922], [511.75482177734375, 107.7112045288086], [510.9261474609375, 106.06476593017578], [511.3054504394531, 107.82545471191406], [509.51080322265625, 108.23471069335938], [511.0500183105469, 107.17420196533203], [509.4895324707031, 107.18936920166016], [510.7171630859375, 107.65595245361328], [510.75762939453125, 108.7597885131836], [508.8298645019531, 107.81121826171875], [507.88177490234375, 106.04179382324219], [507.5015563964844, 107.51602935791016], [507.3336181640625, 108.13594818115234], [508.2459411621094, 107.23859405517578], [508.5588684082031, 105.68936157226562], [508.0276184082031, 107.32134246826172], [508.2242126464844, 107.91641235351562], [506.6567687988281, 109.85021209716797], [506.096435546875, 108.10667419433594], [505.68804931640625, 107.04352569580078], [507.6694641113281, 108.53504943847656], [506.48126220703125, 109.28958892822266], [507.32147216796875, 107.21561431884766], [505.1600341796875, 106.80530548095703], [507.08905029296875, 107.14517211914062], [506.2684631347656, 108.43311309814453], [506.3271179199219, 108.36437225341797], [505.74456787109375, 108.03302001953125], [504.5168151855469, 108.3970947265625], [505.447021484375, 109.35548400878906], [505.93206787109375, 108.54317474365234], [504.03759765625, 107.38887786865234], [506.027587890625, 106.52214050292969], [504.9317626953125, 109.28446197509766], [504.36639404296875, 109.2068862915039], [505.56573486328125, 109.81035614013672], [504.5314636230469, 108.36320495605469], [505.2756652832031, 108.1415023803711], [507.45318603515625, 109.41824340820312], [506.08599853515625, 109.29267120361328], [504.85211181640625, 109.70571899414062], [505.96112060546875, 111.09124755859375], [504.5631408691406, 108.32991027832031], [506.0415954589844, 108.78406524658203], [507.8694152832031, 108.84809875488281], [502.124755859375, 107.96517181396484], [505.57672119140625, 110.24238586425781], [506.18670654296875, 109.6014404296875], [502.6759948730469, 109.38180541992188], [503.0684814453125, 109.73837280273438]]",0.823626,mc_dropout_ade_v1,"{""method"": ""mc_dropout_ade_v1"", ""validation_ade_px"": 13.288751, ""epistemic_std_px"": 5.212555, ""estimated_ade_px"": 14.27451, ""observation_coverage"": 0.933333, ""confidence_scale_px"": 100.0, ""mc_samples"": 16}",gru,[]
examples/inputs/adl-01-cam0.mp4,adl-01-cam0,63,2.1,person_1,True,"[520.4874877929688, 104.98049926757812]","{""type"": ""polygon"", ""coordinate_system"": ""original_video_pixels"", ""points"": [[453, 29], [556, 29], [556, 191], [453, 191]]}","[[518.615966796875, 102.45934295654297], [519.9155883789062, 103.77018737792969], [515.4185791015625, 104.86254119873047], [514.6110229492188, 102.67953491210938], [515.2371215820312, 105.39408874511719], [514.5820922851562, 103.59675598144531], [515.7821044921875, 105.22503662109375], [513.7246704101562, 103.24235534667969], [514.22265625, 103.7447509765625], [515.5151977539062, 104.6065902709961], [514.2586059570312, 105.06790924072266], [512.5269775390625, 104.57450866699219], [513.7645874023438, 104.6072769165039], [513.4799194335938, 104.95919799804688], [511.00225830078125, 104.5825424194336], [510.5327453613281, 106.07998657226562], [510.6272277832031, 103.6371841430664], [511.25750732421875, 104.6045150756836], [511.20904541015625, 104.8761978149414], [510.8346862792969, 105.93516540527344], [510.1046447753906, 106.40518188476562], [508.6609191894531, 105.07213592529297], [510.4574279785156, 105.23274230957031], [509.30963134765625, 106.2084732055664], [508.03265380859375, 103.95396423339844], [506.8813781738281, 105.93861389160156], [506.7452087402344, 105.30972290039062], [505.8694763183594, 105.0562973022461], [506.88861083984375, 106.0705795288086], [506.332763671875, 105.4266586303711], [504.68304443359375, 107.71768951416016], [505.48187255859375, 105.72949981689453], [502.622314453125, 105.67129516601562], [504.1390686035156, 108.25310516357422], [502.5938720703125, 104.84464263916016], [503.27813720703125, 106.8943099975586], [503.0938720703125, 107.29485321044922], [501.1932678222656, 107.0654067993164], [501.3077087402344, 106.13262176513672], [501.25537109375, 107.39229583740234], [500.6121826171875, 107.06629943847656], [503.0728759765625, 107.71297454833984], [502.4085998535156, 105.81295776367188], [502.5987854003906, 107.82984924316406], [500.7911682128906, 108.021728515625], [501.8403015136719, 107.11175537109375], [500.4404602050781, 106.9055404663086], [501.7705078125, 107.76119995117188], [501.4295654296875, 108.61178588867188], [499.94659423828125, 107.76707458496094], [498.8817443847656, 105.93730926513672], [498.2777404785156, 107.65069580078125], [498.3217468261719, 108.4223403930664], [498.96868896484375, 107.24120330810547], [499.60491943359375, 105.70907592773438], [499.01995849609375, 107.37940216064453], [499.25469970703125, 107.85903930664062], [497.606201171875, 109.98145294189453], [497.0384216308594, 107.82528686523438], [496.6359558105469, 107.12210083007812], [498.6434326171875, 108.38096618652344], [497.1059875488281, 109.3348159790039], [498.15533447265625, 107.38876342773438], [495.6976013183594, 106.5816879272461], [498.4415283203125, 107.1584243774414], [496.9627380371094, 108.58301544189453], [497.4725036621094, 108.65798950195312], [496.656982421875, 108.2384262084961], [495.0556335449219, 108.52605438232422], [496.4869384765625, 109.41348266601562], [496.8251953125, 108.57674407958984], [495.2770080566406, 107.28190612792969], [497.0296325683594, 106.664794921875], [496.228759765625, 109.09810638427734], [495.4778137207031, 109.43314361572266], [496.3330993652344, 109.99039459228516], [495.6522216796875, 108.38090515136719], [495.9232177734375, 107.9224853515625], [498.1205749511719, 109.08038330078125], [497.0484619140625, 109.27354431152344], [495.670166015625, 109.58978271484375], [496.65283203125, 111.27322387695312], [495.2849426269531, 108.32525634765625], [497.134765625, 108.57118225097656], [498.512939453125, 108.84742736816406], [492.8941345214844, 107.6880111694336], [496.1152038574219, 110.16075897216797], [496.805419921875, 109.71109771728516], [493.6559753417969, 109.36654663085938], [493.5818176269531, 109.9769515991211]]",0.83504,mc_dropout_ade_v1,"{""method"": ""mc_dropout_ade_v1"", ""validation_ade_px"": 13.288751, ""epistemic_std_px"": 5.020317, ""estimated_ade_px"": 14.205438, ""observation_coverage"": 0.95, ""confidence_scale_px"": 100.0, ""mc_samples"": 16}",gru,[]
examples/inputs/adl-01-cam0.mp4,adl-01-cam0,64,2.1333,person_1,True,"[519.0344848632812, 105.06550598144531]","{""type"": ""polygon"", ""coordinate_system"": ""original_video_pixels"", ""points"": [[450, 29], [554, 29], [554, 191], [450, 191]]}","[[517.2990112304688, 102.62165069580078], [518.7461547851562, 104.00611114501953], [514.7816772460938, 105.15615844726562], [513.3685302734375, 102.8514633178711], [514.13330078125, 105.79166412353516], [513.4345092773438, 103.76752471923828], [514.21728515625, 105.34211730957031], [511.9190368652344, 103.481201171875], [512.229736328125, 103.89360046386719], [513.383544921875, 104.62408447265625], [511.8945007324219, 105.41764831542969], [510.0690612792969, 104.71800994873047], [510.9936218261719, 104.89081573486328], [510.301025390625, 105.22959899902344], [507.976318359375, 104.89481353759766], [507.2417907714844, 106.4403305053711], [507.0133056640625, 103.83892822265625], [507.44769287109375, 104.85533905029297], [507.40863037109375, 105.06578826904297], [506.99884033203125, 106.41934204101562], [506.2178955078125, 106.75035095214844], [504.51953125, 105.43439483642578], [506.140869140625, 105.59723663330078], [504.9986267089844, 106.79920196533203], [503.48565673828125, 104.40830993652344], [502.3077697753906, 106.30445861816406], [502.14166259765625, 105.65897369384766], [501.09954833984375, 105.5153579711914], [502.3763732910156, 106.44474792480469], [501.3583984375, 105.7961654663086], [499.58294677734375, 108.17283630371094], [500.46319580078125, 106.2082748413086], [497.1518249511719, 105.95118713378906], [498.55999755859375, 108.90056610107422], [497.28741455078125, 105.17168426513672], [497.8890380859375, 107.38159942626953], [497.64129638671875, 107.66233825683594], [495.5416259765625, 107.55106353759766], [495.6385192871094, 106.46338653564453], [495.5663146972656, 107.84090423583984], [495.0797119140625, 107.48695373535156], [497.365234375, 108.21295928955078], [496.6416320800781, 106.06177520751953], [496.6526794433594, 108.3436279296875], [494.95050048828125, 108.25318145751953], [495.56622314453125, 107.40277862548828], [494.3450012207031, 107.14307403564453], [495.7303161621094, 108.3432846069336], [495.0632019042969, 109.08379364013672], [493.75115966796875, 108.14125061035156], [492.79010009765625, 106.1084213256836], [491.8002624511719, 108.20878601074219], [492.0898132324219, 109.18290710449219], [492.8740539550781, 107.73970031738281], [493.5771484375, 106.05535125732422], [492.8577575683594, 107.73403930664062], [492.8890686035156, 108.26969909667969], [491.60113525390625, 110.47203063964844], [490.89794921875, 108.04698181152344], [490.5331726074219, 107.69281005859375], [492.6816101074219, 108.84734344482422], [490.8537902832031, 109.86564636230469], [492.0870361328125, 108.00897979736328], [489.45550537109375, 106.95853424072266], [492.5389709472656, 107.48186492919922], [490.6458740234375, 109.0789566040039], [491.6869812011719, 109.23275756835938], [490.3598327636719, 108.70162200927734], [488.6938171386719, 108.96979522705078], [490.2684020996094, 109.7905044555664], [490.5987854003906, 109.01262664794922], [489.2279357910156, 107.4561767578125], [490.7767333984375, 106.97847747802734], [490.4483642578125, 109.29846954345703], [489.37969970703125, 109.91963195800781], [489.916748046875, 110.50872802734375], [489.60589599609375, 108.67028045654297], [489.61199951171875, 108.22691345214844], [491.767578125, 109.0712890625], [490.9176025390625, 109.48944091796875], [489.6097717285156, 109.80500793457031], [490.4100341796875, 111.58466339111328], [488.88214111328125, 108.59973907470703], [491.10064697265625, 108.73609161376953], [492.04681396484375, 109.09075164794922], [486.5565185546875, 107.7264175415039], [489.5389709472656, 110.3714828491211], [490.294189453125, 110.00238037109375], [487.4515075683594, 109.80422973632812], [487.0764465332031, 110.36666870117188]]",0.843602,mc_dropout_ade_v1,"{""method"": ""mc_dropout_ade_v1"", ""validation_ade_px"": 13.288751, ""epistemic_std_px"": 5.740484, ""estimated_ade_px"": 14.475637, ""observation_coverage"": 0.966667, ""confidence_scale_px"": 100.0, ""mc_samples"": 16}",gru,[]
examples/inputs/adl-01-cam0.mp4,adl-01-cam0,65,2.1667,person_1,True,"[518.2745361328125, 105.62300872802734]","{""type"": ""polygon"", ""coordinate_system"": ""original_video_pixels"", ""points"": [[453, 29], [552, 29], [552, 191], [453, 191]]}","[[517.14892578125, 103.6371841430664], [518.9096069335938, 105.03634643554688], [515.702392578125, 106.37042999267578], [513.9497680664062, 103.78763580322266], [515.0857543945312, 106.79826354980469], [514.534912109375, 104.77133178710938], [514.8126831054688, 106.3703384399414], [512.2191772460938, 104.6459732055664], [512.1731567382812, 104.68260192871094], [513.169189453125, 105.55799865722656], [512.03076171875, 106.66912078857422], [510.72607421875, 105.72148132324219], [511.0385437011719, 105.7159194946289], [509.588623046875, 106.24413299560547], [508.40008544921875, 106.08783721923828], [507.7449035644531, 108.0729751586914], [506.4563293457031, 105.12581634521484], [507.12310791015625, 106.38043212890625], [507.525634765625, 106.35930633544922], [507.1465759277344, 107.83473205566406], [506.0497131347656, 107.7232437133789], [504.994873046875, 106.8151626586914], [505.8127746582031, 106.96717834472656], [505.26690673828125, 108.4421615600586], [503.5486145019531, 106.34996795654297], [502.5018615722656, 107.80587005615234], [502.3821105957031, 107.29886627197266], [501.7135314941406, 106.96421813964844], [502.8741760253906, 107.83281707763672], [501.7165222167969, 107.2327651977539], [500.20147705078125, 109.9554443359375], [501.6290588378906, 107.59930419921875], [497.4826965332031, 107.05793762207031], [498.25604248046875, 109.94881439208984], [498.0403747558594, 106.29218292236328], [498.53472900390625, 108.4213638305664], [498.31402587890625, 108.95374298095703], [495.9024353027344, 108.54740142822266], [496.7696228027344, 107.50192260742188], [496.12115478515625, 109.13097381591797], [496.04022216796875, 108.49620056152344], [498.4322204589844, 109.20109558105469], [497.1033020019531, 106.8948745727539], [496.87493896484375, 109.28986358642578], [495.7756652832031, 108.98123168945312], [496.07550048828125, 108.03629302978516], [495.2517395019531, 108.11260986328125], [496.65478515625, 109.25975799560547], [495.8122253417969, 110.31378173828125], [494.131103515625, 108.96510314941406], [493.52972412109375, 106.52835845947266], [491.9184265136719, 109.1324691772461], [492.6120300292969, 110.33675384521484], [494.2149963378906, 108.71138000488281], [494.5667724609375, 106.60086059570312], [493.52703857421875, 108.20867919921875], [492.875, 108.99988555908203], [492.596923828125, 111.12191772460938], [491.69061279296875, 108.81771087646484], [491.3447265625, 108.66698455810547], [494.08990478515625, 109.89237976074219], [492.17059326171875, 110.92973327636719], [493.0381164550781, 108.86315155029297], [490.7628479003906, 108.00455474853516], [493.2483215332031, 107.89360046386719], [491.5892028808594, 109.75813293457031], [492.8795166015625, 109.82305145263672], [490.8333740234375, 109.25647735595703], [489.7095031738281, 109.497314453125], [490.7163391113281, 110.39234161376953], [491.1766357421875, 109.58859252929688], [489.87677001953125, 107.62652587890625], [491.2640075683594, 107.23666381835938], [491.499267578125, 109.70755767822266], [489.97271728515625, 110.40487670898438], [490.4475402832031, 111.34368133544922], [490.2458190917969, 108.98127746582031], [490.4938659667969, 109.11732482910156], [492.41290283203125, 109.28736877441406], [491.7347106933594, 109.79298400878906], [490.9020080566406, 110.26592254638672], [491.27423095703125, 111.68513488769531], [489.36810302734375, 109.04972839355469], [492.0712890625, 109.05806732177734], [492.618408203125, 109.59700775146484], [487.43646240234375, 108.0120849609375], [489.9906005859375, 110.70829010009766], [490.8204650878906, 110.28125762939453], [488.3452453613281, 110.63255310058594], [487.7695007324219, 110.57915496826172]]",0.857879,mc_dropout_ade_v1,"{""method"": ""mc_dropout_ade_v1"", ""validation_ade_px"": 13.288751, ""epistemic_std_px"": 4.62717, ""estimated_ade_px"": 14.071304, ""observation_coverage"": 0.983333, ""confidence_scale_px"": 100.0, ""mc_samples"": 16}",gru,[]
examples/inputs/adl-01-cam0.mp4,adl-01-cam0,66,2.2,person_1,True,"[517.9149780273438, 106.20849609375]","{""type"": ""polygon"", ""coordinate_system"": ""original_video_pixels"", ""points"": [[453, 29], [551, 29], [551, 191], [453, 191]]}","[[517.2759399414062, 104.50450134277344], [519.41259765625, 106.1961669921875], [516.2864990234375, 107.46383666992188], [514.6130981445312, 104.80813598632812], [515.57080078125, 107.72862243652344], [515.5181274414062, 105.79703521728516], [515.1900024414062, 107.44332885742188], [512.53564453125, 105.54822540283203], [511.9344177246094, 105.56159210205078], [513.1932983398438, 106.42374420166016], [512.1151123046875, 107.74812316894531], [511.2313537597656, 106.71240997314453], [511.2401428222656, 106.52535247802734], [509.2987060546875, 107.0329360961914], [508.7196350097656, 107.1738510131836], [508.5665588378906, 109.27701568603516], [506.15447998046875, 106.09310150146484], [507.4432373046875, 107.57991790771484], [507.829833984375, 107.38316345214844], [507.78228759765625, 109.01932525634766], [506.15264892578125, 108.39167785644531], [505.70916748046875, 107.95881652832031], [505.7058410644531, 108.1291275024414], [505.6946716308594, 109.71783447265625], [504.26153564453125, 107.86732482910156], [502.76519775390625, 108.96717834472656], [503.1835021972656, 108.46050262451172], [502.8335876464844, 107.96636199951172], [503.48638916015625, 108.93595886230469], [502.14935302734375, 108.54002380371094], [500.9533996582031, 111.28841400146484], [502.8082580566406, 108.73780059814453], [498.2746887207031, 108.0290298461914], [498.4062805175781, 110.51963806152344], [499.05084228515625, 107.12862396240234], [499.5940246582031, 109.22698974609375], [499.5453186035156, 110.0033187866211], [496.798095703125, 109.33179473876953], [498.30450439453125, 108.56641387939453], [497.7291564941406, 110.14933013916016], [497.63330078125, 109.33241271972656], [500.1298828125, 110.35057830810547], [498.1212463378906, 107.68962097167969], [497.4924621582031, 110.01419830322266], [497.46881103515625, 109.49872589111328], [497.6319885253906, 108.6358871459961], [497.0427551269531, 109.1408920288086], [498.0532531738281, 110.13844299316406], [497.5979919433594, 111.17059326171875], [495.4376220703125, 109.65885925292969], [494.86505126953125, 107.00111389160156], [493.1255798339844, 109.92124938964844], [494.06610107421875, 111.10231018066406], [496.31378173828125, 109.57698059082031], [496.1322326660156, 107.10809326171875], [495.0325927734375, 108.70732879638672], [493.91131591796875, 109.4776382446289], [494.134521484375, 111.70948791503906], [493.62420654296875, 109.65560913085938], [493.12420654296875, 109.65894317626953], [496.2464294433594, 110.71409606933594], [494.63677978515625, 111.71324157714844], [494.6405334472656, 109.35862731933594], [492.6241760253906, 108.6703109741211], [494.565673828125, 108.08515930175781], [493.4676208496094, 110.42733764648438], [494.50115966796875, 110.5691909790039], [492.3828430175781, 109.78797149658203], [491.5505676269531, 109.9271011352539], [492.1560363769531, 111.2708511352539], [492.84063720703125, 110.0787124633789], [491.52532958984375, 107.65304565429688], [492.5038757324219, 107.56262969970703], [493.1099548339844, 109.79067993164062], [491.04058837890625, 110.5507583618164], [491.8591613769531, 112.08789825439453], [491.37579345703125, 109.54573822021484], [492.1556396484375, 109.70748138427734], [493.8616638183594, 109.62664794921875], [493.2861328125, 110.27448272705078], [492.5885314941406, 110.65614318847656], [492.6000061035156, 111.69804382324219], [490.3279724121094, 109.50093078613281], [493.88116455078125, 109.29338073730469], [494.32476806640625, 110.25855255126953], [489.1270446777344, 108.24008178710938], [491.2474365234375, 111.1644287109375], [492.1923522949219, 110.50381469726562], [490.06854248046875, 111.29157257080078], [489.3478088378906, 110.8690414428711]]",0.870146,mc_dropout_ade_v1,"{""method"": ""mc_dropout_ade_v1"", ""validation_ade_px"": 13.288751, ""epistemic_std_px"": 4.108505, ""estimated_ade_px"": 13.909375, ""observation_coverage"": 1.0, ""confidence_scale_px"": 100.0, ""mc_samples"": 16}",gru,[]
examples/inputs/adl-01-cam0.mp4,adl-01-cam0,67,2.2333,person_1,True,"[517.0805053710938, 106.85550689697266]","{""type"": ""polygon"", ""coordinate_system"": ""original_video_pixels"", ""points"": [[449, 28], [550, 28], [550, 192], [449, 192]]}","[[515.6138916015625, 105.20611572265625], [517.3867797851562, 107.0454330444336], [514.2797241210938, 108.19477081298828], [511.92938232421875, 105.61351013183594], [512.87158203125, 108.7677993774414], [513.0368041992188, 106.71846771240234], [512.1660766601562, 108.48731231689453], [509.6328430175781, 106.55787658691406], [508.70220947265625, 106.29590606689453], [510.1207275390625, 107.34957122802734], [508.8636169433594, 108.75977325439453], [508.1582946777344, 107.58126068115234], [508.0596008300781, 107.60784912109375], [505.6211242675781, 107.75920104980469], [505.16241455078125, 108.16586303710938], [504.6620788574219, 110.22718048095703], [502.02532958984375, 106.82160949707031], [503.3706970214844, 108.35932159423828], [503.72003173828125, 108.05755615234375], [503.6435852050781, 110.0675048828125], [501.96234130859375, 109.25299072265625], [501.11102294921875, 109.08343505859375], [500.7815856933594, 109.18700408935547], [501.23175048828125, 110.9533920288086], [499.4989013671875, 108.85009002685547], [497.7607421875, 110.10781860351562], [498.19281005859375, 109.39490509033203], [498.2641906738281, 108.9106216430664], [498.4862365722656, 109.61717224121094], [496.76239013671875, 109.40083312988281], [495.49139404296875, 112.18004608154297], [497.01458740234375, 109.75731658935547], [492.622802734375, 108.8559341430664], [492.3884582519531, 111.84355163574219], [493.2737731933594, 108.02532958984375], [493.8327331542969, 110.27214050292969], [493.56158447265625, 110.72628784179688], [490.7509765625, 110.39929962158203], [492.22528076171875, 109.4979248046875], [492.11187744140625, 111.27232360839844], [492.0115661621094, 110.05603790283203], [494.4020080566406, 111.51362609863281], [492.0587158203125, 108.45384216308594], [491.2607116699219, 111.0031509399414], [491.6846923828125, 110.04613494873047], [491.4346618652344, 109.24671173095703], [490.93707275390625, 109.74225616455078], [491.9738464355469, 111.39869689941406], [491.14520263671875, 112.08234405517578], [489.1901550292969, 110.53003692626953], [488.7912902832031, 107.57656860351562], [487.043212890625, 111.0781478881836], [488.0699462890625, 112.26561737060547], [490.0880432128906, 110.63654327392578], [490.30035400390625, 107.9957046508789], [488.8860778808594, 109.47872161865234], [488.03021240234375, 110.10881805419922], [488.67022705078125, 112.55372619628906], [488.0888671875, 110.20946502685547], [487.4880065917969, 110.82331085205078], [491.0397644042969, 111.42710876464844], [488.8807373046875, 112.6786117553711], [489.14697265625, 110.54151153564453], [486.5559997558594, 109.44816589355469], [488.85150146484375, 108.72190856933594], [487.441162109375, 111.5384292602539], [489.11444091796875, 111.75244140625], [486.61053466796875, 110.6218032836914], [485.78607177734375, 110.68806457519531], [486.4911804199219, 112.2487564086914], [487.2592468261719, 111.00665283203125], [486.48028564453125, 108.02558898925781], [486.83966064453125, 108.5688247680664], [488.0678405761719, 110.25785064697266], [485.4771728515625, 111.30797576904297], [486.1033935546875, 112.76948547363281], [485.67498779296875, 110.5580825805664], [486.22027587890625, 110.25050354003906], [488.0309143066406, 110.05836486816406], [487.5711669921875, 110.85914611816406], [486.928955078125, 111.41808319091797], [487.2068176269531, 112.30133056640625], [484.5234069824219, 110.21735382080078], [488.4889831542969, 109.98783874511719], [488.7076721191406, 111.0904541015625], [483.0748291015625, 108.78170013427734], [485.2756652832031, 111.69584655761719], [486.3355712890625, 111.26618194580078], [484.657958984375, 112.2547836303711], [483.65570068359375, 111.76248931884766]]",0.87274,mc_dropout_ade_v1,"{""method"": ""mc_dropout_ade_v1"", ""validation_ade_px"": 13.288751, ""epistemic_std_px"": 2.947635, ""estimated_ade_px"": 13.61174, ""observation_coverage"": 1.0, ""confidence_scale_px"": 100.0, ""mc_samples"": 16}",gru,[]
examples/inputs/adl-01-cam0.mp4,adl-01-cam0,68,2.2667,person_1,True,"[515.5320434570312, 107.40350341796875]","{""type"": ""polygon"", ""coordinate_system"": ""original_video_pixels"", ""points"": [[443, 28], [549, 28], [549, 194], [443, 194]]}","[[512.79150390625, 105.5984115600586], [514.2901611328125, 107.61717987060547], [510.7154235839844, 108.45065307617188], [508.13201904296875, 106.07039642333984], [509.1132507324219, 109.57367706298828], [508.97552490234375, 107.42383575439453], [508.00518798828125, 109.31394958496094], [505.62591552734375, 107.57691192626953], [504.94110107421875, 107.2530517578125], [506.1495056152344, 108.3468246459961], [504.61370849609375, 109.48104095458984], [503.80535888671875, 108.59538269042969], [503.8241271972656, 108.89281463623047], [501.5840148925781, 108.66304016113281], [500.32000732421875, 109.25733947753906], [499.09564208984375, 110.89741516113281], [497.38067626953125, 107.88780975341797], [498.0774230957031, 109.160888671875], [498.32757568359375, 109.04518127441406], [498.029296875, 110.99504852294922], [496.65069580078125, 110.39214324951172], [495.1321716308594, 110.26669311523438], [495.2505187988281, 109.98773193359375], [495.2672119140625, 111.72295379638672], [493.4118957519531, 109.33049774169922], [491.58544921875, 110.9864273071289], [491.80029296875, 110.21953582763672], [491.7072448730469, 109.72972869873047], [491.85528564453125, 110.2699966430664], [490.11614990234375, 110.04247283935547], [488.45458984375, 112.61638641357422], [489.4881896972656, 110.54212188720703], [485.21954345703125, 109.63664245605469], [485.2971496582031, 112.80509948730469], [485.8296203613281, 108.92283630371094], [485.8194580078125, 111.31122589111328], [485.67694091796875, 111.32783508300781], [483.22430419921875, 111.40866088867188], [484.1619873046875, 110.3769760131836], [484.15771484375, 112.01669311523438], [483.9238586425781, 110.84638214111328], [486.0224304199219, 112.21558380126953], [483.7609558105469, 109.37699127197266], [483.38165283203125, 112.13349151611328], [483.39569091796875, 110.8458251953125], [483.2144470214844, 109.98898315429688], [482.328857421875, 110.43988800048828], [483.76593017578125, 112.53173065185547], [482.7353515625, 112.93045806884766], [480.55322265625, 111.34967041015625], [480.3342590332031, 108.74082946777344], [478.853759765625, 112.41490173339844], [479.773193359375, 113.3812255859375], [481.14691162109375, 111.78176879882812], [481.7347717285156, 109.34684753417969], [480.4927673339844, 110.64923095703125], [480.229736328125, 111.46046447753906], [480.8643798828125, 113.45115661621094], [479.65997314453125, 111.30120849609375], [479.1604309082031, 111.99085998535156], [482.61663818359375, 112.48422241210938], [480.12420654296875, 113.50247192382812], [480.86700439453125, 111.92929077148438], [477.8497619628906, 110.64649963378906], [480.8288269042969, 110.111083984375], [479.03204345703125, 112.91496276855469], [480.77337646484375, 113.03878784179688], [478.56500244140625, 112.01583099365234], [477.5727233886719, 111.97175598144531], [478.5018005371094, 113.3062973022461], [479.3154602050781, 112.62741088867188], [478.7371826171875, 109.46971130371094], [478.7943115234375, 110.2035903930664], [480.3194885253906, 111.34170532226562], [477.9937438964844, 112.6506576538086], [478.3076477050781, 113.45573425292969], [477.7694396972656, 111.97331237792969], [478.538330078125, 111.42427825927734], [480.04425048828125, 111.25480651855469], [479.39703369140625, 112.07744598388672], [478.80560302734375, 112.69164276123047], [479.60333251953125, 113.71959686279297], [476.9771728515625, 111.36089324951172], [480.482177734375, 111.60686492919922], [480.57427978515625, 112.10617065429688], [474.75677490234375, 110.04527282714844], [477.4270935058594, 112.88629913330078], [478.06097412109375, 112.84744262695312], [476.62371826171875, 113.6397705078125], [475.9566650390625, 113.2105712890625]]",0.87504,mc_dropout_ade_v1,"{""method"": ""mc_dropout_ade_v1"", ""validation_ade_px"": 13.288751, ""epistemic_std_px"": 1.262225, ""estimated_ade_px"": 13.348562, ""observation_coverage"": 1.0, ""confidence_scale_px"": 100.0, ""mc_samples"": 16}",gru,[]
examples/inputs/adl-01-cam0.mp4,adl-01-cam0,69,2.3,person_1,True,"[513.5700073242188, 107.86800384521484]","{""type"": ""polygon"", ""coordinate_system"": ""original_video_pixels"", ""points"": [[436, 27], [547, 27], [547, 196], [436, 196]]}","[[510.1136779785156, 105.83863830566406], [511.530517578125, 107.97583770751953], [507.45404052734375, 108.6238784790039], [504.7381286621094, 106.32772827148438], [505.6042785644531, 110.04761505126953], [505.33660888671875, 107.67119598388672], [504.3782043457031, 109.8107681274414], [502.0367431640625, 108.0556640625], [501.49957275390625, 107.88180541992188], [502.6543884277344, 108.79402160644531], [500.86907958984375, 109.84140014648438], [499.8132629394531, 109.19269561767578], [500.08819580078125, 109.79962921142578], [498.360107421875, 109.16754150390625], [495.9613342285156, 109.86772918701172], [494.6482238769531, 111.29055786132812], [493.5634460449219, 108.57085418701172], [493.9327087402344, 109.68590545654297], [493.9066467285156, 109.71240234375], [493.5600280761719, 111.50769805908203], [492.2007751464844, 111.02100372314453], [490.5852966308594, 110.79396057128906], [491.1063232421875, 110.34474182128906], [490.3621520996094, 111.99818420410156], [488.6019592285156, 109.39279174804688], [486.794189453125, 111.37405395507812], [486.9179992675781, 110.70343017578125], [486.6361083984375, 110.09085083007812], [486.9028625488281, 110.7617416381836], [485.1427307128906, 110.40178680419922], [482.9241943359375, 112.97489929199219], [484.092529296875, 110.89736938476562], [479.6309509277344, 110.02806854248047], [479.8673095703125, 113.31205749511719], [480.5849914550781, 109.38727569580078], [480.08685302734375, 111.83824157714844], [480.15447998046875, 111.80258178710938], [477.9341125488281, 112.01171112060547], [478.50457763671875, 111.0594711303711], [478.338134765625, 112.43769073486328], [477.76239013671875, 111.39390563964844], [479.7149353027344, 112.68449401855469], [477.5515441894531, 109.9688720703125], [477.7313232421875, 112.85184478759766], [477.25921630859375, 111.49690246582031], [477.1902160644531, 110.66680908203125], [476.12005615234375, 111.04049682617188], [477.79779052734375, 113.34095764160156], [476.97894287109375, 113.44546508789062], [474.39837646484375, 111.8006362915039], [473.94482421875, 109.58920288085938], [472.77593994140625, 113.40270233154297], [473.69769287109375, 114.2838134765625], [474.93109130859375, 112.58820343017578], [475.4230651855469, 110.16897583007812], [474.57666015625, 111.55715942382812], [474.3167724609375, 112.53058624267578], [474.85107421875, 114.11885070800781], [473.32330322265625, 112.33806610107422], [472.9122314453125, 112.63262176513672], [476.16522216796875, 113.43912506103516], [473.93267822265625, 114.2095718383789], [474.593017578125, 112.6033935546875], [471.4856872558594, 111.46749114990234], [474.9901428222656, 111.13543701171875], [473.19830322265625, 113.80545043945312], [474.25762939453125, 113.8637466430664], [472.61505126953125, 113.08648681640625], [471.494140625, 112.81371307373047], [472.5618591308594, 113.96622467041016], [473.23919677734375, 113.65546417236328], [472.7208557128906, 110.60374450683594], [472.7040710449219, 111.07640075683594], [474.3226623535156, 112.09872436523438], [472.3094482421875, 113.57825469970703], [472.5865783691406, 113.90260314941406], [471.53216552734375, 112.76608276367188], [473.0215759277344, 112.35308074951172], [474.33099365234375, 112.18930053710938], [473.3869323730469, 113.06734466552734], [472.6678466796875, 113.59864807128906], [473.60809326171875, 114.86026000976562], [471.2633056640625, 112.12528228759766], [474.58990478515625, 112.68479919433594], [474.378662109375, 112.88158416748047], [468.7864685058594, 111.04292297363281], [471.495849609375, 113.83405303955078], [471.8183288574219, 114.02106475830078], [470.5760498046875, 114.53727722167969], [470.02215576171875, 114.1321029663086]]",0.874912,mc_dropout_ade_v1,"{""method"": ""mc_dropout_ade_v1"", ""validation_ade_px"": 13.288751, ""epistemic_std_px"": 1.408149, ""estimated_ade_px"": 13.36315, ""observation_coverage"": 1.0, ""confidence_scale_px"": 100.0, ""mc_samples"": 16}",gru,[]
examples/inputs/adl-01-cam0.mp4,adl-01-cam0,70,2.3333,person_1,True,"[512.0784912109375, 108.27549743652344]","{""type"": ""polygon"", ""coordinate_system"": ""original_video_pixels"", ""points"": [[433, 27], [544, 27], [544, 197], [433, 197]]}","[[508.6681213378906, 106.25588989257812], [510.3162536621094, 108.30219268798828], [506.47412109375, 108.97955322265625], [504.04400634765625, 106.82543182373047], [504.7252502441406, 110.56871032714844], [504.54669189453125, 108.23213195800781], [503.461181640625, 110.4461669921875], [500.9267578125, 108.8889389038086], [500.3837890625, 108.51126098632812], [501.3739318847656, 109.53927612304688], [499.4934997558594, 110.35363006591797], [498.429931640625, 109.84745025634766], [498.3602294921875, 110.46504211425781], [496.8401184082031, 109.90357208251953], [494.1508483886719, 110.64655303955078], [492.7826232910156, 112.02871704101562], [491.854248046875, 109.31575012207031], [492.0682067871094, 110.52655029296875], [492.0437927246094, 110.61670684814453], [491.59710693359375, 112.2082290649414], [490.5085144042969, 111.7175521850586], [488.89501953125, 111.66827392578125], [489.0683288574219, 111.11913299560547], [488.2199401855469, 112.65693664550781], [486.61572265625, 110.09207916259766], [484.9366760253906, 112.17973327636719], [484.725830078125, 111.56409454345703], [484.51385498046875, 110.74393463134766], [484.7755126953125, 111.60679626464844], [483.2552490234375, 110.89474487304688], [480.84454345703125, 113.70980834960938], [482.0546875, 111.59788513183594], [477.4433898925781, 110.73397064208984], [477.5943908691406, 113.92630767822266], [478.5544738769531, 110.02806854248047], [477.82720947265625, 112.52836608886719], [477.59893798828125, 112.50031280517578], [475.7475891113281, 112.60677337646484], [476.1801452636719, 111.7003173828125], [475.9524841308594, 113.11590576171875], [475.1274719238281, 112.01095581054688], [477.2177734375, 113.40570068359375], [474.8722229003906, 110.64200592041016], [475.47747802734375, 113.46179962158203], [474.7337951660156, 112.17208099365234], [474.671142578125, 111.36068725585938], [473.7760009765625, 111.60232543945312], [475.3498840332031, 113.86207580566406], [474.575927734375, 114.09488677978516], [471.7047424316406, 112.52003479003906], [471.4840087890625, 110.39681243896484], [470.4786682128906, 114.14906311035156], [471.142578125, 114.9466781616211], [472.4652404785156, 113.17162322998047], [472.8996887207031, 110.90070343017578], [472.164794921875, 112.20669555664062], [471.43621826171875, 113.2998275756836], [472.3626708984375, 114.56163024902344], [470.7572021484375, 113.1773452758789], [470.5155944824219, 113.05487060546875], [473.507568359375, 114.07948303222656], [471.3536376953125, 114.61981201171875], [472.12835693359375, 113.07524871826172], [469.0738525390625, 112.17864990234375], [472.62652587890625, 111.80841827392578], [471.0227966308594, 114.48861694335938], [471.5079650878906, 114.16638946533203], [470.23382568359375, 113.78169250488281], [469.0714111328125, 113.26904296875], [470.37847900390625, 114.4721450805664], [470.54595947265625, 114.22711181640625], [470.2707214355469, 111.15411376953125], [470.2156982421875, 111.56843566894531], [471.8662414550781, 112.636962890625], [470.10382080078125, 114.18939971923828], [470.1418762207031, 114.1517562866211], [469.0956726074219, 113.2331771850586], [470.8733215332031, 113.00770568847656], [471.7806396484375, 112.78572845458984], [470.7573547363281, 113.67333221435547], [470.3995056152344, 114.1362533569336], [470.9024353027344, 115.43583679199219], [468.8421325683594, 112.70074462890625], [471.77685546875, 113.5032730102539], [471.5612487792969, 113.36054229736328], [466.7609558105469, 111.83578491210938], [469.1851806640625, 114.36561584472656], [469.4256591796875, 114.73957061767578], [468.18682861328125, 115.22989654541016], [467.6890869140625, 114.68571472167969]]",0.874947,mc_dropout_ade_v1,"{""method"": ""mc_dropout_ade_v1"", ""validation_ade_px"": 13.288751, ""epistemic_std_px"": 1.370317, ""estimated_ade_px"": 13.359217, ""observation_coverage"": 1.0, ""confidence_scale_px"": 100.0, ""mc_samples"": 16}",gru,[]
examples/inputs/adl-01-cam0.mp4,adl-01-cam0,71,2.3667,person_1,True,"[511.3050231933594, 108.44050598144531]","{""type"": ""polygon"", ""coordinate_system"": ""original_video_pixels"", ""points"": [[437, 27], [543, 27], [543, 197], [437, 197]]}","[[508.6346435546875, 106.5824966430664], [510.7708740234375, 108.42009735107422], [507.7023620605469, 109.25495910644531], [505.5381774902344, 107.16309356689453], [506.3514099121094, 110.82706451416016], [506.25390625, 108.6081314086914], [505.11688232421875, 110.64300537109375], [502.3880920410156, 109.45835876464844], [501.8934326171875, 108.73983764648438], [502.60107421875, 109.99784088134766], [500.817138671875, 110.66116333007812], [499.8260192871094, 110.02145385742188], [499.38671875, 110.51427459716797], [497.5741271972656, 110.3851089477539], [495.2435607910156, 110.90530395507812], [494.00701904296875, 112.52606201171875], [492.77313232421875, 109.63624572753906], [493.2214050292969, 111.1089096069336], [493.39727783203125, 111.09664916992188], [492.7948303222656, 112.68102264404297], [492.04840087890625, 111.98182678222656], [490.4424743652344, 112.12071228027344], [489.9599914550781, 111.60372161865234], [489.428466796875, 113.1494140625], [488.0431213378906, 110.73797607421875], [486.64892578125, 112.76557922363281], [486.0579528808594, 112.20466613769531], [486.0305480957031, 111.13720703125], [486.24700927734375, 112.1295166015625], [484.7450866699219, 111.16667938232422], [482.6097106933594, 114.28109741210938], [483.9951171875, 112.0887451171875], [479.25531005859375, 111.15362548828125], [479.1498107910156, 114.32575988769531], [480.260009765625, 110.23362731933594], [479.8143615722656, 112.85733795166016], [478.8052978515625, 112.9675521850586], [477.39697265625, 112.86375427246094], [477.820068359375, 111.96464538574219], [477.8792419433594, 113.57157135009766], [476.857421875, 112.21647644042969], [479.3807373046875, 113.9018325805664], [476.7790832519531, 110.9842529296875], [477.39422607421875, 113.55392456054688], [476.5162658691406, 112.40450286865234], [476.3827819824219, 111.63509368896484], [475.75555419921875, 111.80165100097656], [476.9970397949219, 114.03205871582031], [476.3999938964844, 114.41857147216797], [473.6419982910156, 112.94139862060547], [473.5335388183594, 110.5367202758789], [472.4783935546875, 114.22370147705078], [472.8004150390625, 115.1230239868164], [474.50274658203125, 113.2406234741211], [474.8315124511719, 111.00959777832031], [474.06268310546875, 112.30011749267578], [472.7713623046875, 113.4241943359375], [474.0145568847656, 114.65120697021484], [472.7545471191406, 113.53717803955078], [472.5817565917969, 113.10958862304688], [475.2485656738281, 114.2381820678711], [473.2805480957031, 114.59054565429688], [474.3457336425781, 113.09398651123047], [471.2611389160156, 112.3219985961914], [474.3974914550781, 111.86122131347656], [473.0155944824219, 114.68011474609375], [473.26416015625, 113.9151611328125], [472.06475830078125, 113.76403045654297], [471.0174865722656, 113.24673461914062], [472.30377197265625, 114.56426239013672], [472.1116027832031, 114.19657135009766], [472.025634765625, 110.84491729736328], [471.9644470214844, 111.3873291015625], [473.59637451171875, 112.85108184814453], [471.91461181640625, 114.27989196777344], [471.8544921875, 114.22989654541016], [470.9153137207031, 113.26192474365234], [472.5299377441406, 113.09857940673828], [473.20562744140625, 112.93568420410156], [472.3538513183594, 113.62511444091797], [472.2108154296875, 114.17308807373047], [472.3997802734375, 115.36772918701172], [470.4090270996094, 112.68751525878906], [473.1566162109375, 113.77757263183594], [473.00909423828125, 113.47705078125], [468.8623962402344, 112.04212188720703], [471.0596618652344, 114.36492919921875], [471.3117980957031, 114.70968627929688], [470.09552001953125, 115.42701721191406], [469.3204650878906, 114.63179779052734]]",0.874353,mc_dropout_ade_v1,"{""method"": ""mc_dropout_ade_v1"", ""validation_ade_px"": 13.288751, ""epistemic_std_px"": 1.922908, ""estimated_ade_px"": 13.427154, ""observation_coverage"": 1.0, ""confidence_scale_px"": 100.0, ""mc_samples"": 16}",gru,[]
examples/inputs/adl-01-cam0.mp4,adl-01-cam0,72,2.4,person_1,True,"[510.9439697265625, 108.47250366210938]","{""type"": ""polygon"", ""coordinate_system"": ""original_video_pixels"", ""points"": [[440, 28], [543, 28], [543, 197], [440, 197]]}","[[508.9413146972656, 106.84016418457031], [511.3677062988281, 108.55754089355469], [508.9416809082031, 109.36537170410156], [507.0556945800781, 107.39134216308594], [507.9702453613281, 110.88227081298828], [508.0931701660156, 108.84575653076172], [506.97491455078125, 110.62004089355469], [504.22332763671875, 109.7040786743164], [503.6446533203125, 108.68012237548828], [504.1649169921875, 110.21597290039062], [502.64849853515625, 110.73374938964844], [501.9344482421875, 109.94038391113281], [501.2621154785156, 110.297119140625], [498.9223937988281, 110.51696014404297], [497.413818359375, 110.85840606689453], [496.3507995605469, 112.6444091796875], [494.6954650878906, 109.5836181640625], [495.42462158203125, 111.27259063720703], [495.896484375, 111.12507629394531], [495.18316650390625, 112.80796813964844], [494.59820556640625, 111.81179809570312], [493.0064697265625, 112.20281982421875], [491.98809814453125, 111.8124771118164], [492.0599365234375, 113.36371612548828], [490.84442138671875, 111.15673828125], [489.53961181640625, 113.07861328125], [488.9104309082031, 112.45597076416016], [489.0965881347656, 111.27296447753906], [489.1222839355469, 112.17955017089844], [487.61322021484375, 111.29248046875], [485.99658203125, 114.48626708984375], [487.3106994628906, 112.3307876586914], [482.7784729003906, 111.33901977539062], [482.50830078125, 114.38516235351562], [483.4866943359375, 110.15292358398438], [483.5066833496094, 112.87687683105469], [481.898193359375, 113.04581451416016], [480.69805908203125, 112.89387512207031], [481.29833984375, 111.89768981933594], [481.7843933105469, 113.74519348144531], [480.7980041503906, 112.12191772460938], [483.4837646484375, 114.1231460571289], [480.79327392578125, 110.9917984008789], [480.9947814941406, 113.33975982666016], [480.45361328125, 112.19432830810547], [480.2256774902344, 111.54312133789062], [479.77398681640625, 111.70735168457031], [480.62548828125, 113.92910766601562], [480.1434020996094, 114.33174896240234], [477.7842712402344, 113.00232696533203], [477.7181396484375, 110.23748016357422], [476.6147766113281, 113.90230560302734], [476.70660400390625, 114.84423065185547], [478.634033203125, 113.01708221435547], [478.947509765625, 110.84574890136719], [477.9934997558594, 112.03340911865234], [476.4420166015625, 113.07086944580078], [477.896728515625, 114.45773315429688], [477.11968994140625, 113.39710235595703], [476.92437744140625, 113.02700805664062], [479.3792724609375, 114.00575256347656], [477.5650329589844, 114.27900695800781], [478.7113037109375, 112.93881225585938], [475.6349792480469, 112.12435913085938], [478.1729736328125, 111.55937957763672], [477.0462341308594, 114.51411437988281], [477.4588928222656, 113.55648040771484], [476.05279541015625, 113.40035247802734], [475.2310485839844, 112.96538543701172], [476.3280029296875, 114.49185180664062], [476.189453125, 113.84574127197266], [476.1741943359375, 110.25212860107422], [476.00262451171875, 111.06729125976562], [477.5552062988281, 112.69975280761719], [475.7814636230469, 113.94515228271484], [475.6627197265625, 114.111328125], [474.95159912109375, 113.17428588867188], [476.26043701171875, 112.8258056640625], [476.9553527832031, 112.79552459716797], [476.21026611328125, 113.26907348632812], [476.191162109375, 113.9180908203125], [476.40496826171875, 114.84210205078125], [474.18817138671875, 112.45674133300781], [476.98419189453125, 113.64717864990234], [476.923583984375, 113.35812377929688], [473.0122985839844, 111.8666000366211], [475.10699462890625, 114.08583068847656], [475.5537109375, 114.27427673339844], [474.3498229980469, 115.21620178222656], [473.31878662109375, 114.29777526855469]]",0.874851,mc_dropout_ade_v1,"{""method"": ""mc_dropout_ade_v1"", ""validation_ade_px"": 13.288751, ""epistemic_std_px"": 1.473017, ""estimated_ade_px"": 13.370141, ""observation_coverage"": 1.0, ""confidence_scale_px"": 100.0, ""mc_samples"": 16}",gru,[]
examples/inputs/adl-01-cam0.mp4,adl-01-cam0,73,2.4333,person_1,True,"[510.5169982910156, 108.54350280761719]","{""type"": ""polygon"", ""coordinate_system"": ""original_video_pixels"", ""points"": [[443, 28], [542, 28], [542, 198], [443, 198]]}","[[508.4886169433594, 107.06746673583984], [510.764404296875, 108.83283996582031], [508.3645324707031, 109.36690521240234], [506.63446044921875, 107.57935333251953], [507.55279541015625, 110.95166778564453], [507.8728332519531, 109.03443145751953], [506.9110412597656, 110.66828918457031], [504.3519592285156, 109.84968566894531], [503.6387023925781, 108.66153717041016], [504.1276550292969, 110.41218566894531], [502.8969421386719, 110.8013687133789], [502.5954284667969, 109.9783935546875], [501.9366455078125, 110.30048370361328], [499.19378662109375, 110.5668716430664], [498.3970642089844, 110.91100311279297], [497.41522216796875, 112.6169204711914], [495.6108703613281, 109.56596374511719], [496.42779541015625, 111.27056884765625], [497.11810302734375, 111.06958770751953], [496.31134033203125, 112.86296081542969], [495.70587158203125, 111.64312744140625], [494.0926513671875, 112.23528289794922], [492.9883728027344, 111.95654296875], [493.5205078125, 113.45636749267578], [492.407958984375, 111.38980865478516], [490.9474182128906, 113.31793212890625], [490.5650329589844, 112.53862762451172], [490.8668212890625, 111.38240051269531], [490.6174011230469, 112.04281616210938], [489.2071533203125, 111.498779296875], [488.00189208984375, 114.50959014892578], [488.9765625, 112.49951171875], [484.8363342285156, 111.51318359375], [484.69805908203125, 114.3741226196289], [485.326416015625, 110.11311340332031], [485.6142883300781, 112.90444946289062], [483.93707275390625, 113.01211547851562], [482.69586181640625, 113.02215576171875], [483.4865417480469, 111.82876586914062], [484.2452697753906, 113.84819030761719], [483.5134582519531, 112.09672546386719], [485.9940490722656, 114.22770690917969], [483.3926086425781, 110.97897338867188], [483.1195068359375, 113.2720947265625], [483.1144714355469, 111.96611785888672], [482.87890625, 111.45137786865234], [482.39385986328125, 111.68204498291016], [483.0497741699219, 113.93013000488281], [482.54510498046875, 114.17666625976562], [480.53875732421875, 112.96086883544922], [480.4839782714844, 110.02120971679688], [479.4361572265625, 113.76648712158203], [479.5333251953125, 114.56642150878906], [481.3236389160156, 112.97911071777344], [481.7328796386719, 110.86726379394531], [480.5562744140625, 111.88477325439453], [479.2302551269531, 112.82633972167969], [480.8050537109375, 114.39009094238281], [480.2688903808594, 113.22445678710938], [480.050048828125, 113.135986328125], [482.41058349609375, 113.88485717773438], [480.6148681640625, 114.14200592041016], [481.6464538574219, 113.01658630371094], [478.63372802734375, 112.07350158691406], [480.7001953125, 111.45545196533203], [479.8370056152344, 114.401123046875], [480.5915832519531, 113.57450103759766], [478.9488525390625, 113.22570037841797], [478.2611999511719, 112.87068939208984], [479.16180419921875, 114.58391571044922], [479.42901611328125, 113.7331314086914], [479.3556213378906, 110.07662200927734], [479.025146484375, 111.13648986816406], [480.517822265625, 112.59859466552734], [478.5810852050781, 113.68709564208984], [478.3837890625, 114.01802062988281], [477.8814392089844, 113.34558868408203], [479.0611572265625, 112.67752075195312], [479.9609375, 112.76168060302734], [479.0640869140625, 113.10517883300781], [479.05035400390625, 113.8133773803711], [479.717041015625, 114.48094940185547], [477.12176513671875, 112.41751098632812], [480.0641174316406, 113.60565185546875], [480.02496337890625, 113.3373794555664], [475.9141540527344, 111.78305053710938], [478.10247802734375, 114.00548553466797], [478.75421142578125, 114.05500030517578], [477.5055847167969, 115.0528564453125], [476.4762878417969, 114.17807006835938]]",0.874961,mc_dropout_ade_v1,"{""method"": ""mc_dropout_ade_v1"", ""validation_ade_px"": 13.288751, ""epistemic_std_px"": 1.354527, ""estimated_ade_px"": 13.357606, ""observation_coverage"": 1.0, ""confidence_scale_px"": 100.0, ""mc_samples"": 16}",gru,[]
examples/inputs/adl-01-cam0.mp4,adl-01-cam0,74,2.4667,person_1,True,"[509.3340148925781, 108.24799346923828]","{""type"": ""polygon"", ""coordinate_system"": ""original_video_pixels"", ""points"": [[443, 26], [540, 26], [540, 199], [443, 199]]}","[[506.6553649902344, 106.57930755615234], [508.24481201171875, 108.35680389404297], [505.34918212890625, 108.54263305664062], [503.305419921875, 106.95780181884766], [504.0284423828125, 110.2488021850586], [504.3773193359375, 108.11573028564453], [503.59161376953125, 109.75605010986328], [501.4918212890625, 108.7452163696289], [500.7839050292969, 107.80960845947266], [501.23712158203125, 109.30851745605469], [499.9976806640625, 109.8736801147461], [499.7820129394531, 108.984130859375], [499.47906494140625, 109.68938446044922], [497.02520751953125, 109.51364135742188], [495.9716796875, 109.83212280273438], [494.9814453125, 111.20824432373047], [493.5738830566406, 108.48963928222656], [494.1529541015625, 109.89088439941406], [494.5688781738281, 109.8028793334961], [493.7721252441406, 111.72081756591797], [492.9161376953125, 110.49268341064453], [491.1982727050781, 110.78695678710938], [490.8783874511719, 110.75994110107422], [490.98724365234375, 112.20551300048828], [489.8460693359375, 109.96980285644531], [488.094482421875, 112.11280822753906], [488.1768493652344, 111.16405487060547], [488.1402282714844, 110.23126220703125], [488.050537109375, 110.73735046386719], [486.42474365234375, 110.51263427734375], [485.1452331542969, 113.22600555419922], [485.6158142089844, 111.33883666992188], [482.1220703125, 110.63126373291016], [482.33282470703125, 113.49176788330078], [482.58441162109375, 109.20892333984375], [482.9824523925781, 111.83937072753906], [481.5935363769531, 111.88211059570312], [479.980224609375, 112.3624496459961], [480.70831298828125, 111.027099609375], [481.3373718261719, 112.79369354248047], [480.8191223144531, 111.275390625], [482.72418212890625, 113.2289810180664], [480.72576904296875, 110.19996643066406], [480.15301513671875, 112.48135375976562], [480.38427734375, 111.19029998779297], [480.0704650878906, 110.9179458618164], [479.4187316894531, 110.95716857910156], [480.1513366699219, 113.2582015991211], [479.567138671875, 113.08619689941406], [478.1911926269531, 112.00286865234375], [477.48779296875, 109.33792877197266], [476.740966796875, 113.1256103515625], [477.0506286621094, 113.76985931396484], [478.34832763671875, 112.3194351196289], [478.9809875488281, 110.41044616699219], [477.852294921875, 111.44103240966797], [477.1253662109375, 112.0665283203125], [478.0044860839844, 113.81922912597656], [477.6014404296875, 112.29705810546875], [477.4300842285156, 112.55221557617188], [479.48089599609375, 113.11768341064453], [477.8311462402344, 113.67208862304688], [478.5738525390625, 112.54219055175781], [475.7402038574219, 111.38352966308594], [478.02001953125, 111.20359802246094], [477.09735107421875, 113.6998291015625], [477.787353515625, 113.37351989746094], [476.37005615234375, 112.82030487060547], [475.6100769042969, 112.32466125488281], [476.5356140136719, 114.12149047851562], [477.11895751953125, 113.16397094726562], [477.0152282714844, 109.99549865722656], [476.6711120605469, 110.98597717285156], [477.8650207519531, 112.11656188964844], [476.14361572265625, 113.13372039794922], [475.67547607421875, 113.53272247314453], [475.3077087402344, 113.01066589355469], [476.463623046875, 112.05982971191406], [477.88055419921875, 112.3452377319336], [476.5361328125, 112.69011688232422], [476.1590270996094, 113.3788070678711], [477.44769287109375, 114.14015197753906], [474.8018493652344, 112.12466430664062], [477.94207763671875, 113.01268768310547], [477.6490783691406, 112.98986053466797], [473.2412109375, 111.33112335205078], [475.4495849609375, 113.73005676269531], [476.2228698730469, 113.72402954101562], [475.0172119140625, 114.23224639892578], [474.0083312988281, 113.8327865600586]]",0.875215,mc_dropout_ade_v1,"{""method"": ""mc_dropout_ade_v1"", ""validation_ade_px"": 13.288751, ""epistemic_std_px"": 1.029209, ""estimated_ade_px"": 13.328547, ""observation_coverage"": 1.0, ""confidence_scale_px"": 100.0, ""mc_samples"": 16}",gru,[]
examples/inputs/adl-01-cam0.mp4,adl-01-cam0,75,2.5,person_1,True,"[507.6944885253906, 107.75049591064453]","{""type"": ""polygon"", ""coordinate_system"": ""original_video_pixels"", ""points"": [[435, 25], [538, 25], [538, 201], [435, 201]]}","[[504.43817138671875, 105.7601089477539], [505.40313720703125, 107.38587188720703], [502.0953369140625, 107.40369415283203], [499.6202697753906, 105.98668670654297], [500.1178894042969, 109.21636962890625], [500.4222412109375, 106.73562622070312], [499.6412048339844, 108.4359359741211], [497.97906494140625, 107.19185638427734], [497.3601989746094, 106.62701416015625], [497.783935546875, 107.6651840209961], [496.3128356933594, 108.5261459350586], [495.8502197265625, 107.51840209960938], [495.85107421875, 108.73441314697266], [494.0851135253906, 108.11162567138672], [492.2099609375, 108.30974578857422], [491.2161865234375, 109.36022186279297], [490.3733215332031, 106.99772644042969], [490.6033935546875, 108.08184814453125], [490.4704895019531, 108.18212127685547], [489.74737548828125, 110.14392852783203], [488.7543640136719, 109.03427124023438], [486.859619140625, 108.82275390625], [487.4688415527344, 109.09566497802734], [486.7117614746094, 110.48755645751953], [485.533935546875, 107.9381332397461], [483.579345703125, 110.34612274169922], [483.9794616699219, 109.31936645507812], [483.41143798828125, 108.56532287597656], [483.7657470703125, 109.18860626220703], [481.80084228515625, 108.9821548461914], [480.15704345703125, 111.54090881347656], [480.3188171386719, 109.67822265625], [477.3681640625, 109.33222961425781], [477.804931640625, 112.33110809326172], [477.88165283203125, 107.99842071533203], [478.2713623046875, 110.37843322753906], [477.1039123535156, 110.4347152709961], [475.163818359375, 111.30447387695312], [475.6441955566406, 109.98636627197266], [475.953125, 111.31973266601562], [475.51287841796875, 110.12662506103516], [476.853271484375, 111.8553466796875], [475.53265380859375, 109.16130065917969], [474.9270935058594, 111.38134002685547], [475.0268249511719, 110.29206848144531], [474.5575256347656, 110.27668762207031], [473.83319091796875, 109.95697021484375], [474.7095642089844, 112.27912139892578], [474.128173828125, 111.7064208984375], [473.3536376953125, 110.79890441894531], [471.7875061035156, 108.5683364868164], [471.37591552734375, 112.29981231689453], [471.8518371582031, 112.8784408569336], [472.7146301269531, 111.33203887939453], [473.5346374511719, 109.70620727539062], [472.6736145019531, 110.87446594238281], [472.3045654296875, 111.17448425292969], [472.2708740234375, 113.01333618164062], [471.9776611328125, 111.21104431152344], [471.90289306640625, 111.57201385498047], [473.470947265625, 112.11251068115234], [472.08929443359375, 113.03594970703125], [472.5635986328125, 111.71007537841797], [469.94415283203125, 110.41175079345703], [472.8070983886719, 110.85832977294922], [471.63153076171875, 112.81307220458984], [471.8507995605469, 112.87848663330078], [470.9410400390625, 112.37030029296875], [470.0025634765625, 111.56184387207031], [471.15838623046875, 113.36905670166016], [471.70855712890625, 112.35713958740234], [471.69207763671875, 109.79960632324219], [471.444580078125, 110.5542984008789], [472.25048828125, 111.47313690185547], [470.9862060546875, 112.52488708496094], [470.1908874511719, 112.85782623291016], [469.88970947265625, 112.30253601074219], [471.0030822753906, 111.28968048095703], [472.8810729980469, 111.77079772949219], [471.10369873046875, 112.16938018798828], [470.3291015625, 112.76941680908203], [471.9264831542969, 113.84921264648438], [469.6148681640625, 111.67774963378906], [472.8251037597656, 112.23147583007812], [472.17205810546875, 112.48664855957031], [467.8167724609375, 110.7596435546875], [469.8872375488281, 113.32122802734375], [470.6817321777344, 113.32469177246094], [469.5464782714844, 113.21131134033203], [468.40496826171875, 113.339599609375]]",0.874894,mc_dropout_ade_v1,"{""method"": ""mc_dropout_ade_v1"", ""validation_ade_px"": 13.288751, ""epistemic_std_px"": 1.427659, ""estimated_ade_px"": 13.36522, ""observation_coverage"": 1.0, ""confidence_scale_px"": 100.0, ""mc_samples"": 16}",gru,[]
examples/inputs/adl-01-cam0.mp4,adl-01-cam0,76,2.5333,person_1,True,"[506.2195129394531, 107.0634994506836]","{""type"": ""polygon"", ""coordinate_system"": ""original_video_pixels"", ""points"": [[434, 23], [537, 23], [537, 202], [434, 202]]}","[[503.04254150390625, 104.81306457519531], [503.9846496582031, 106.17770385742188], [500.75238037109375, 106.32864379882812], [498.2714538574219, 105.00350952148438], [498.6900329589844, 108.1440658569336], [498.8828430175781, 105.5566635131836], [498.1744079589844, 107.19036865234375], [496.6200866699219, 105.90805053710938], [496.20654296875, 105.57405090332031], [496.6050109863281, 106.3230972290039], [494.8932800292969, 107.25731658935547], [493.848876953125, 106.143798828125], [494.0620422363281, 107.55738067626953], [492.934814453125, 107.01914978027344], [490.24359130859375, 106.89994049072266], [489.20489501953125, 107.78890228271484], [488.87469482421875, 105.56999969482422], [488.8887939453125, 106.56045532226562], [488.3677673339844, 106.82244110107422], [487.77264404296875, 108.73245239257812], [486.982177734375, 107.88021850585938], [484.74017333984375, 107.245361328125], [485.8145751953125, 107.64718627929688], [484.45751953125, 108.93779754638672], [483.3204040527344, 106.15876770019531], [481.42877197265625, 108.76417541503906], [481.739013671875, 107.7356948852539], [480.7269287109375, 107.04071807861328], [481.5509033203125, 107.9076156616211], [479.3656921386719, 107.43757629394531], [477.5299072265625, 110.01807403564453], [477.64031982421875, 108.2110366821289], [474.9830322265625, 108.03921508789062], [475.5223083496094, 111.23859405517578], [475.3461608886719, 106.79412078857422], [475.8055419921875, 109.06399536132812], [474.42236328125, 109.19193267822266], [472.5698547363281, 110.10882568359375], [472.661376953125, 108.94631958007812], [472.9501037597656, 109.99577331542969], [472.320556640625, 108.93403625488281], [473.57708740234375, 110.61666870117188], [472.6618347167969, 108.12712860107422], [472.2325439453125, 110.19525146484375], [471.8128967285156, 109.43498992919922], [471.2673645019531, 109.49192810058594], [470.56201171875, 108.82118225097656], [471.379150390625, 111.16761016845703], [470.9960021972656, 110.46456146240234], [470.5243835449219, 109.83314514160156], [468.5289611816406, 107.81918334960938], [468.31280517578125, 111.20806121826172], [468.5755615234375, 111.88877868652344], [469.242919921875, 110.11791229248047], [470.1608581542969, 108.81975555419922], [469.5915832519531, 110.14110565185547], [469.31756591796875, 110.2349624633789], [468.4546813964844, 112.08454132080078], [468.3663635253906, 110.2123031616211], [468.3538818359375, 110.3565444946289], [469.3750305175781, 110.99588775634766], [468.2545166015625, 112.08244323730469], [468.86492919921875, 110.60332489013672], [466.18145751953125, 109.27157592773438], [469.5763854980469, 110.175048828125], [468.0426940917969, 111.8954086303711], [467.87188720703125, 111.9432601928711], [467.34698486328125, 111.65231323242188], [466.2016296386719, 110.69608306884766], [467.73040771484375, 112.44474792480469], [467.95184326171875, 111.45061492919922], [467.99139404296875, 109.18048858642578], [467.93798828125, 109.76715850830078], [468.33795166015625, 110.78395080566406], [467.5341796875, 111.86194610595703], [466.59197998046875, 112.06342315673828], [466.3506164550781, 111.37031555175781], [467.1439514160156, 110.32896423339844], [469.20123291015625, 111.1249008178711], [467.3388671875, 111.49292755126953], [466.3484191894531, 112.0132064819336], [467.8423767089844, 113.42328643798828], [465.9809265136719, 110.99449157714844], [468.856201171875, 111.4814453125], [468.3445739746094, 111.70511627197266], [464.1784973144531, 110.09135437011719], [466.20458984375, 112.66446685791016], [466.91436767578125, 112.64512634277344], [465.7081298828125, 112.20537567138672], [464.4313049316406, 112.67113494873047]]",0.875067,mc_dropout_ade_v1,"{""method"": ""mc_dropout_ade_v1"", ""validation_ade_px"": 13.288751, ""epistemic_std_px"": 1.229551, ""estimated_ade_px"": 13.345512, ""observation_coverage"": 1.0, ""confidence_scale_px"": 100.0, ""mc_samples"": 16}",gru,[]
examples/inputs/adl-01-cam0.mp4,adl-01-cam0,77,2.5667,person_1,True,"[505.5484924316406, 106.59400177001953]","{""type"": ""polygon"", ""coordinate_system"": ""original_video_pixels"", ""points"": [[435, 23], [537, 23], [537, 202], [435, 202]]}","[[503.27801513671875, 104.40428924560547], [504.830078125, 105.5064926147461], [502.2723693847656, 105.95217895507812], [500.27874755859375, 104.59781646728516], [500.7132568359375, 107.64442443847656], [501.00860595703125, 105.25092315673828], [500.3915710449219, 106.63180541992188], [498.57159423828125, 105.54712677001953], [498.2913818359375, 105.07048034667969], [498.58831787109375, 105.92017364501953], [496.8243713378906, 106.71383666992188], [495.4574890136719, 105.45780181884766], [495.5599670410156, 106.67901611328125], [494.36981201171875, 106.7375717163086], [491.8085021972656, 106.27034759521484], [490.73565673828125, 107.24617004394531], [490.3971862792969, 104.77842712402344], [490.54534912109375, 106.01571655273438], [490.1576843261719, 106.27454376220703], [489.5828857421875, 108.16157531738281], [489.2487487792969, 107.34463500976562], [486.59881591796875, 106.76359558105469], [487.3890686035156, 107.16603088378906], [486.2285461425781, 108.39801788330078], [485.18505859375, 105.66034698486328], [483.49951171875, 108.21002197265625], [483.5721435546875, 107.17879486083984], [482.51934814453125, 106.48748779296875], [483.5005798339844, 107.45002746582031], [481.22149658203125, 106.72429656982422], [479.6793212890625, 109.43437194824219], [479.89947509765625, 107.75811004638672], [477.2437438964844, 107.47132873535156], [477.81939697265625, 110.69171905517578], [477.29290771484375, 106.12069702148438], [478.1099548339844, 108.56476593017578], [476.0191955566406, 108.72370910644531], [474.61029052734375, 109.40890502929688], [474.4795837402344, 108.30400085449219], [475.333740234375, 109.49800109863281], [474.4355773925781, 108.28372192382812], [476.06817626953125, 110.24726867675781], [475.1192626953125, 107.55413055419922], [474.55755615234375, 109.45011901855469], [473.86004638671875, 108.86748504638672], [473.3472595214844, 108.93537139892578], [472.74755859375, 108.11410522460938], [473.2294921875, 110.41730499267578], [473.020263671875, 109.82164001464844], [472.7020263671875, 109.53106689453125], [470.9444580078125, 107.22639465332031], [470.7068786621094, 110.23544311523438], [470.4451599121094, 111.11914825439453], [471.2664794921875, 109.1968765258789], [472.1755676269531, 108.15642547607422], [471.6611633300781, 109.47112274169922], [471.1151428222656, 109.4989242553711], [470.0911865234375, 111.46224975585938], [470.36431884765625, 109.61302185058594], [470.3664245605469, 109.55643463134766], [471.0235290527344, 110.17096710205078], [469.9660339355469, 111.18998718261719], [471.0328063964844, 109.80907440185547], [468.0650329589844, 108.44828033447266], [471.4795837402344, 109.38997650146484], [469.7574768066406, 111.35926055908203], [469.609130859375, 111.01634979248047], [469.0278625488281, 110.90727996826172], [467.86175537109375, 110.04927062988281], [469.59478759765625, 111.84473419189453], [469.51495361328125, 110.74917602539062], [469.5711364746094, 108.27278137207031], [469.5614013671875, 108.9522476196289], [469.81842041015625, 110.27327728271484], [469.11175537109375, 111.32432556152344], [468.1839904785156, 111.5324478149414], [468.2460632324219, 110.73884582519531], [468.3997802734375, 109.5318603515625], [470.27392578125, 110.6226577758789], [468.79901123046875, 110.82536315917969], [467.90362548828125, 111.3554916381836], [468.98907470703125, 112.82643127441406], [467.303955078125, 110.39012908935547], [469.8728942871094, 110.97614288330078], [469.807861328125, 111.00752258300781], [465.8038024902344, 109.52892303466797], [467.89892578125, 111.95707702636719], [468.6005554199219, 111.85884857177734], [467.2564697265625, 111.5243148803711], [465.8021545410156, 112.0778579711914]]",0.874959,mc_dropout_ade_v1,"{""method"": ""mc_dropout_ade_v1"", ""validation_ade_px"": 13.288751, ""epistemic_std_px"": 1.356511, ""estimated_ade_px"": 13.357808, ""observation_coverage"": 1.0, ""confidence_scale_px"": 100.0, ""mc_samples"": 16}",gru,[]
examples/inputs/adl-01-cam0.mp4,adl-01-cam0,78,2.6,person_1,True,"[504.9534912109375, 106.28050231933594]","{""type"": ""polygon"", ""coordinate_system"": ""original_video_pixels"", ""points"": [[439, 23], [537, 23], [537, 202], [439, 202]]}","[[503.3728332519531, 104.16557312011719], [505.4412536621094, 105.28113555908203], [503.272705078125, 105.85271453857422], [501.7448425292969, 104.42478942871094], [502.118896484375, 107.40662384033203], [502.4935607910156, 105.26192474365234], [501.9685974121094, 106.41470336914062], [499.8646240234375, 105.4361801147461], [499.5792236328125, 104.82148742675781], [499.8682556152344, 105.869384765625], [498.1478271484375, 106.49840545654297], [496.6529846191406, 105.22594451904297], [496.7110290527344, 106.17720794677734], [495.18707275390625, 106.59056091308594], [493.00250244140625, 106.01007843017578], [491.8976745605469, 107.05897521972656], [491.3634033203125, 104.39679718017578], [491.6675720214844, 105.83390808105469], [491.5065612792969, 106.02166748046875], [490.98516845703125, 107.91091918945312], [490.8101806640625, 107.10369110107422], [487.94366455078125, 106.70362091064453], [488.40704345703125, 107.01458740234375], [487.6646728515625, 108.25123596191406], [486.695068359375, 105.63398742675781], [485.03448486328125, 108.04044342041016], [485.038818359375, 106.95247650146484], [484.0728759765625, 106.35092163085938], [485.0097351074219, 107.19767761230469], [482.71405029296875, 106.49044799804688], [481.5146484375, 109.18638610839844], [481.74041748046875, 107.66217803955078], [479.05328369140625, 107.23921203613281], [479.6195983886719, 110.35861206054688], [478.84112548828125, 105.79792785644531], [479.923095703125, 108.41561126708984], [477.4494323730469, 108.46147155761719], [476.2747802734375, 109.0650863647461], [476.1217041015625, 107.89567565917969], [477.50494384765625, 109.27808380126953], [476.420166015625, 107.96261596679688], [478.2989501953125, 110.14220428466797], [477.3135986328125, 107.19587707519531], [476.4835205078125, 109.06944274902344], [475.8619079589844, 108.45899200439453], [475.3419189453125, 108.49041748046875], [474.774169921875, 107.69290161132812], [475.0414123535156, 109.97371673583984], [474.84918212890625, 109.52764129638672], [474.59661865234375, 109.3904800415039], [473.1644592285156, 106.80918884277344], [472.8663330078125, 109.57744598388672], [472.3018493652344, 110.60355377197266], [473.230224609375, 108.68907165527344], [474.0809020996094, 107.77383422851562], [473.5120544433594, 108.98829650878906], [472.8853759765625, 109.01045227050781], [471.8923645019531, 111.058349609375], [472.3871765136719, 109.20747375488281], [472.3276672363281, 109.18202209472656], [472.9853820800781, 109.63077545166016], [471.9059753417969, 110.52330017089844], [473.16595458984375, 109.39464569091797], [470.01397705078125, 107.9096450805664], [473.287841796875, 108.76238250732422], [471.4784240722656, 111.01205444335938], [471.6880187988281, 110.47343444824219], [470.827880859375, 110.34077453613281], [469.7027893066406, 109.70460510253906], [471.47247314453125, 111.50521850585938], [471.3541564941406, 110.30770874023438], [471.3685302734375, 107.61709594726562], [471.3556213378906, 108.47845458984375], [471.55078125, 109.87396240234375], [470.73846435546875, 110.92967224121094], [469.8975524902344, 111.27767944335938], [470.1790771484375, 110.4231185913086], [469.92279052734375, 108.99048614501953], [471.61968994140625, 110.22482299804688], [470.5378112792969, 110.37767791748047], [469.7642822265625, 110.9019546508789], [470.5793762207031, 112.28292083740234], [468.78369140625, 109.96696472167969], [471.2785949707031, 110.59286499023438], [471.5759582519531, 110.51383209228516], [467.51531982421875, 109.07559204101562], [469.6806640625, 111.4592056274414], [470.425048828125, 111.31307983398438], [469.0895690917969, 111.14999389648438], [467.5870361328125, 111.70480346679688]]",0.875231,mc_dropout_ade_v1,"{""method"": ""mc_dropout_ade_v1"", ""validation_ade_px"": 13.288751, ""epistemic_std_px"": 1.005079, ""estimated_ade_px"": 13.326706, ""observation_coverage"": 1.0, ""confidence_scale_px"": 100.0, ""mc_samples"": 16}",gru,[]
examples/inputs/adl-01-cam0.mp4,adl-01-cam0,79,2.6333,person_1,True,"[504.2319641113281, 106.16050720214844]","{""type"": ""polygon"", ""coordinate_system"": ""original_video_pixels"", ""points"": [[437, 23], [536, 23], [536, 202], [437, 202]]}","[[502.6710205078125, 104.08931732177734], [504.8659362792969, 105.4214096069336], [502.49261474609375, 105.88761901855469], [501.2317199707031, 104.3856430053711], [501.4825439453125, 107.38552856445312], [501.8581237792969, 105.39570617675781], [501.42572021484375, 106.48614501953125], [499.21966552734375, 105.437744140625], [498.84759521484375, 104.76358032226562], [499.2301940917969, 105.99790954589844], [497.5909423828125, 106.51473999023438], [496.2562561035156, 105.35277557373047], [496.3902282714844, 106.13994598388672], [494.52496337890625, 106.48409271240234], [492.7059631347656, 106.07288360595703], [491.5332336425781, 107.08880615234375], [490.8802490234375, 104.42375183105469], [491.2025146484375, 105.87323760986328], [491.20745849609375, 105.99686431884766], [490.7297668457031, 107.87178039550781], [490.4168395996094, 107.06249237060547], [487.53564453125, 106.85972595214844], [488.0101013183594, 107.04116821289062], [487.55908203125, 108.31947326660156], [486.5867919921875, 105.8060302734375], [484.74493408203125, 108.117431640625], [484.91705322265625, 106.93121337890625], [484.0845642089844, 106.47858428955078], [484.8113098144531, 107.06407165527344], [482.5992126464844, 106.63458251953125], [481.586669921875, 109.1552734375], [481.6824951171875, 107.73516082763672], [478.9914245605469, 107.27067565917969], [479.61370849609375, 110.16970825195312], [478.7061767578125, 105.79248809814453], [479.7890319824219, 108.48947143554688], [477.481689453125, 108.32782745361328], [476.240966796875, 109.05213928222656], [476.24365234375, 107.7126235961914], [477.798095703125, 109.20851135253906], [476.758544921875, 107.93202209472656], [478.5555419921875, 110.09111785888672], [477.6103820800781, 107.05386352539062], [476.51251220703125, 109.0713119506836], [476.23797607421875, 108.25316619873047], [475.7496643066406, 108.22940063476562], [475.05035400390625, 107.60797119140625], [475.4188537597656, 109.83354949951172], [475.06890869140625, 109.48397827148438], [474.7554931640625, 109.27156066894531], [473.5394287109375, 106.64202117919922], [473.2388610839844, 109.3963394165039], [472.71453857421875, 110.38681030273438], [473.576904296875, 108.63298797607422], [474.35101318359375, 107.73115539550781], [473.7220458984375, 108.78789520263672], [473.30535888671875, 108.86709594726562], [472.4767761230469, 110.88563537597656], [472.8468933105469, 109.02851104736328], [472.7273864746094, 109.21916198730469], [473.6566162109375, 109.44915008544922], [472.47991943359375, 110.25361633300781], [473.56903076171875, 109.416259765625], [470.475830078125, 107.75756072998047], [473.5975646972656, 108.51653289794922], [471.79541015625, 110.88449096679688], [472.4214172363281, 110.41796112060547], [471.2900085449219, 110.1307144165039], [470.25830078125, 109.67969512939453], [471.8664245605469, 111.44065856933594], [472.0248107910156, 110.21810150146484], [471.9556884765625, 107.46416473388672], [471.9009094238281, 108.47663116455078], [472.1172180175781, 109.65461730957031], [471.1494445800781, 110.7468490600586], [470.3854675292969, 111.20926666259766], [470.7169494628906, 110.44670867919922], [470.45184326171875, 108.85651397705078], [472.0818176269531, 110.03321838378906], [471.118896484375, 110.22478485107422], [470.4304504394531, 110.75727844238281], [471.3160400390625, 111.95680236816406], [469.2594909667969, 109.8161392211914], [471.88934326171875, 110.41563415527344], [472.249755859375, 110.30766296386719], [467.9246826171875, 108.86407470703125], [470.217041015625, 111.30339813232422], [470.9919128417969, 111.17501068115234], [469.755859375, 111.0689926147461], [468.37786865234375, 111.60002899169922]]",0.874941,mc_dropout_ade_v1,"{""method"": ""mc_dropout_ade_v1"", ""validation_ade_px"": 13.288751, ""epistemic_std_px"": 1.377341, ""estimated_ade_px"": 13.359939, ""observation_coverage"": 1.0, ""confidence_scale_px"": 100.0, ""mc_samples"": 16}",gru,[]
examples/inputs/adl-01-cam0.mp4,adl-01-cam0,80,2.6667,person_1,True,"[503.41851806640625, 106.34750366210938]","{""type"": ""polygon"", ""coordinate_system"": ""original_video_pixels"", ""points"": [[438, 22], [534, 22], [534, 202], [438, 202]]}","[[501.41802978515625, 104.35203552246094], [503.4013671875, 105.91886901855469], [500.61273193359375, 106.1627197265625], [499.3377380371094, 104.63763427734375], [499.4918212890625, 107.7025375366211], [499.8914489746094, 105.7336654663086], [499.5222473144531, 106.90507507324219], [497.3776550292969, 105.76520538330078], [496.8609619140625, 105.03836059570312], [497.3614807128906, 106.42242431640625], [495.8526306152344, 106.8912582397461], [494.9056396484375, 105.87378692626953], [495.1109619140625, 106.61488342285156], [492.96826171875, 106.71308135986328], [491.45147705078125, 106.59188079833984], [490.2447204589844, 107.51204681396484], [489.5216064453125, 104.94395446777344], [489.79864501953125, 106.30497741699219], [489.88812255859375, 106.40631866455078], [489.40771484375, 108.22020721435547], [488.87200927734375, 107.34503173828125], [486.1041259765625, 107.35369873046875], [486.7572937011719, 107.447998046875], [486.4394226074219, 108.74530792236328], [485.4325256347656, 106.32099151611328], [483.3765869140625, 108.6059341430664], [483.79254150390625, 107.34886169433594], [483.10205078125, 106.9935531616211], [483.55328369140625, 107.30501556396484], [481.519287109375, 107.21393585205078], [480.51031494140625, 109.55252838134766], [480.52294921875, 108.15727233886719], [477.76007080078125, 107.69235229492188], [478.4538879394531, 110.36458587646484], [477.6123352050781, 106.1963119506836], [478.49676513671875, 108.90772247314453], [476.6261291503906, 108.58221435546875], [475.22357177734375, 109.4451904296875], [475.4453125, 107.94680786132812], [476.8697204589844, 109.51202392578125], [476.0425720214844, 108.30128479003906], [477.5649719238281, 110.32718658447266], [476.6302490234375, 107.28669738769531], [475.34912109375, 109.51123809814453], [475.5209655761719, 108.40125274658203], [475.0679931640625, 108.35514068603516], [474.2478332519531, 107.97071838378906], [474.8343811035156, 110.14151763916016], [474.32000732421875, 109.79637145996094], [473.8153076171875, 109.4061050415039], [472.7216796875, 106.86196899414062], [472.45660400390625, 109.8111343383789], [472.19244384765625, 110.65267944335938], [472.9524230957031, 109.08256530761719], [473.6167297363281, 108.10808563232422], [472.94781494140625, 108.99205017089844], [472.7529602050781, 109.18861389160156], [472.31304931640625, 111.08480834960938], [472.348876953125, 109.29833221435547], [472.1925964355469, 109.68396759033203], [473.4317626953125, 109.79759979248047], [472.1978454589844, 110.52564239501953], [472.8944396972656, 109.87786102294922], [470.04046630859375, 108.14971160888672], [472.9759521484375, 108.75346374511719], [471.3765563964844, 111.13003540039062], [472.21533203125, 110.81947326660156], [470.8975830078125, 110.4112548828125], [469.99249267578125, 110.01380157470703], [471.32525634765625, 111.71190643310547], [471.899658203125, 110.55059814453125], [471.78302001953125, 107.81861877441406], [471.5998840332031, 108.8926773071289], [472.0039367675781, 109.76191711425781], [470.84808349609375, 110.9184341430664], [470.0960693359375, 111.36615753173828], [470.3592529296875, 110.83186340332031], [470.4064636230469, 109.22625732421875], [471.9988708496094, 110.175537109375], [470.9225769042969, 110.44490051269531], [470.322021484375, 110.9993667602539], [471.4872131347656, 112.00823974609375], [469.1656188964844, 110.0282974243164], [472.0068359375, 110.6361312866211], [472.13006591796875, 110.50369262695312], [467.618896484375, 109.08316802978516], [469.97808837890625, 111.53768920898438], [470.7840270996094, 111.48653411865234], [469.6993103027344, 111.37256622314453], [468.4645080566406, 111.81884002685547]]",0.875035,mc_dropout_ade_v1,"{""method"": ""mc_dropout_ade_v1"", ""validation_ade_px"": 13.288751, ""epistemic_std_px"": 1.26861, ""estimated_ade_px"": 13.349168, ""observation_coverage"": 1.0, ""confidence_scale_px"": 100.0, ""mc_samples"": 16}",gru,[]
examples/inputs/adl-01-cam0.mp4,adl-01-cam0,81,2.7,person_1,True,"[502.8084716796875, 106.69700622558594]","{""type"": ""polygon"", ""coordinate_system"": ""original_video_pixels"", ""points"": [[442, 23], [528, 23], [528, 201], [442, 201]]}","[[500.50067138671875, 104.89633178710938], [502.25555419921875, 106.535888671875], [499.399169921875, 106.58686065673828], [498.0432434082031, 105.14334106445312], [498.1612854003906, 108.20589447021484], [498.7411804199219, 106.24700927734375], [498.3870849609375, 107.49058532714844], [496.376708984375, 106.41549682617188], [495.6770324707031, 105.53093719482422], [496.21441650390625, 107.08810424804688], [494.9341125488281, 107.46814727783203], [494.4593811035156, 106.55296325683594], [494.5589294433594, 107.24948120117188], [492.17510986328125, 107.29991912841797], [491.0561828613281, 107.38818359375], [489.88970947265625, 108.20286560058594], [489.0562438964844, 105.70087432861328], [489.34136962890625, 107.0364990234375], [489.55859375, 107.15055847167969], [489.0174865722656, 108.84368896484375], [488.4325866699219, 107.79084777832031], [485.7605285644531, 108.10270690917969], [486.4390563964844, 108.16580963134766], [486.25390625, 109.43770599365234], [485.3257141113281, 107.14534759521484], [483.1601257324219, 109.39200592041016], [483.73223876953125, 108.12641143798828], [483.17315673828125, 107.7279281616211], [483.3417053222656, 107.89488983154297], [481.5986633300781, 108.01604461669922], [480.5959167480469, 110.27047729492188], [480.6564636230469, 108.87918090820312], [477.762451171875, 108.36750030517578], [478.50787353515625, 110.80517578125], [477.78668212890625, 106.80977630615234], [478.49639892578125, 109.53070068359375], [476.8930358886719, 109.15426635742188], [475.5316162109375, 110.00936889648438], [475.92584228515625, 108.46743774414062], [477.2251281738281, 110.10177612304688], [476.6227722167969, 108.85857391357422], [477.92279052734375, 110.8305892944336], [476.8936767578125, 107.77391052246094], [475.45489501953125, 110.07121276855469], [476.0003662109375, 108.73789978027344], [475.60845947265625, 108.72667694091797], [474.8563537597656, 108.5736083984375], [475.4419860839844, 110.65054321289062], [474.9688720703125, 110.25531005859375], [474.2106628417969, 109.80138397216797], [473.25030517578125, 107.27290344238281], [473.0254211425781, 110.4388427734375], [473.0016174316406, 111.1146469116211], [473.7345886230469, 109.68927001953125], [474.26220703125, 108.66758728027344], [473.5523986816406, 109.36444091796875], [473.3504333496094, 109.70413970947266], [473.45745849609375, 111.43936920166016], [473.26043701171875, 109.86392211914062], [473.1068115234375, 110.2699203491211], [474.44805908203125, 110.391357421875], [473.2657470703125, 110.98236083984375], [473.5889587402344, 110.42689514160156], [471.04547119140625, 108.82696533203125], [473.6293640136719, 109.18157196044922], [472.4668884277344, 111.57044219970703], [473.2488098144531, 111.25054931640625], [471.81976318359375, 110.90788269042969], [471.0689697265625, 110.44281768798828], [472.1312561035156, 112.11125946044922], [473.0567626953125, 111.01068878173828], [472.9286804199219, 108.24432373046875], [472.5437316894531, 109.36160278320312], [473.224609375, 110.0395736694336], [471.9052429199219, 111.23870849609375], [471.0945739746094, 111.58052062988281], [471.3143310546875, 111.3180923461914], [471.7239685058594, 109.79698181152344], [473.1488037109375, 110.49861145019531], [471.9581604003906, 110.80278778076172], [471.51220703125, 111.36613464355469], [472.9194030761719, 112.20649719238281], [470.4124755859375, 110.3868408203125], [473.3786315917969, 111.11971282958984], [473.1820983886719, 110.90459442138672], [468.8004150390625, 109.56608581542969], [471.1169128417969, 111.89237976074219], [471.9607849121094, 111.90811157226562], [471.00616455078125, 111.8351058959961], [469.8275451660156, 112.12124633789062]]",0.875214,mc_dropout_ade_v1,"{""method"": ""mc_dropout_ade_v1"", ""validation_ade_px"": 13.288751, ""epistemic_std_px"": 1.030986, ""estimated_ade_px"": 13.328685, ""observation_coverage"": 1.0, ""confidence_scale_px"": 100.0, ""mc_samples"": 16}",gru,[]
examples/inputs/adl-01-cam0.mp4,adl-01-cam0,82,2.7333,person_1,True,"[501.2464904785156, 106.51150512695312]","{""type"": ""polygon"", ""coordinate_system"": ""original_video_pixels"", ""points"": [[439, 22], [526, 22], [526, 201], [439, 201]]}","[[498.3489685058594, 104.51036071777344], [499.7170715332031, 106.1436767578125], [496.4409484863281, 106.1198501586914], [494.7294921875, 104.70297241210938], [494.75164794921875, 107.83061981201172], [495.23162841796875, 105.65412902832031], [494.8509826660156, 107.07146453857422], [493.0396728515625, 105.82635498046875], [492.4040222167969, 105.1763916015625], [492.9897766113281, 106.48280334472656], [491.5366516113281, 106.97908782958984], [490.9299011230469, 106.1378402709961], [491.195068359375, 107.10948181152344], [489.2976989746094, 106.77461242675781], [487.51055908203125, 106.93916320800781], [486.2855224609375, 107.5971908569336], [485.8583068847656, 105.3106689453125], [485.8896484375, 106.4457778930664], [485.80841064453125, 106.6726303100586], [485.30889892578125, 108.3046875], [484.5934143066406, 107.3892593383789], [481.92926025390625, 107.46287536621094], [483.13043212890625, 107.56315612792969], [482.35162353515625, 108.82305145263672], [481.3706970214844, 106.32038116455078], [479.1436462402344, 108.74574279785156], [479.7762451171875, 107.50904846191406], [478.9986267089844, 107.15137481689453], [479.3456726074219, 107.4260482788086], [477.5927734375, 107.49517822265625], [476.1515808105469, 109.70298767089844], [476.177978515625, 108.26419830322266], [473.3265380859375, 107.90235900878906], [474.23590087890625, 110.45545959472656], [473.56182861328125, 106.47982025146484], [474.0119934082031, 109.06665802001953], [472.7615966796875, 108.66123962402344], [471.2610778808594, 109.6779556274414], [471.4752502441406, 108.19387817382812], [472.4307861328125, 109.5778579711914], [471.82916259765625, 108.5298080444336], [472.86700439453125, 110.29083251953125], [472.08514404296875, 107.46039581298828], [470.91021728515625, 109.8327865600586], [471.2071533203125, 108.55069732666016], [470.83746337890625, 108.57200622558594], [470.0040588378906, 108.32202911376953], [470.83111572265625, 110.41029357910156], [470.342041015625, 109.86195373535156], [469.5608825683594, 109.3455581665039], [468.2522888183594, 107.15634155273438], [468.1693115234375, 110.37821960449219], [468.3694763183594, 110.98255920410156], [468.8672790527344, 109.50724792480469], [469.472412109375, 108.5006332397461], [468.92364501953125, 109.3031997680664], [468.8923034667969, 109.6152572631836], [468.7044677734375, 111.24845123291016], [468.27734375, 109.6338882446289], [468.18292236328125, 109.96112823486328], [469.46405029296875, 110.21122741699219], [468.3206787109375, 110.91983032226562], [468.49566650390625, 110.20948028564453], [466.07440185546875, 108.63253021240234], [469.08935546875, 109.2270736694336], [467.7861328125, 111.34666442871094], [468.2721252441406, 111.1926498413086], [467.1374206542969, 110.93964385986328], [466.2440490722656, 110.28025817871094], [467.4426574707031, 111.83566284179688], [468.32537841796875, 110.86248016357422], [468.21441650390625, 108.40687561035156], [467.91290283203125, 109.3239517211914], [468.52978515625, 109.88089752197266], [467.4232482910156, 111.17208862304688], [466.531982421875, 111.30552673339844], [466.57073974609375, 111.08324432373047], [467.24957275390625, 109.68574523925781], [468.82464599609375, 110.3509750366211], [467.3547058105469, 110.76697540283203], [466.7259826660156, 111.27166748046875], [468.29986572265625, 112.32206726074219], [466.00311279296875, 110.28156280517578], [468.96575927734375, 110.9423828125], [468.4733581542969, 110.8005142211914], [464.1402282714844, 109.48332214355469], [466.4267272949219, 111.85856628417969], [467.2206726074219, 111.97122955322266], [466.2804870605469, 111.59515380859375], [465.1308898925781, 112.03729248046875]]",0.875301,mc_dropout_ade_v1,"{""method"": ""mc_dropout_ade_v1"", ""validation_ade_px"": 13.288751, ""epistemic_std_px"": 0.894001, ""estimated_ade_px"": 13.318789, ""observation_coverage"": 1.0, ""confidence_scale_px"": 100.0, ""mc_samples"": 16}",gru,[]
examples/inputs/adl-01-cam0.mp4,adl-01-cam0,83,2.7667,person_1,True,"[499.7939758300781, 106.49749755859375]","{""type"": ""polygon"", ""coordinate_system"": ""original_video_pixels"", ""points"": [[434, 21], [523, 21], [523, 201], [434, 201]]}","[[496.7664794921875, 104.36178588867188], [498.14215087890625, 105.98348236083984], [494.75048828125, 106.01964569091797], [492.8851318359375, 104.5527572631836], [492.9009704589844, 107.79045867919922], [493.3612976074219, 105.46417236328125], [492.9495849609375, 107.00617980957031], [491.0435791015625, 105.71681213378906], [490.4305419921875, 105.09622955322266], [491.0811462402344, 106.32738494873047], [489.44940185546875, 106.8874282836914], [488.63690185546875, 106.04041290283203], [488.99102783203125, 107.13981628417969], [487.25775146484375, 106.71127319335938], [484.98736572265625, 106.84879302978516], [483.83154296875, 107.55731201171875], [483.5071716308594, 105.19971466064453], [483.5037841796875, 106.37057495117188], [483.2469177246094, 106.63185119628906], [482.74609375, 108.2553939819336], [482.07012939453125, 107.3888168334961], [479.35357666015625, 107.34302520751953], [480.63555908203125, 107.466064453125], [479.5549011230469, 108.72188568115234], [478.5556945800781, 106.07707214355469], [476.418701171875, 108.65798950195312], [476.9086608886719, 107.46660614013672], [476.08135986328125, 107.03751373291016], [476.59014892578125, 107.43280029296875], [474.74383544921875, 107.36026763916016], [473.01324462890625, 109.72055053710938], [473.26641845703125, 108.18439483642578], [470.1809387207031, 107.79903411865234], [471.0627746582031, 110.6083984375], [470.60491943359375, 106.38467407226562], [470.9498596191406, 109.06333923339844], [469.6769714355469, 108.6927261352539], [468.2074279785156, 109.69890594482422], [468.2510986328125, 108.20732116699219], [469.17901611328125, 109.58794403076172], [468.44805908203125, 108.5323715209961], [469.51068115234375, 110.35708618164062], [468.7413330078125, 107.42213439941406], [467.8111572265625, 109.89849090576172], [467.8406677246094, 108.60176849365234], [467.3886413574219, 108.66780853271484], [466.58782958984375, 108.27809143066406], [467.52423095703125, 110.55663299560547], [467.0688171386719, 109.89551544189453], [466.1959533691406, 109.33354187011719], [464.7625427246094, 107.18419647216797], [464.7357482910156, 110.53558349609375], [464.93548583984375, 111.23265838623047], [465.52667236328125, 109.5687026977539], [466.0651550292969, 108.48092651367188], [465.66259765625, 109.39540100097656], [465.421875, 109.76074981689453], [465.2828674316406, 111.36134338378906], [464.80352783203125, 109.77694702148438], [464.7467041015625, 109.91203308105469], [465.9611511230469, 110.36634826660156], [464.8882141113281, 111.04905700683594], [465.1118469238281, 110.18286895751953], [462.5757141113281, 108.61634063720703], [465.8802490234375, 109.29946899414062], [464.4927062988281, 111.43701171875], [464.7742614746094, 111.232177734375], [463.744384765625, 111.0716552734375], [462.708984375, 110.31842803955078], [464.0901794433594, 111.80928802490234], [464.7938232421875, 110.91305541992188], [464.77728271484375, 108.44165802001953], [464.5152587890625, 109.23088836669922], [465.20684814453125, 109.91211700439453], [464.0950622558594, 111.30183410644531], [463.1746826171875, 111.26773071289062], [463.0505676269531, 111.01546478271484], [463.8819580078125, 109.71747589111328], [465.50872802734375, 110.3613052368164], [463.96697998046875, 110.83714294433594], [463.2754821777344, 111.31183624267578], [464.7767639160156, 112.52952575683594], [462.58392333984375, 110.25247192382812], [465.60565185546875, 110.99803924560547], [464.9316711425781, 110.82770538330078], [460.7479553222656, 109.54183197021484], [462.9566345214844, 111.92047882080078], [463.7264404296875, 112.1099624633789], [462.82672119140625, 111.68478393554688], [461.5238952636719, 112.109619140625]]",0.875158,mc_dropout_ade_v1,"{""method"": ""mc_dropout_ade_v1"", ""validation_ade_px"": 13.288751, ""epistemic_std_px"": 1.110951, ""estimated_ade_px"": 13.335108, ""observation_coverage"": 1.0, ""confidence_scale_px"": 100.0, ""mc_samples"": 16}",gru,[]
examples/inputs/adl-01-cam0.mp4,adl-01-cam0,84,2.8,person_1,True,"[497.7840270996094, 106.59550476074219]","{""type"": ""polygon"", ""coordinate_system"": ""original_video_pixels"", ""points"": [[426, 21], [523, 21], [523, 201], [426, 201]]}","[[494.535888671875, 104.17547607421875], [496.0835876464844, 105.98365020751953], [492.2246398925781, 106.09859466552734], [490.2138366699219, 104.41232299804688], [490.27178955078125, 107.94818115234375], [490.51141357421875, 105.39532470703125], [490.0797119140625, 107.1383285522461], [487.7962646484375, 105.70941162109375], [487.2976989746094, 105.20166015625], [488.0941162109375, 106.30741882324219], [486.0664978027344, 107.00809478759766], [484.85968017578125, 106.20848083496094], [485.50653076171875, 107.42051696777344], [483.8221435546875, 106.7738037109375], [480.7846374511719, 106.90550994873047], [479.72540283203125, 107.80819702148438], [479.44097900390625, 105.29335021972656], [479.42767333984375, 106.52365112304688], [478.9208679199219, 106.75817108154297], [478.4188232421875, 108.4700927734375], [477.6772155761719, 107.74308013916016], [474.94866943359375, 107.4684829711914], [476.2569580078125, 107.55048370361328], [474.83856201171875, 108.82122039794922], [473.6900329589844, 105.97443389892578], [471.6863708496094, 108.78031921386719], [471.9596862792969, 107.63907623291016], [471.1199645996094, 107.19728088378906], [471.87103271484375, 107.64299774169922], [469.7326965332031, 107.43292236328125], [467.5996398925781, 109.99500274658203], [468.1930847167969, 108.30638122558594], [464.6748046875, 107.85346221923828], [465.3910217285156, 111.11154174804688], [465.3456726074219, 106.45016479492188], [465.5250549316406, 109.3551025390625], [464.29327392578125, 108.99510192871094], [462.692138671875, 110.00416564941406], [462.5572204589844, 108.39192199707031], [463.5029296875, 109.87109375], [462.50537109375, 108.85060119628906], [463.7040100097656, 110.7841796875], [462.8923034667969, 107.5635757446289], [462.3783874511719, 110.35042572021484], [462.07855224609375, 108.91998291015625], [461.44293212890625, 108.96662902832031], [460.49993896484375, 108.3939437866211], [461.79473876953125, 111.09140014648438], [461.21453857421875, 110.36394500732422], [460.16119384765625, 109.53455352783203], [458.6546936035156, 107.43281555175781], [458.60888671875, 111.02108001708984], [458.74517822265625, 111.93128204345703], [459.6016540527344, 109.9554443359375], [459.98992919921875, 108.62380981445312], [459.80682373046875, 109.75898742675781], [459.2904968261719, 110.25824737548828], [459.257080078125, 111.86522674560547], [458.64422607421875, 110.25619506835938], [458.5535583496094, 110.20022583007812], [459.93817138671875, 110.90953826904297], [458.9112854003906, 111.50007629394531], [459.2669372558594, 110.46289825439453], [456.37335205078125, 108.7691650390625], [460.19134521484375, 109.55833435058594], [458.52197265625, 111.84699249267578], [458.7299499511719, 111.65992736816406], [457.7513732910156, 111.44226837158203], [456.49517822265625, 110.70516204833984], [458.0935974121094, 112.08206939697266], [458.57379150390625, 111.33853149414062], [458.65435791015625, 108.75682067871094], [458.496337890625, 109.33964538574219], [459.3280944824219, 110.20455169677734], [458.0382995605469, 111.77690887451172], [457.2432556152344, 111.57444763183594], [456.7704162597656, 111.24784851074219], [457.8546142578125, 110.0336685180664], [459.61639404296875, 110.62034606933594], [458.01336669921875, 111.2085189819336], [457.229736328125, 111.66010284423828], [458.5664367675781, 113.0843505859375], [456.4244384765625, 110.42913055419922], [459.63092041015625, 111.28050231933594], [458.7937316894531, 111.05821228027344], [454.561279296875, 109.74374389648438], [456.72137451171875, 112.28719329833984], [457.43780517578125, 112.60692596435547], [456.58831787109375, 112.18231964111328], [455.1398620605469, 112.5526123046875]]",0.875201,mc_dropout_ade_v1,"{""method"": ""mc_dropout_ade_v1"", ""validation_ade_px"": 13.288751, ""epistemic_std_px"": 1.050259, ""estimated_ade_px"": 13.330189, ""observation_coverage"": 1.0, ""confidence_scale_px"": 100.0, ""mc_samples"": 16}",gru,[]
examples/inputs/adl-01-cam0.mp4,adl-01-cam0,85,2.8333,person_1,True,"[496.5404968261719, 107.26000213623047]","{""type"": ""polygon"", ""coordinate_system"": ""original_video_pixels"", ""points"": [[424, 22], [523, 22], [523, 201], [424, 201]]}","[[493.58038330078125, 104.9494857788086], [495.8966369628906, 106.95779418945312], [491.95684814453125, 107.25157165527344], [490.48089599609375, 105.33167266845703], [490.7342834472656, 109.13905334472656], [490.58306884765625, 106.75084686279297], [489.9996337890625, 108.57337188720703], [487.1101989746094, 107.387939453125], [486.788330078125, 106.64030456542969], [487.4838562011719, 108.01914978027344], [485.31634521484375, 108.45065307617188], [484.1401062011719, 107.99050903320312], [484.5028991699219, 108.72389221191406], [482.4641418457031, 108.35980224609375], [479.43804931640625, 108.6745834350586], [478.2650451660156, 109.84127807617188], [477.7346496582031, 107.25397491455078], [477.790771484375, 108.6224365234375], [477.509765625, 108.78662109375], [476.8293762207031, 110.27500915527344], [476.32586669921875, 109.6562728881836], [473.7705383300781, 109.68090057373047], [474.454345703125, 109.31686401367188], [473.2305603027344, 110.60972595214844], [472.13568115234375, 107.98163604736328], [470.3205871582031, 110.61859130859375], [470.1172180175781, 109.64352416992188], [469.5375671386719, 109.0467758178711], [470.0778503417969, 109.56515502929688], [468.2181396484375, 109.08072662353516], [466.1111145019531, 111.83148193359375], [467.06683349609375, 110.00401306152344], [462.8111267089844, 109.4184341430664], [463.111328125, 112.43722534179688], [463.59222412109375, 107.99744415283203], [463.34112548828125, 111.05040740966797], [462.09771728515625, 110.70299530029297], [460.7513122558594, 111.31794738769531], [460.7123718261719, 109.70503997802734], [461.55999755859375, 111.39046478271484], [460.3292541503906, 110.42552185058594], [462.093994140625, 112.29371643066406], [460.6377868652344, 109.03448486328125], [460.6180725097656, 111.91043090820312], [460.10693359375, 110.35855865478516], [459.6324157714844, 110.06958770751953], [458.5842590332031, 109.80451965332031], [460.1745910644531, 112.37281036376953], [459.5002136230469, 112.26671600341797], [457.490478515625, 111.0043716430664], [456.73455810546875, 108.90917205810547], [456.4840087890625, 112.49354553222656], [456.3700256347656, 113.38269805908203], [457.71112060546875, 111.39007568359375], [457.7575988769531, 109.87494659423828], [457.67510986328125, 110.91879272460938], [456.6861877441406, 111.92940521240234], [457.4765319824219, 113.07720947265625], [456.4193115234375, 112.0680160522461], [456.3092346191406, 111.59149169921875], [458.0841064453125, 112.51040649414062], [456.95074462890625, 112.57337188720703], [457.4754638671875, 111.73223114013672], [454.5836486816406, 110.28607177734375], [458.0950622558594, 110.65104675292969], [456.65069580078125, 113.2671127319336], [456.67340087890625, 112.63352966308594], [455.8554382324219, 112.62971496582031], [454.59515380859375, 112.07124328613281], [456.0400390625, 113.27022552490234], [456.2716369628906, 112.87848663330078], [456.3286437988281, 109.85166931152344], [456.2994079589844, 110.40693664550781], [457.393798828125, 111.44688415527344], [455.98382568359375, 113.12191009521484], [455.4656066894531, 112.73374938964844], [454.66339111328125, 112.4690170288086], [456.2159423828125, 111.63290405273438], [457.22650146484375, 111.84199523925781], [455.9074401855469, 112.4357681274414], [455.65521240234375, 112.91413879394531], [456.43609619140625, 114.21141052246094], [454.3465576171875, 111.4487533569336], [457.25927734375, 112.80516052246094], [456.61431884765625, 112.11287689208984], [452.7419738769531, 110.96963500976562], [454.9029541015625, 113.49732208251953], [455.2097473144531, 114.03117370605469], [454.3634948730469, 113.974853515625], [453.27203369140625, 113.79925537109375]]",0.875308,mc_dropout_ade_v1,"{""method"": ""mc_dropout_ade_v1"", ""validation_ade_px"": 13.288751, ""epistemic_std_px"": 0.880503, ""estimated_ade_px"": 13.31789, ""observation_coverage"": 1.0, ""confidence_scale_px"": 100.0, ""mc_samples"": 16}",gru,[]
examples/inputs/adl-01-cam0.mp4,adl-01-cam0,86,2.8667,person_1,True,"[494.7135009765625, 107.63749694824219]","{""type"": ""polygon"", ""coordinate_system"": ""original_video_pixels"", ""points"": [[416, 22], [523, 22], [523, 201], [416, 201]]}","[[491.5378112792969, 105.22152709960938], [494.24127197265625, 107.57353973388672], [489.7339782714844, 107.8182144165039], [488.46893310546875, 105.66166687011719], [488.88726806640625, 109.78929138183594], [488.1656494140625, 107.39191436767578], [487.49395751953125, 109.33639526367188], [484.205322265625, 108.15006256103516], [484.1697692871094, 107.51912689208984], [484.7080993652344, 108.9100112915039], [482.2899169921875, 109.22891235351562], [481.0890197753906, 109.16797637939453], [481.4975280761719, 109.68281555175781], [479.29827880859375, 109.12715148925781], [476.0141906738281, 109.67159271240234], [474.6416015625, 110.98799896240234], [474.1438903808594, 108.5869369506836], [474.0114440917969, 109.81444549560547], [473.7772521972656, 109.95458984375], [472.9369812011719, 111.33601379394531], [472.31817626953125, 110.92588806152344], [470.0216979980469, 110.9330062866211], [470.7317810058594, 110.21514892578125], [469.31658935546875, 111.57205200195312], [468.0712585449219, 108.99095916748047], [466.3101501464844, 111.60968780517578], [465.9205017089844, 110.74537658691406], [465.3335876464844, 110.20784759521484], [465.90753173828125, 110.65272521972656], [464.14617919921875, 110.10880279541016], [461.81500244140625, 112.81474304199219], [462.8296813964844, 110.91172790527344], [458.2110595703125, 110.38386535644531], [458.3288269042969, 113.2541732788086], [459.0550537109375, 109.03288269042969], [458.3266906738281, 112.07360076904297], [457.57232666015625, 111.6494369506836], [456.0157165527344, 112.21580505371094], [456.0454406738281, 110.4880142211914], [456.5043029785156, 112.22752380371094], [455.2447509765625, 111.56101989746094], [457.124267578125, 113.10277557373047], [455.5521545410156, 110.02217102050781], [455.97509765625, 113.13899230957031], [455.2799072265625, 111.39723205566406], [454.95013427734375, 110.82947540283203], [453.4896240234375, 110.7617416381836], [455.71142578125, 113.29244232177734], [454.6821594238281, 113.62601470947266], [452.1120910644531, 111.80926513671875], [451.6710510253906, 110.0070571899414], [451.23468017578125, 113.64911651611328], [451.1297607421875, 114.48834991455078], [452.6732482910156, 112.51270294189453], [452.58148193359375, 110.8109359741211], [452.6392822265625, 111.86009979248047], [451.6033630371094, 113.26187896728516], [452.7123107910156, 114.04273223876953], [451.10595703125, 113.29967498779297], [450.9625549316406, 112.73686218261719], [453.1728515625, 113.77124786376953], [451.93035888671875, 113.4630126953125], [452.4682922363281, 112.84288787841797], [449.6432189941406, 111.42386627197266], [453.16357421875, 111.66357421875], [451.62457275390625, 114.27224731445312], [451.7114562988281, 113.62688446044922], [451.0520324707031, 113.63251495361328], [449.7168884277344, 113.24970245361328], [450.99212646484375, 114.18612670898438], [451.27197265625, 114.19810485839844], [451.14959716796875, 111.1193618774414], [451.3839416503906, 111.47871398925781], [452.527099609375, 112.47949981689453], [451.067138671875, 114.24085235595703], [450.83001708984375, 113.71954345703125], [449.6419677734375, 113.51425170898438], [451.7775573730469, 112.98477172851562], [452.45086669921875, 112.84725189208984], [451.1064758300781, 113.52289581298828], [451.0797424316406, 114.03059387207031], [451.7570495605469, 115.27008819580078], [449.65106201171875, 112.30528259277344], [452.4312438964844, 113.94461059570312], [451.76776123046875, 112.97158813476562], [447.8978576660156, 111.87928009033203], [450.14508056640625, 114.65384674072266], [450.10797119140625, 115.32901000976562], [449.20843505859375, 115.36556243896484], [448.6146545410156, 114.92529296875]]",0.874762,mc_dropout_ade_v1,"{""method"": ""mc_dropout_ade_v1"", ""validation_ade_px"": 13.288751, ""epistemic_std_px"": 1.562757, ""estimated_ade_px"": 13.380326, ""observation_coverage"": 1.0, ""confidence_scale_px"": 100.0, ""mc_samples"": 16}",gru,[]
examples/inputs/adl-01-cam0.mp4,adl-01-cam0,87,2.9,person_1,True,"[493.2039794921875, 108.11700439453125]","{""type"": ""polygon"", ""coordinate_system"": ""original_video_pixels"", ""points"": [[410, 24], [524, 24], [524, 202], [410, 202]]}","[[489.8100891113281, 105.74118041992188], [492.80712890625, 108.33685302734375], [487.84521484375, 108.54438781738281], [486.7549133300781, 106.2581787109375], [487.2363586425781, 110.60829162597656], [486.1766357421875, 108.23539733886719], [485.22772216796875, 110.33387756347656], [481.7038879394531, 109.08419799804688], [481.7506408691406, 108.52320861816406], [482.2707824707031, 109.97632598876953], [479.6753845214844, 110.18922424316406], [478.57110595703125, 110.46888732910156], [478.894775390625, 110.69746398925781], [476.4560546875, 110.02960205078125], [473.2168273925781, 110.85997009277344], [471.7214660644531, 112.28143310546875], [470.9752197265625, 109.9778823852539], [470.9193420410156, 111.16942596435547], [470.7507019042969, 111.23606872558594], [469.77490234375, 112.56175231933594], [469.0428466796875, 112.23109436035156], [466.9971618652344, 112.38578033447266], [467.4561767578125, 111.37783813476562], [466.10467529296875, 112.80620574951172], [464.84161376953125, 110.29374694824219], [462.9775085449219, 112.78705596923828], [462.4942626953125, 112.00401306152344], [462.0550842285156, 111.4576187133789], [462.3713684082031, 111.95347595214844], [460.790283203125, 111.35858917236328], [458.36419677734375, 114.02298736572266], [459.38604736328125, 112.02172088623047], [454.6028747558594, 111.51466369628906], [454.33380126953125, 114.17919921875], [455.3824462890625, 110.24658203125], [454.2835388183594, 113.20274353027344], [453.96490478515625, 112.74480438232422], [452.17828369140625, 113.19347381591797], [452.39019775390625, 111.49471282958984], [452.61883544921875, 113.26647186279297], [451.326416015625, 112.79750061035156], [453.40863037109375, 114.15040588378906], [451.48046875, 111.17402648925781], [452.1953125, 114.37635803222656], [451.5825500488281, 112.50790405273438], [451.44024658203125, 111.69979095458984], [449.7269287109375, 111.9238510131836], [452.2977600097656, 114.31489562988281], [451.05743408203125, 115.08543395996094], [447.91754150390625, 112.82463836669922], [447.8158264160156, 111.1905517578125], [447.2159423828125, 114.89385986328125], [447.1825866699219, 115.60323333740234], [448.8453369140625, 113.71511840820312], [448.66748046875, 111.8002700805664], [448.75799560546875, 112.83228302001953], [447.67626953125, 114.51298522949219], [449.107177734375, 115.06681060791016], [447.2007751464844, 114.58402252197266], [446.9695129394531, 114.01592254638672], [449.7185363769531, 115.0337905883789], [448.28485107421875, 114.47359466552734], [448.69342041015625, 113.92229461669922], [446.00592041015625, 112.63689422607422], [449.35675048828125, 112.6359634399414], [447.922607421875, 115.35321044921875], [447.9897155761719, 114.69066619873047], [447.4980163574219, 114.6600570678711], [446.0716857910156, 114.38092041015625], [447.220947265625, 115.27889251708984], [447.5498046875, 115.45792388916016], [447.322265625, 112.21372985839844], [447.66888427734375, 112.57279968261719], [448.9049072265625, 113.43170166015625], [447.2171325683594, 115.28948974609375], [447.3551330566406, 114.77371215820312], [445.7926025390625, 114.6299819946289], [448.4632873535156, 114.35150146484375], [448.7717590332031, 113.84756469726562], [447.4275207519531, 114.64722442626953], [447.66534423828125, 115.14762115478516], [448.2124328613281, 116.2409896850586], [446.06170654296875, 113.25035095214844], [448.8463134765625, 115.05085754394531], [448.21099853515625, 114.04242706298828], [444.3477783203125, 112.77941131591797], [446.6059875488281, 115.81272888183594], [446.3267822265625, 116.61154174804688], [445.3503112792969, 116.8014144897461], [445.1483154296875, 116.07139587402344]]",0.875021,mc_dropout_ade_v1,"{""method"": ""mc_dropout_ade_v1"", ""validation_ade_px"": 13.288751, ""epistemic_std_px"": 1.285354, ""estimated_ade_px"": 13.350769, ""observation_coverage"": 1.0, ""confidence_scale_px"": 100.0, ""mc_samples"": 16}",gru,[]
examples/inputs/adl-01-cam0.mp4,adl-01-cam0,88,2.9333,person_1,True,"[492.0375061035156, 108.65100860595703]","{""type"": ""polygon"", ""coordinate_system"": ""original_video_pixels"", ""points"": [[408, 25], [525, 25], [525, 202], [408, 202]]}","[[488.5228271484375, 106.47883605957031], [491.7546691894531, 109.15869140625], [486.663818359375, 109.33252716064453], [485.719482421875, 107.06005096435547], [486.25531005859375, 111.52923583984375], [485.0559387207031, 109.22570037841797], [483.75848388671875, 111.41130828857422], [480.1700439453125, 110.21089935302734], [480.16607666015625, 109.59309387207031], [480.66998291015625, 111.17617797851562], [478.0506896972656, 111.27020263671875], [477.1630859375, 111.77433013916016], [477.2258605957031, 111.70451354980469], [474.4922790527344, 111.10291290283203], [471.63946533203125, 112.18016052246094], [470.05206298828125, 113.6322250366211], [468.91455078125, 111.37622833251953], [469.0650634765625, 112.62764739990234], [469.03851318359375, 112.60267639160156], [467.8895263671875, 113.9106674194336], [467.192626953125, 113.52783966064453], [465.31024169921875, 113.96102905273438], [465.2850341796875, 112.7380142211914], [464.2055969238281, 114.22625732421875], [463.076904296875, 111.83153533935547], [461.0706481933594, 114.11971282958984], [460.5042724609375, 113.3982162475586], [460.2657165527344, 112.76634979248047], [460.1761474609375, 113.3868179321289], [458.8754577636719, 112.74217987060547], [456.529541015625, 115.36528015136719], [457.49078369140625, 113.30850219726562], [452.687255859375, 112.76856994628906], [452.0068359375, 115.19981384277344], [453.32135009765625, 111.54829406738281], [451.96087646484375, 114.40275573730469], [451.90411376953125, 113.95864868164062], [450.0223388671875, 114.23247528076172], [450.4352722167969, 112.62972259521484], [450.58477783203125, 114.46760559082031], [449.3250732421875, 114.0552978515625], [451.63031005859375, 115.33908081054688], [449.2430725097656, 112.42096710205078], [450.0752868652344, 115.5641098022461], [449.67987060546875, 113.6219253540039], [449.7333068847656, 112.66140747070312], [447.9571533203125, 113.19140625], [450.5774230957031, 115.3691177368164], [449.22918701171875, 116.51371002197266], [445.6392822265625, 114.02029418945312], [445.945068359375, 112.38963317871094], [445.1660461425781, 116.1327133178711], [445.213623046875, 116.66246795654297], [446.9097900390625, 114.91034698486328], [446.73291015625, 112.8306655883789], [446.71917724609375, 113.77609252929688], [445.5743408203125, 115.66862487792969], [447.388916015625, 116.09390258789062], [445.38970947265625, 115.86219787597656], [445.10345458984375, 115.32389068603516], [448.27276611328125, 116.26661682128906], [446.59375, 115.49909973144531], [446.9079895019531, 114.97058868408203], [444.39617919921875, 113.89793395996094], [447.379150390625, 113.59700012207031], [446.19970703125, 116.44611358642578], [446.2612609863281, 115.70398712158203], [445.8608093261719, 115.65718078613281], [444.3500061035156, 115.44202423095703], [445.43560791015625, 116.44126892089844], [445.79107666015625, 116.6240005493164], [445.5335693359375, 113.1424331665039], [445.8708801269531, 113.64451599121094], [447.21319580078125, 114.35452270507812], [445.23223876953125, 116.27297973632812], [445.70062255859375, 115.81294250488281], [443.93267822265625, 115.74421691894531], [446.95880126953125, 115.66801452636719], [446.8807067871094, 114.8250503540039], [445.5719299316406, 115.72061157226562], [446.0950012207031, 116.19624328613281], [446.5504150390625, 117.09759521484375], [444.3477783203125, 114.22338104248047], [447.1106262207031, 116.16095733642578], [446.5464782714844, 115.1985092163086], [442.819091796875, 113.68348693847656], [445.05413818359375, 116.89481353759766], [444.5973205566406, 117.7686767578125], [443.51422119140625, 118.18461608886719], [443.58258056640625, 117.14820861816406]]",0.875106,mc_dropout_ade_v1,"{""method"": ""mc_dropout_ade_v1"", ""validation_ade_px"": 13.288751, ""epistemic_std_px"": 1.179613, ""estimated_ade_px"": 13.341004, ""observation_coverage"": 1.0, ""confidence_scale_px"": 100.0, ""mc_samples"": 16}",gru,[]
examples/inputs/adl-01-cam0.mp4,adl-01-cam0,89,2.9667,person_1,True,"[491.0639953613281, 109.30650329589844]","{""type"": ""polygon"", ""coordinate_system"": ""original_video_pixels"", ""points"": [[408, 26], [525, 26], [525, 202], [408, 202]]}","[[487.4748840332031, 107.45722198486328], [490.9171142578125, 110.16226959228516], [485.8866882324219, 110.23846435546875], [485.1725158691406, 108.09416198730469], [485.8577880859375, 112.65332794189453], [484.528076171875, 110.49285125732422], [482.9695129394531, 112.66796875], [479.3943786621094, 111.75768280029297], [479.3541259765625, 110.9444351196289], [479.7132263183594, 112.74165344238281], [477.23291015625, 112.6438217163086], [476.7503967285156, 113.34672546386719], [476.4146423339844, 112.94857025146484], [473.3360290527344, 112.6116714477539], [471.1199951171875, 113.88084411621094], [469.3931884765625, 115.28663635253906], [467.926513671875, 113.1556396484375], [468.2076110839844, 114.47144317626953], [468.4285583496094, 114.39561462402344], [466.98492431640625, 115.65074920654297], [466.55364990234375, 115.156005859375], [464.7388000488281, 115.94813537597656], [464.1750183105469, 114.51315307617188], [463.4405212402344, 116.00325012207031], [462.57354736328125, 113.82075500488281], [460.4917297363281, 115.88855743408203], [459.77581787109375, 115.25450897216797], [459.66778564453125, 114.46537017822266], [459.1625061035156, 115.16105651855469], [458.3283386230469, 114.51887512207031], [456.19232177734375, 117.05286407470703], [457.04986572265625, 115.025390625], [452.1751708984375, 114.4256820678711], [451.3062744140625, 116.54902648925781], [452.72503662109375, 113.16510009765625], [451.0420837402344, 115.97147369384766], [451.20758056640625, 115.57095336914062], [449.42987060546875, 115.62110900878906], [450.0262756347656, 114.08012390136719], [450.0838317871094, 116.04340362548828], [449.0123291015625, 115.62939453125], [451.5018005371094, 116.81452941894531], [448.6607360839844, 114.02244567871094], [449.51690673828125, 117.06702423095703], [449.3523254394531, 115.00762176513672], [449.65045166015625, 113.95466613769531], [447.8602294921875, 114.80852508544922], [450.4124450683594, 116.71765899658203], [448.99169921875, 118.179931640625], [444.96527099609375, 115.59635925292969], [445.8341369628906, 113.90403747558594], [444.87353515625, 117.68584442138672], [444.9769287109375, 117.96173095703125], [446.6612854003906, 116.43465423583984], [446.5013427734375, 114.25788879394531], [446.31927490234375, 114.99382781982422], [445.12835693359375, 117.17599487304688], [447.55322265625, 117.39503479003906], [445.404052734375, 117.51494598388672], [445.1888427734375, 116.95252990722656], [448.5224914550781, 117.87918090820312], [446.59490966796875, 116.75702667236328], [446.92926025390625, 116.387451171875], [444.6863098144531, 115.57837677001953], [447.0653991699219, 114.93388366699219], [446.2779846191406, 117.8443374633789], [446.41094970703125, 116.94214630126953], [446.0445251464844, 116.96166229248047], [444.4347839355469, 116.8314208984375], [445.4449768066406, 117.89547729492188], [445.89056396484375, 118.13435363769531], [445.5967102050781, 114.36480712890625], [445.84954833984375, 115.03707885742188], [447.3690185546875, 115.63785552978516], [445.15277099609375, 117.53144073486328], [445.8214111328125, 117.03129577636719], [444.04248046875, 117.17562103271484], [447.3291320800781, 117.2982177734375], [446.7867736816406, 116.12992858886719], [445.4985046386719, 117.00721740722656], [446.340576171875, 117.4917984008789], [446.8742980957031, 118.15898895263672], [444.5692138671875, 115.45655822753906], [447.1581726074219, 117.70970916748047], [446.6722106933594, 116.58441925048828], [443.20623779296875, 114.9361801147461], [445.52459716796875, 118.21260070800781], [444.8312072753906, 119.1225357055664], [443.57904052734375, 119.84703063964844], [443.9546203613281, 118.42540740966797]]",0.875193,mc_dropout_ade_v1,"{""method"": ""mc_dropout_ade_v1"", ""validation_ade_px"": 13.288751, ""epistemic_std_px"": 1.061932, ""estimated_ade_px"": 13.331114, ""observation_coverage"": 1.0, ""confidence_scale_px"": 100.0, ""mc_samples"": 16}",gru,[]
examples/inputs/adl-01-cam0.mp4,adl-01-cam0,90,3.0,person_1,True,"[490.3170166015625, 109.71549987792969]","{""type"": ""polygon"", ""coordinate_system"": ""original_video_pixels"", ""points"": [[410, 27], [524, 27], [524, 202], [410, 202]]}","[[486.90777587890625, 108.2177734375], [490.2974548339844, 110.7823486328125], [485.5522155761719, 110.7028579711914], [485.17926025390625, 108.86321258544922], [485.95654296875, 113.3027572631836], [484.74468994140625, 111.37389373779297], [483.02789306640625, 113.39559173583984], [479.5832214355469, 112.88407135009766], [479.4245300292969, 111.78977966308594], [479.5472412109375, 113.79458618164062], [477.3526611328125, 113.53713989257812], [477.4730529785156, 114.24526977539062], [476.7202453613281, 113.56635284423828], [473.3818664550781, 113.77011108398438], [471.9810791015625, 114.9626693725586], [470.1646423339844, 116.24398040771484], [468.4448547363281, 114.25933074951172], [468.8331298828125, 115.64596557617188], [469.27825927734375, 115.6173095703125], [467.55609130859375, 116.85677337646484], [467.5998229980469, 116.15150451660156], [465.58587646484375, 117.2825927734375], [464.6175842285156, 115.88765716552734], [464.31134033203125, 117.21632385253906], [463.75238037109375, 115.28193664550781], [461.6591491699219, 117.1911392211914], [460.93133544921875, 116.64100646972656], [460.7733459472656, 115.63844299316406], [459.98712158203125, 116.30467224121094], [459.5687255859375, 115.79876708984375], [457.8670654296875, 118.2707290649414], [458.5469055175781, 116.34182739257812], [453.785400390625, 115.73137664794922], [453.05047607421875, 117.57262420654297], [454.2839050292969, 114.27898406982422], [452.529541015625, 117.05215454101562], [452.6920166015625, 116.81649780273438], [451.0884704589844, 116.67156982421875], [451.9732360839844, 115.2580337524414], [452.0218505859375, 117.24925994873047], [451.2315979003906, 116.7518539428711], [453.857666015625, 117.92840576171875], [450.70977783203125, 115.29655456542969], [451.2243957519531, 118.0831298828125], [451.5167541503906, 115.99163818359375], [451.9637756347656, 115.03157043457031], [450.2964172363281, 116.06594848632812], [452.38092041015625, 117.72444915771484], [451.20477294921875, 119.21066284179688], [447.06878662109375, 116.87300109863281], [448.2911376953125, 115.02145385742188], [447.44805908203125, 118.80091857910156], [447.4442443847656, 118.82422637939453], [449.071533203125, 117.55168151855469], [448.9314270019531, 115.54077911376953], [448.64068603515625, 116.00413513183594], [447.4773254394531, 118.21736145019531], [450.3119812011719, 118.32283782958984], [448.2821960449219, 118.78799438476562], [448.2844543457031, 118.22337341308594], [451.25494384765625, 119.06912994384766], [449.30157470703125, 117.7080078125], [449.6046142578125, 117.51740264892578], [447.7690734863281, 116.92367553710938], [449.427001953125, 116.05728912353516], [449.11407470703125, 118.9957046508789], [449.1733093261719, 117.91709899902344], [448.8804931640625, 118.09263610839844], [447.2447204589844, 117.89311218261719], [448.18304443359375, 119.13809204101562], [448.8047180175781, 119.28170013427734], [448.56390380859375, 115.22080993652344], [448.4305419921875, 116.13832092285156], [450.2157897949219, 116.65052795410156], [448.007568359375, 118.39674377441406], [448.503662109375, 117.86343383789062], [447.1064453125, 118.376220703125], [450.2226257324219, 118.4611587524414], [449.43621826171875, 117.27546691894531], [448.1014099121094, 117.87712097167969], [449.17510986328125, 118.49269104003906], [449.98321533203125, 118.83943939208984], [447.5033874511719, 116.51846313476562], [449.98040771484375, 119.05297088623047], [449.5995178222656, 117.67544555664062], [446.29376220703125, 115.99317169189453], [448.80316162109375, 119.19446563720703], [448.0579833984375, 120.06244659423828], [446.578125, 120.98531341552734], [447.0646057128906, 119.34159851074219]]",0.874957,mc_dropout_ade_v1,"{""method"": ""mc_dropout_ade_v1"", ""validation_ade_px"": 13.288751, ""epistemic_std_px"": 1.358632, ""estimated_ade_px"": 13.358023, ""observation_coverage"": 1.0, ""confidence_scale_px"": 100.0, ""mc_samples"": 16}",gru,[]
examples/inputs/adl-01-cam0.mp4,adl-01-cam0,91,3.0333,person_1,True,"[489.6755065917969, 110.27799987792969]","{""type"": ""polygon"", ""coordinate_system"": ""original_video_pixels"", ""points"": [[414, 29], [524, 29], [524, 203], [414, 203]]}","[[486.4734191894531, 109.21248626708984], [489.7668151855469, 111.60604858398438], [485.279541015625, 111.26513671875], [485.4053955078125, 109.81562805175781], [486.18450927734375, 114.03677368164062], [485.14471435546875, 112.38069152832031], [483.27117919921875, 114.21173858642578], [480.0439758300781, 114.18103790283203], [479.74200439453125, 112.78564453125], [479.575927734375, 114.9853515625], [477.7871398925781, 114.5177993774414], [478.7276306152344, 115.29515838623047], [477.4383850097656, 114.33069610595703], [473.8998107910156, 115.09069061279297], [473.3863525390625, 116.24429321289062], [471.60260009765625, 117.30184173583984], [469.66485595703125, 115.64506530761719], [470.0816955566406, 117.05508422851562], [470.6944885253906, 117.1185531616211], [468.69891357421875, 118.13923645019531], [469.2650451660156, 117.14445495605469], [467.1673889160156, 118.73609924316406], [465.84429931640625, 117.42981719970703], [465.8898620605469, 118.48556518554688], [465.79547119140625, 116.9532470703125], [463.663330078125, 118.63946533203125], [463.0251159667969, 118.226806640625], [462.7608642578125, 116.96945190429688], [461.61614990234375, 117.60391998291016], [461.8077392578125, 117.27151489257812], [460.5666809082031, 119.60741424560547], [461.11932373046875, 117.78450012207031], [456.4797058105469, 117.27182006835938], [455.8662414550781, 118.49567413330078], [457.005859375, 115.58295440673828], [455.0597839355469, 118.2394790649414], [455.2891845703125, 118.18910217285156], [453.9886169433594, 117.7761001586914], [455.2630615234375, 116.56785583496094], [455.1098937988281, 118.48052215576172], [454.66265869140625, 117.98857116699219], [457.2432556152344, 119.06307220458984], [453.83880615234375, 116.73223114013672], [453.9518737792969, 119.1794204711914], [454.9025573730469, 117.0737075805664], [455.5049743652344, 116.26345825195312], [453.99530029296875, 117.56301879882812], [455.6010437011719, 118.71238708496094], [454.82757568359375, 120.25698852539062], [450.49700927734375, 118.19052124023438], [451.98529052734375, 116.37904357910156], [451.3825988769531, 120.0574951171875], [451.2891540527344, 119.71607971191406], [452.89874267578125, 118.75885009765625], [452.5618896484375, 117.07125091552734], [452.33197021484375, 117.14728546142578], [451.0157470703125, 119.45600128173828], [454.4363708496094, 119.20860290527344], [452.4491271972656, 120.35323333740234], [452.6905517578125, 119.578857421875], [455.13507080078125, 120.38719940185547], [453.48419189453125, 118.66294860839844], [453.3743591308594, 118.7272720336914], [452.3332824707031, 118.49315643310547], [453.0565490722656, 117.39942932128906], [453.53070068359375, 120.2359848022461], [453.07598876953125, 118.88739013671875], [453.072509765625, 119.47059631347656], [451.6204833984375, 119.07049560546875], [452.25537109375, 120.45985412597656], [453.1064453125, 120.51017761230469], [452.9421081542969, 116.3127670288086], [452.3394470214844, 117.39200592041016], [454.35516357421875, 117.74999237060547], [452.3739013671875, 119.33916473388672], [452.6204833984375, 118.6859359741211], [451.5823059082031, 119.71958923339844], [454.73687744140625, 119.90762329101562], [453.51995849609375, 118.6502914428711], [452.0506591796875, 118.90113067626953], [453.46954345703125, 119.595947265625], [454.4940490722656, 119.54571533203125], [452.00299072265625, 117.75875854492188], [454.2572021484375, 120.62702941894531], [453.7783508300781, 118.89418029785156], [451.0301513671875, 117.35323333740234], [453.597412109375, 120.31246948242188], [452.7830810546875, 121.18643951416016], [451.1651611328125, 122.2082290649414], [451.753662109375, 120.29058074951172]]",0.874956,mc_dropout_ade_v1,"{""method"": ""mc_dropout_ade_v1"", ""validation_ade_px"": 13.288751, ""epistemic_std_px"": 1.359883, ""estimated_ade_px"": 13.358151, ""observation_coverage"": 1.0, ""confidence_scale_px"": 100.0, ""mc_samples"": 16}",gru,[]
examples/inputs/adl-01-cam0.mp4,adl-01-cam0,92,3.0667,person_1,True,"[488.2659912109375, 110.83100128173828]","{""type"": ""polygon"", ""coordinate_system"": ""original_video_pixels"", ""points"": [[412, 30], [523, 30], [523, 204], [412, 204]]}","[[484.6572570800781, 109.83333587646484], [487.6589660644531, 112.28466033935547], [482.6748352050781, 111.63725280761719], [483.11834716796875, 110.46173095703125], [483.73095703125, 114.6761703491211], [482.5498352050781, 113.06956481933594], [480.5574035644531, 114.95912170410156], [477.5269775390625, 115.11947631835938], [477.2442932128906, 113.73102569580078], [476.8921813964844, 115.86502075195312], [475.1532287597656, 115.33930206298828], [476.6126403808594, 116.3092041015625], [475.05645751953125, 115.29145812988281], [471.7154541015625, 116.07267761230469], [471.18792724609375, 117.38200378417969], [469.3443603515625, 118.16310119628906], [467.6007995605469, 117.02851104736328], [467.7453918457031, 118.24903869628906], [468.1767883300781, 118.44998931884766], [465.93267822265625, 119.23466491699219], [466.79632568359375, 118.18997955322266], [464.6902160644531, 119.88619995117188], [463.5511779785156, 118.5875015258789], [463.2531433105469, 119.45072174072266], [463.5502624511719, 118.0688247680664], [461.23779296875, 119.72599792480469], [460.6689453125, 119.43292999267578], [460.0885009765625, 118.0140151977539], [458.8648986816406, 118.72706604003906], [459.53509521484375, 118.50733184814453], [458.19110107421875, 120.6626205444336], [458.6117858886719, 118.82353210449219], [453.9494323730469, 118.59749603271484], [453.541748046875, 119.32866668701172], [454.83453369140625, 116.81919860839844], [452.3399658203125, 119.3328857421875], [452.99749755859375, 119.35321044921875], [451.7629089355469, 118.89749145507812], [453.24493408203125, 117.8316421508789], [452.508544921875, 119.42220306396484], [452.2481689453125, 119.2585220336914], [454.6629333496094, 119.94233703613281], [451.23175048828125, 118.11518859863281], [451.4261474609375, 120.4342041015625], [452.58978271484375, 118.33325958251953], [453.34906005859375, 117.60944366455078], [451.8019714355469, 119.0653076171875], [453.4434509277344, 119.80014038085938], [452.883056640625, 121.39482879638672], [448.1575927734375, 119.35132598876953], [449.5597839355469, 117.94461059570312], [449.3392028808594, 121.63453674316406], [449.35052490234375, 120.91899108886719], [450.8078308105469, 120.22682189941406], [450.2340087890625, 118.75263214111328], [450.3085021972656, 118.60514831542969], [449.01483154296875, 121.04672241210938], [452.7601318359375, 120.30952453613281], [450.4364929199219, 122.05423736572266], [450.9811706542969, 121.00462341308594], [452.9600524902344, 121.91785430908203], [451.5383605957031, 119.86415100097656], [450.96942138671875, 120.12487030029297], [450.7818908691406, 120.17138671875], [451.11260986328125, 119.12872314453125], [452.0650329589844, 121.6021728515625], [450.9170837402344, 120.2542724609375], [451.6263427734375, 121.18939208984375], [450.0003967285156, 120.52262878417969], [450.59930419921875, 121.8875732421875], [451.4541931152344, 122.08164978027344], [451.3446960449219, 117.99506378173828], [450.62548828125, 118.9951400756836], [452.7460632324219, 119.12577056884766], [451.1790771484375, 120.66714477539062], [451.1392822265625, 119.71842956542969], [450.1280517578125, 121.21016693115234], [453.70623779296875, 121.62203979492188], [452.19097900390625, 120.24381256103516], [450.381591796875, 120.28632354736328], [451.9512023925781, 121.01634216308594], [453.1379089355469, 120.81069946289062], [450.83087158203125, 119.20730590820312], [452.982177734375, 122.35423278808594], [452.16229248046875, 120.35992431640625], [449.9527587890625, 118.92963409423828], [452.578369140625, 121.86494445800781], [451.44329833984375, 122.88494873046875], [449.78216552734375, 123.74195098876953], [450.6529541015625, 121.64604187011719]]",0.87462,mc_dropout_ade_v1,"{""method"": ""mc_dropout_ade_v1"", ""validation_ade_px"": 13.288751, ""epistemic_std_px"": 1.696235, ""estimated_ade_px"": 13.396571, ""observation_coverage"": 1.0, ""confidence_scale_px"": 100.0, ""mc_samples"": 16}",gru,[]
examples/inputs/adl-01-cam0.mp4,adl-01-cam0,93,3.1,person_1,True,"[486.3909912109375, 111.27049255371094]","{""type"": ""polygon"", ""coordinate_system"": ""original_video_pixels"", ""points"": [[406, 32], [523, 32], [523, 204], [406, 204]]}","[[482.4718017578125, 110.23401641845703], [485.1097717285156, 112.67607116699219], [479.72149658203125, 111.8753890991211], [480.25225830078125, 110.938720703125], [480.36102294921875, 115.150146484375], [479.0542297363281, 113.49756622314453], [476.98419189453125, 115.58956146240234], [474.07257080078125, 115.59455871582031], [473.7619934082031, 114.4770278930664], [473.3841552734375, 116.37328338623047], [471.39898681640625, 115.86363220214844], [472.8703308105469, 116.99797821044922], [471.2154541015625, 116.11518859863281], [468.1689147949219, 116.6917724609375], [467.13055419921875, 118.19485473632812], [465.33734130859375, 118.80628967285156], [463.8984680175781, 118.06670379638672], [463.53692626953125, 119.06068420410156], [463.5426025390625, 119.30519104003906], [461.23736572265625, 119.8900375366211], [462.193115234375, 118.94071197509766], [459.9625549316406, 120.55250549316406], [459.3062438964844, 119.33218383789062], [458.3418273925781, 120.09205627441406], [458.9095458984375, 118.60201263427734], [456.2913513183594, 120.37296295166016], [455.6959533691406, 120.05374145507812], [454.7334289550781, 118.6605224609375], [453.693603515625, 119.59581756591797], [454.7253112792969, 119.34388732910156], [452.85247802734375, 121.2628173828125], [453.17462158203125, 119.35652160644531], [448.5053405761719, 119.5309829711914], [448.28717041015625, 119.90304565429688], [449.7214660644531, 117.74263763427734], [446.7256164550781, 120.21153259277344], [447.56060791015625, 120.04436492919922], [446.4743347167969, 119.65678405761719], [447.86895751953125, 118.7894287109375], [446.66748046875, 120.0040283203125], [446.3268737792969, 120.18968200683594], [448.4423828125, 120.51934051513672], [445.2353210449219, 119.09319305419922], [445.7357177734375, 121.40875244140625], [446.7952575683594, 119.3353042602539], [447.5472717285156, 118.64418029785156], [446.06640625, 120.20989227294922], [447.9419250488281, 120.69096374511719], [447.51385498046875, 122.26940155029297], [442.4539489746094, 120.20285034179688], [443.2613525390625, 119.30213928222656], [443.6542663574219, 122.94786834716797], [443.8345947265625, 121.9854736328125], [445.0824890136719, 121.46900177001953], [444.29144287109375, 120.1746826171875], [444.7886962890625, 119.97882843017578], [443.3675231933594, 122.41744232177734], [447.2774963378906, 121.253173828125], [444.62823486328125, 123.42415618896484], [445.3947448730469, 122.05123901367188], [446.7304992675781, 123.02103424072266], [445.54852294921875, 120.86856079101562], [444.49017333984375, 121.24352264404297], [445.273681640625, 121.40528106689453], [445.5305480957031, 120.64865112304688], [446.5325012207031, 122.6960678100586], [444.98748779296875, 121.51920318603516], [446.5043640136719, 122.7281494140625], [444.3935546875, 121.79501342773438], [445.19720458984375, 122.9813232421875], [445.9563293457031, 123.41376495361328], [445.7418212890625, 119.51290130615234], [445.42901611328125, 120.52948760986328], [447.5205078125, 120.34918212890625], [446.2185363769531, 122.04927062988281], [445.9557800292969, 120.48991394042969], [444.79510498046875, 122.57124328613281], [448.5812683105469, 123.01280975341797], [447.1739196777344, 121.5666275024414], [444.95654296875, 121.49604797363281], [446.51568603515625, 122.3084487915039], [447.6912536621094, 122.02662658691406], [445.6226806640625, 120.41744995117188], [447.93646240234375, 123.74199676513672], [446.51983642578125, 121.74642944335938], [445.22601318359375, 120.46342468261719], [447.56982421875, 123.30110168457031], [446.2230224609375, 124.44744873046875], [444.7342834472656, 125.06981658935547], [445.71673583984375, 122.86076354980469]]",0.875039,mc_dropout_ade_v1,"{""method"": ""mc_dropout_ade_v1"", ""validation_ade_px"": 13.288751, ""epistemic_std_px"": 1.263009, ""estimated_ade_px"": 13.348636, ""observation_coverage"": 1.0, ""confidence_scale_px"": 100.0, ""mc_samples"": 16}",gru,[]
examples/inputs/adl-01-cam0.mp4,adl-01-cam0,94,3.1333,person_1,True,"[484.2785339355469, 111.6445083618164]","{""type"": ""polygon"", ""coordinate_system"": ""original_video_pixels"", ""points"": [[397, 33], [522, 33], [522, 205], [397, 205]]}","[[480.0151062011719, 110.38084411621094], [482.6819763183594, 112.94363403320312], [476.6803894042969, 112.06521606445312], [477.3561096191406, 111.16814422607422], [477.0882873535156, 115.5988998413086], [475.46307373046875, 113.75384521484375], [473.56463623046875, 116.13459014892578], [470.4859619140625, 115.85972595214844], [470.2839660644531, 115.04129791259766], [469.9771423339844, 116.78082275390625], [467.5340270996094, 116.28865814208984], [468.6210021972656, 117.5606918334961], [467.3079833984375, 116.80081939697266], [464.3681640625, 117.13274383544922], [462.509765625, 118.78813934326172], [460.7890625, 119.36918640136719], [459.71002197265625, 118.80250549316406], [458.97772216796875, 119.67884826660156], [458.5068359375, 119.89490509033203], [456.149169921875, 120.35325622558594], [457.176513671875, 119.62519073486328], [454.7341003417969, 120.97358703613281], [454.62457275390625, 119.734375], [452.9388427734375, 120.44863891601562], [453.5893859863281, 118.73748016357422], [450.795654296875, 120.81893920898438], [450.07415771484375, 120.38529205322266], [448.8179931640625, 119.08777618408203], [448.0871887207031, 120.1529541015625], [449.14471435546875, 119.86383819580078], [446.66680908203125, 121.66165161132812], [447.06884765625, 119.62448120117188], [442.31060791015625, 120.0824966430664], [442.07452392578125, 120.41868591308594], [443.7540588378906, 118.27655792236328], [440.38922119140625, 120.9075698852539], [441.25653076171875, 120.56910705566406], [440.212158203125, 120.24674987792969], [441.35272216796875, 119.32589721679688], [439.92230224609375, 120.43681335449219], [439.3441162109375, 120.91564178466797], [441.27880859375, 121.00782012939453], [438.35528564453125, 119.6909408569336], [439.4196472167969, 122.25408935546875], [440.0321960449219, 120.09632110595703], [440.751953125, 119.36063385009766], [439.1080322265625, 120.88117980957031], [441.52398681640625, 121.44657135009766], [441.052490234375, 123.07952117919922], [435.6339111328125, 120.81246948242188], [435.9320373535156, 120.31199645996094], [436.7769775390625, 123.9988784790039], [436.9485778808594, 123.02440643310547], [438.1647644042969, 122.40857696533203], [437.05859375, 121.14798736572266], [438.1328430175781, 121.06495666503906], [436.5380554199219, 123.561767578125], [440.57318115234375, 122.10244750976562], [437.6227722167969, 124.54708862304688], [438.44744873046875, 122.8446044921875], [439.3472595214844, 123.98075866699219], [438.37322998046875, 121.65432739257812], [437.1203918457031, 122.09082794189453], [438.34783935546875, 122.21736145019531], [438.8914489746094, 121.76307678222656], [439.6473083496094, 123.57766723632812], [437.8694763183594, 122.56263732910156], [440.0303955078125, 123.81780242919922], [437.3648681640625, 122.8493881225586], [438.5708923339844, 123.81342315673828], [439.0882568359375, 124.5851058959961], [438.7739562988281, 120.78192138671875], [439.074951171875, 121.626953125], [441.0440673828125, 121.378662109375], [439.7831115722656, 123.30327606201172], [439.52032470703125, 121.14727020263672], [437.9429016113281, 123.6491928100586], [442.02056884765625, 124.13063049316406], [440.8393859863281, 122.64827728271484], [438.2535705566406, 122.52838134765625], [439.7606506347656, 123.42431640625], [440.8019104003906, 123.17201232910156], [439.0467224121094, 121.27755737304688], [441.4596252441406, 124.86566162109375], [439.58062744140625, 122.81037902832031], [438.98699951171875, 121.67401885986328], [441.13409423828125, 124.5824966430664], [439.5072937011719, 125.86424255371094], [438.1529235839844, 126.28285217285156], [439.2113952636719, 124.02570343017578]]",0.874943,mc_dropout_ade_v1,"{""method"": ""mc_dropout_ade_v1"", ""validation_ade_px"": 13.288751, ""epistemic_std_px"": 1.374087, ""estimated_ade_px"": 13.359604, ""observation_coverage"": 1.0, ""confidence_scale_px"": 100.0, ""mc_samples"": 16}",gru,[]
examples/inputs/adl-01-cam0.mp4,adl-01-cam0,95,3.1667,person_1,True,"[483.1430358886719, 111.98799896240234]","{""type"": ""polygon"", ""coordinate_system"": ""original_video_pixels"", ""points"": [[396, 35], [520, 35], [520, 205], [396, 205]]}","[[479.06390380859375, 110.73710632324219], [482.3450622558594, 113.42425537109375], [476.2946472167969, 112.34464263916016], [477.37103271484375, 111.47465515136719], [477.31878662109375, 116.08824920654297], [475.59857177734375, 114.15811920166016], [474.1137390136719, 116.57247924804688], [470.7716064453125, 116.3496322631836], [470.5977478027344, 115.43612670898438], [470.2644958496094, 117.44415283203125], [467.8955383300781, 116.79882049560547], [468.8091125488281, 117.98870849609375], [467.92669677734375, 117.09821319580078], [464.3086242675781, 117.65690612792969], [462.8105773925781, 119.29154205322266], [461.2037353515625, 119.97272491455078], [460.1156005859375, 119.19960021972656], [459.59552001953125, 120.34054565429688], [459.2466735839844, 120.36930084228516], [456.5928039550781, 120.84024810791016], [457.99822998046875, 119.98328399658203], [455.345458984375, 121.3597640991211], [454.989013671875, 120.18286895751953], [453.62554931640625, 120.78768157958984], [454.2711181640625, 119.18516540527344], [451.6324462890625, 121.47109985351562], [450.90966796875, 120.88636016845703], [449.76318359375, 119.52698516845703], [448.9798889160156, 120.41004943847656], [449.9254150390625, 120.29944610595703], [447.5729675292969, 122.11578369140625], [448.0631103515625, 120.08151245117188], [443.61846923828125, 120.39376831054688], [443.00445556640625, 120.91077423095703], [444.7615661621094, 118.48477935791016], [441.66534423828125, 121.44366455078125], [442.04644775390625, 121.14485931396484], [441.09771728515625, 120.65662384033203], [442.24835205078125, 119.43806457519531], [441.1728515625, 121.04218292236328], [440.5693664550781, 121.3332748413086], [442.50933837890625, 121.623291015625], [439.68389892578125, 119.87625122070312], [440.9698486328125, 122.662109375], [441.3387451171875, 120.2962646484375], [442.0522766113281, 119.58380126953125], [440.1875305175781, 120.94513702392578], [442.86944580078125, 121.82882690429688], [442.3208312988281, 123.61763763427734], [436.9422607421875, 121.27596282958984], [437.37811279296875, 120.51122283935547], [438.0138854980469, 124.33998107910156], [437.9051818847656, 123.61727142333984], [439.33074951171875, 122.708740234375], [438.0071105957031, 121.40227508544922], [439.33465576171875, 121.34042358398438], [437.4101867675781, 123.92313385009766], [441.8545837402344, 122.61687469482422], [439.1746826171875, 125.1527099609375], [439.72967529296875, 123.318603515625], [440.63720703125, 124.61802673339844], [439.78387451171875, 121.86441802978516], [438.779052734375, 122.48133850097656], [439.6347961425781, 122.6572265625], [440.1336669921875, 121.98900604248047], [440.8968811035156, 124.01354217529297], [439.11505126953125, 122.9042739868164], [441.1287841796875, 123.98604583740234], [438.4636535644531, 123.30278015136719], [439.9796142578125, 124.35237121582031], [440.24139404296875, 125.17823791503906], [439.9744873046875, 121.17953491210938], [440.51611328125, 121.7717514038086], [442.32855224609375, 121.93084716796875], [440.7881774902344, 123.84648132324219], [440.6981201171875, 121.6139144897461], [438.80657958984375, 124.20333862304688], [443.0639953613281, 124.71112823486328], [441.9627380371094, 123.41447448730469], [439.3440246582031, 123.0400161743164], [441.0146484375, 124.0232162475586], [441.8759765625, 123.58091735839844], [440.338623046875, 121.68712615966797], [442.50494384765625, 125.55811309814453], [440.6167297363281, 123.35746002197266], [440.2378234863281, 122.23260498046875], [442.6033935546875, 125.1750259399414], [440.8537292480469, 126.51123046875], [439.32012939453125, 127.03605651855469], [440.3357849121094, 124.78038787841797]]",0.874257,mc_dropout_ade_v1,"{""method"": ""mc_dropout_ade_v1"", ""validation_ade_px"": 13.288751, ""epistemic_std_px"": 1.99784, ""estimated_ade_px"": 13.43809, ""observation_coverage"": 1.0, ""confidence_scale_px"": 100.0, ""mc_samples"": 16}",gru,[]
examples/inputs/adl-01-cam0.mp4,adl-01-cam0,96,3.2,person_1,True,"[482.47003173828125, 112.6195068359375]","{""type"": ""polygon"", ""coordinate_system"": ""original_video_pixels"", ""points"": [[405, 36], [516, 36], [516, 205], [405, 205]]}","[[478.94415283203125, 111.57102966308594], [482.4751281738281, 114.19560241699219], [476.8605041503906, 113.29918670654297], [478.276123046875, 112.42269897460938], [478.7967224121094, 117.0007095336914], [476.8809509277344, 115.17584228515625], [475.8006591796875, 117.45536041259766], [472.2138977050781, 117.47541809082031], [472.2807312011719, 116.41144561767578], [471.9735107421875, 118.67925262451172], [469.8172607421875, 118.1089859008789], [470.4632263183594, 119.0204849243164], [469.879150390625, 117.88883972167969], [465.5982666015625, 119.19551086425781], [465.2242736816406, 120.43769073486328], [463.4627380371094, 121.50650024414062], [462.2275390625, 120.29643249511719], [462.01556396484375, 121.85237884521484], [462.1952209472656, 121.66604614257812], [459.31890869140625, 122.41744232177734], [461.0777587890625, 121.69450378417969], [458.4794921875, 122.88760375976562], [457.40045166015625, 121.77425384521484], [456.843505859375, 122.4021987915039], [457.32843017578125, 121.12313842773438], [455.23663330078125, 123.23976135253906], [454.2396240234375, 122.6421890258789], [453.429931640625, 121.23699951171875], [452.6679992675781, 122.00068664550781], [453.2367858886719, 121.91250610351562], [451.6373291015625, 123.94979095458984], [452.0859375, 121.99215698242188], [448.09991455078125, 121.93706512451172], [446.93218994140625, 122.83780670166016], [448.6085510253906, 120.04656219482422], [446.191650390625, 123.17739868164062], [446.0533447265625, 123.1679458618164], [444.8868408203125, 122.47789001464844], [446.30963134765625, 120.94172668457031], [445.5989074707031, 123.02448272705078], [445.321533203125, 123.04967498779297], [447.5805358886719, 123.58992767333984], [444.60357666015625, 121.5455551147461], [445.99249267578125, 124.14527893066406], [445.9841613769531, 121.99595642089844], [446.73907470703125, 121.21307373046875], [444.8207702636719, 122.21632385253906], [447.2205505371094, 123.46949005126953], [446.6709899902344, 125.51017761230469], [441.747314453125, 123.21727752685547], [442.8346862792969, 121.85797119140625], [442.83868408203125, 125.62419891357422], [442.35260009765625, 125.2455062866211], [444.102294921875, 124.00498962402344], [442.76580810546875, 122.61155700683594], [443.858154296875, 122.66970825195312], [442.0850830078125, 125.25855255126953], [446.3615417480469, 124.37303924560547], [444.1845397949219, 126.52534484863281], [444.6078186035156, 124.98143768310547], [445.8541259765625, 126.29805755615234], [444.6561279296875, 123.56050872802734], [444.45928955078125, 124.11347961425781], [444.57257080078125, 124.17532348632812], [444.85028076171875, 123.269775390625], [445.4789733886719, 125.60523223876953], [444.2746276855469, 124.33216094970703], [445.55621337890625, 125.1126937866211], [443.1521301269531, 124.75469207763672], [444.825439453125, 126.08454132080078], [444.8067626953125, 126.70458984375], [444.6134948730469, 122.44112396240234], [445.35791015625, 122.8458480834961], [446.87384033203125, 123.67576599121094], [445.06671142578125, 125.27326202392578], [445.21490478515625, 123.60626983642578], [443.55706787109375, 125.60745239257812], [447.20758056640625, 126.26530456542969], [446.23382568359375, 125.07263946533203], [443.9302062988281, 124.55998992919922], [446.09814453125, 125.53297424316406], [446.5047607421875, 125.03589630126953], [445.1525573730469, 123.37088012695312], [446.88348388671875, 127.0555191040039], [445.69573974609375, 124.86450958251953], [444.8112487792969, 123.47724914550781], [447.64013671875, 126.60852813720703], [445.7828369140625, 127.76573944091797], [443.789306640625, 128.67025756835938], [444.90460205078125, 126.43125915527344]]",0.874507,mc_dropout_ade_v1,"{""method"": ""mc_dropout_ade_v1"", ""validation_ade_px"": 13.288751, ""epistemic_std_px"": 1.795225, ""estimated_ade_px"": 13.409464, ""observation_coverage"": 1.0, ""confidence_scale_px"": 100.0, ""mc_samples"": 16}",gru,[]
examples/inputs/adl-01-cam0.mp4,adl-01-cam0,97,3.2333,person_1,True,"[481.4985046386719, 113.2179946899414]","{""type"": ""polygon"", ""coordinate_system"": ""original_video_pixels"", ""points"": [[409, 38], [513, 38], [513, 205], [409, 205]]}","[[478.26336669921875, 112.3241195678711], [481.67083740234375, 114.92253112792969], [476.0885009765625, 114.15502166748047], [477.76824951171875, 113.29485321044922], [478.4382629394531, 117.76557922363281], [476.2932434082031, 116.0585708618164], [475.3343200683594, 118.2500991821289], [471.6753845214844, 118.32225799560547], [471.8763427734375, 117.28291320800781], [471.6876220703125, 119.63200378417969], [469.5339660644531, 119.12741088867188], [470.1622009277344, 120.0331802368164], [469.70001220703125, 118.66845703125], [465.1357116699219, 120.36402130126953], [465.428466796875, 121.42176818847656], [463.6096496582031, 122.6964340209961], [462.2029113769531, 121.3718032836914], [462.08953857421875, 122.99739074707031], [462.44677734375, 122.74491882324219], [459.5432434082031, 123.64022827148438], [461.3367919921875, 123.16472625732422], [458.8301696777344, 124.20225524902344], [457.5664367675781, 123.1003189086914], [457.4061584472656, 123.75982666015625], [457.8177185058594, 122.66779327392578], [455.8881530761719, 124.56563568115234], [454.81036376953125, 123.96461486816406], [454.135498046875, 122.69197845458984], [453.3424987792969, 123.37869262695312], [453.7974548339844, 123.38652038574219], [452.7048034667969, 125.37178802490234], [452.9969787597656, 123.47173309326172], [449.3031005859375, 123.40218353271484], [447.9091491699219, 124.27133178710938], [449.43585205078125, 121.46980285644531], [447.2921142578125, 124.5693588256836], [447.2545166015625, 124.69347381591797], [445.7574462890625, 123.96796417236328], [447.42626953125, 122.25869750976562], [446.8148498535156, 124.45770263671875], [446.8807678222656, 124.57872009277344], [449.2264404296875, 125.10440063476562], [446.1731262207031, 123.1101303100586], [447.41705322265625, 125.51642608642578], [447.51824951171875, 123.50662231445312], [448.33392333984375, 122.66880798339844], [446.3638916015625, 123.60610961914062], [448.57354736328125, 124.87438201904297], [448.0143737792969, 127.07738494873047], [443.3431091308594, 124.77603149414062], [444.7580871582031, 123.272705078125], [444.6056213378906, 126.89525604248047], [443.9770812988281, 126.47586059570312], [445.8262023925781, 125.304931640625], [444.4599914550781, 123.89251708984375], [445.39715576171875, 123.96759033203125], [443.9425964355469, 126.54901123046875], [448.05908203125, 125.7978744506836], [446.048828125, 127.75989532470703], [446.4745788574219, 126.52067565917969], [447.8877868652344, 127.64717864990234], [446.486572265625, 125.07411193847656], [446.46820068359375, 125.59403228759766], [446.574462890625, 125.48670959472656], [446.4768981933594, 124.5722427368164], [447.1333312988281, 126.95205688476562], [446.4227294921875, 125.75491333007812], [447.4208984375, 126.31478118896484], [445.0308532714844, 126.13678741455078], [446.5916748046875, 127.56436157226562], [446.72650146484375, 128.0406036376953], [446.48016357421875, 123.69403076171875], [447.34796142578125, 124.14691925048828], [448.7106628417969, 125.06656646728516], [446.7213439941406, 126.464599609375], [447.0935974121094, 125.17620086669922], [445.66937255859375, 126.98408508300781], [448.8345031738281, 127.64179992675781], [447.9810485839844, 126.3372802734375], [445.8226318359375, 125.8393325805664], [448.28814697265625, 126.77581787109375], [448.5964050292969, 126.20256042480469], [447.18511962890625, 124.770751953125], [448.88818359375, 128.2559814453125], [448.0701904296875, 126.16094970703125], [446.85455322265625, 124.56163024902344], [449.81146240234375, 127.91138458251953], [447.9578857421875, 128.88990783691406], [445.7307434082031, 129.976806640625], [447.00653076171875, 127.7181625366211]]",0.874677,mc_dropout_ade_v1,"{""method"": ""mc_dropout_ade_v1"", ""validation_ade_px"": 13.288751, ""epistemic_std_px"": 1.64401, ""estimated_ade_px"": 13.390059, ""observation_coverage"": 1.0, ""confidence_scale_px"": 100.0, ""mc_samples"": 16}",gru,[]
examples/inputs/adl-01-cam0.mp4,adl-01-cam0,98,3.2667,person_1,True,"[480.31500244140625, 113.79100036621094]","{""type"": ""polygon"", ""coordinate_system"": ""original_video_pixels"", ""points"": [[408, 40], [512, 40], [512, 204], [408, 204]]}","[[477.2991943359375, 113.06837463378906], [480.31365966796875, 115.50740814208984], [474.68109130859375, 114.88692474365234], [476.5257568359375, 114.11382293701172], [476.89984130859375, 118.37328338623047], [474.6864013671875, 116.81431579589844], [473.6002197265625, 118.96198272705078], [470.00390625, 118.98933410644531], [470.1719665527344, 118.04096221923828], [470.12286376953125, 120.35808563232422], [467.83221435546875, 119.83045196533203], [468.62042236328125, 120.9681396484375], [468.05169677734375, 119.40178680419922], [463.6199951171875, 121.28609466552734], [464.0655517578125, 122.27320861816406], [462.33367919921875, 123.56712341308594], [460.7606201171875, 122.3694839477539], [460.5677490234375, 123.8383560180664], [460.81988525390625, 123.67777252197266], [458.0675354003906, 124.5147476196289], [459.71734619140625, 124.309326171875], [457.2521667480469, 125.34356689453125], [456.2381896972656, 124.22196960449219], [456.004150390625, 124.8718032836914], [456.52606201171875, 123.83655548095703], [454.4576721191406, 125.52371978759766], [453.3799133300781, 124.94981384277344], [452.6558837890625, 123.91102600097656], [451.8047180175781, 124.64493560791016], [452.49359130859375, 124.68611907958984], [451.620849609375, 126.47798919677734], [451.7845458984375, 124.62083435058594], [448.0860290527344, 124.77198791503906], [446.8327941894531, 125.26644897460938], [448.12158203125, 122.73602294921875], [445.9132385253906, 125.65904235839844], [446.3236083984375, 125.77018737792969], [444.64788818359375, 125.09275817871094], [446.4063720703125, 123.44817352294922], [445.7723388671875, 125.44792938232422], [446.036376953125, 125.86827087402344], [448.318115234375, 126.24278259277344], [445.2630310058594, 124.52919006347656], [446.13665771484375, 126.69355773925781], [446.69549560546875, 124.78668212890625], [447.59613037109375, 123.94135284423828], [445.72979736328125, 125.08930206298828], [447.6677551269531, 126.02934265136719], [447.2322692871094, 128.2465057373047], [442.54736328125, 125.9863510131836], [443.95635986328125, 124.68958282470703], [444.1755065917969, 128.05947875976562], [443.57989501953125, 127.3165054321289], [445.3473815917969, 126.50106811523438], [443.9309387207031, 125.2208480834961], [444.782958984375, 125.20281219482422], [443.62689208984375, 127.75552368164062], [447.6026611328125, 126.8665542602539], [445.5561218261719, 128.91598510742188], [446.1484680175781, 127.78697204589844], [447.3691101074219, 128.6632843017578], [446.0206298828125, 126.33406829833984], [445.5841369628906, 126.78691101074219], [446.37823486328125, 126.55812072753906], [445.7552490234375, 125.82723999023438], [446.6673278808594, 128.07240295410156], [446.22515869140625, 126.97360229492188], [447.3531494140625, 127.58555603027344], [444.7843322753906, 127.37266540527344], [446.0201110839844, 128.70098876953125], [446.6629943847656, 129.09478759765625], [446.218505859375, 124.82310485839844], [447.1383972167969, 125.54730987548828], [448.4944152832031, 126.10115814208984], [446.4231262207031, 127.47604370117188], [446.931884765625, 126.2139663696289], [445.76025390625, 128.2602996826172], [448.5605163574219, 128.79307556152344], [447.7768249511719, 127.22139739990234], [445.59393310546875, 126.85930633544922], [448.1824645996094, 127.76300048828125], [448.7001037597656, 127.10649871826172], [447.01904296875, 125.86114501953125], [449.0043640136719, 129.25857543945312], [448.213623046875, 127.25511169433594], [447.06304931640625, 125.62725830078125], [449.7507629394531, 129.03321838378906], [448.04364013671875, 129.85968017578125], [445.825927734375, 130.93014526367188], [447.2048645019531, 128.60549926757812]]",0.874651,mc_dropout_ade_v1,"{""method"": ""mc_dropout_ade_v1"", ""validation_ade_px"": 13.288751, ""epistemic_std_px"": 1.66791, ""estimated_ade_px"": 13.393014, ""observation_coverage"": 1.0, ""confidence_scale_px"": 100.0, ""mc_samples"": 16}",gru,[]
examples/inputs/adl-01-cam0.mp4,adl-01-cam0,99,3.3,person_1,True,"[478.9975280761719, 114.43850708007812]","{""type"": ""polygon"", ""coordinate_system"": ""original_video_pixels"", ""points"": [[406, 42], [511, 42], [511, 204], [406, 204]]}","[[476.0555419921875, 113.83753204345703], [478.70501708984375, 116.10691833496094], [473.01446533203125, 115.62095642089844], [474.91705322265625, 114.94991302490234], [474.96807861328125, 119.06776428222656], [472.7196960449219, 117.59272003173828], [471.45355224609375, 119.76093292236328], [467.94598388671875, 119.80644226074219], [468.0753173828125, 118.93109130859375], [468.0942687988281, 121.16215515136719], [465.6471252441406, 120.61812591552734], [466.5974426269531, 121.98639678955078], [465.8438415527344, 120.3054428100586], [461.7484130859375, 122.32066345214844], [462.0167541503906, 123.27972412109375], [460.3422546386719, 124.50477600097656], [458.7283630371094, 123.52808380126953], [458.41717529296875, 124.83871459960938], [458.49090576171875, 124.81692504882812], [455.8418884277344, 125.52223205566406], [457.4473571777344, 125.52682495117188], [454.97698974609375, 126.5891342163086], [454.25787353515625, 125.40394592285156], [453.66705322265625, 126.03636169433594], [454.42706298828125, 125.00048828125], [452.2392272949219, 126.5390625], [451.0862121582031, 126.07452392578125], [450.21746826171875, 125.14073181152344], [449.359619140625, 126.03218078613281], [450.3721618652344, 126.01590728759766], [449.4732360839844, 127.6939697265625], [449.6784362792969, 125.82965087890625], [445.7246398925781, 126.1646728515625], [444.7247009277344, 126.33824157714844], [445.9307556152344, 124.07115936279297], [443.4519348144531, 126.82744598388672], [444.321533203125, 126.95442199707031], [442.6508483886719, 126.2795181274414], [444.38653564453125, 124.81632232666016], [443.59442138671875, 126.50762176513672], [443.90887451171875, 127.2215576171875], [446.191162109375, 127.39669799804688], [443.1027526855469, 126.02626037597656], [443.7818908691406, 127.97630310058594], [444.577392578125, 126.18877410888672], [445.6168518066406, 125.35221862792969], [443.9201354980469, 126.71915435791016], [445.5822448730469, 127.2949447631836], [445.39129638671875, 129.4591522216797], [440.4651184082031, 127.2752456665039], [441.8120422363281, 126.24675750732422], [442.4532165527344, 129.43814086914062], [441.9685974121094, 128.38720703125], [443.6409606933594, 127.86292266845703], [442.1186828613281, 126.7046127319336], [442.998046875, 126.6072769165039], [442.0287170410156, 129.19252014160156], [445.92974853515625, 128.0291748046875], [443.71728515625, 130.33560180664062], [444.57293701171875, 129.09329223632812], [445.4704284667969, 129.9144287109375], [444.2445373535156, 127.68841552734375], [443.3793029785156, 128.02870178222656], [444.9046325683594, 127.82797241210938], [443.9017333984375, 127.28311920166016], [445.1153869628906, 129.35556030273438], [444.61065673828125, 128.24427795410156], [446.0561828613281, 129.08956909179688], [443.23638916015625, 128.7295684814453], [444.2570495605469, 129.8928680419922], [445.24530029296875, 130.30691528320312], [444.6618347167969, 126.1236801147461], [445.5654602050781, 127.01249694824219], [447.0351867675781, 127.26959228515625], [445.0306396484375, 128.6833953857422], [445.5763244628906, 127.26107025146484], [444.54931640625, 129.5594024658203], [447.2393493652344, 130.11085510253906], [446.36016845703125, 128.26255798339844], [444.1250305175781, 128.02984619140625], [446.7439880371094, 128.90054321289062], [447.45281982421875, 128.24855041503906], [445.63385009765625, 127.03215789794922], [447.8443603515625, 130.49371337890625], [446.92718505859375, 128.48277282714844], [446.0381164550781, 126.90332794189453], [448.46954345703125, 130.28758239746094], [446.77117919921875, 131.05967712402344], [444.6156005859375, 132.056396484375], [446.06292724609375, 129.61102294921875]]",0.874618,mc_dropout_ade_v1,"{""method"": ""mc_dropout_ade_v1"", ""validation_ade_px"": 13.288751, ""epistemic_std_px"": 1.69813, ""estimated_ade_px"": 13.396811, ""observation_coverage"": 1.0, ""confidence_scale_px"": 100.0, ""mc_samples"": 16}",gru,[]
examples/inputs/adl-01-cam0.mp4,adl-01-cam0,100,3.3333,person_1,True,"[478.14453125, 115.63249969482422]","{""type"": ""polygon"", ""coordinate_system"": ""original_video_pixels"", ""points"": [[408, 45], [510, 45], [510, 206], [408, 206]]}","[[475.5125732421875, 115.26817321777344], [477.892822265625, 117.27079772949219], [472.5829772949219, 117.19792938232422], [474.6263122558594, 116.57807922363281], [475.1510314941406, 120.53241729736328], [472.7216491699219, 119.25895690917969], [471.2719421386719, 121.3381576538086], [467.7561340332031, 121.88053894042969], [468.18829345703125, 120.90870666503906], [468.1791076660156, 123.02931213378906], [465.8072814941406, 122.5426254272461], [466.8194274902344, 123.92146301269531], [465.6569519042969, 121.95848083496094], [462.00762939453125, 124.72602081298828], [462.5839538574219, 125.31538391113281], [460.7502136230469, 126.78526306152344], [459.084716796875, 125.78153991699219], [458.85760498046875, 127.2406997680664], [459.14300537109375, 127.31903839111328], [456.41455078125, 127.94557189941406], [458.461181640625, 128.25888061523438], [456.388671875, 129.16729736328125], [454.91912841796875, 127.80828857421875], [454.40301513671875, 128.40634155273438], [455.4089050292969, 127.66840362548828], [453.8086242675781, 128.77481079101562], [452.0445556640625, 128.7902374267578], [451.1620178222656, 127.5040283203125], [450.42340087890625, 128.82809448242188], [451.66796875, 128.31036376953125], [451.1141662597656, 130.35110473632812], [451.7579345703125, 128.39808654785156], [447.22015380859375, 128.49673461914062], [446.1300354003906, 128.76568603515625], [447.65631103515625, 126.45938110351562], [444.9306640625, 129.0738983154297], [446.03546142578125, 129.769775390625], [444.39910888671875, 128.60110473632812], [446.31524658203125, 127.4496078491211], [445.157470703125, 128.9442596435547], [445.6578674316406, 129.6456756591797], [448.5596923828125, 129.7146453857422], [444.82958984375, 128.73728942871094], [445.95556640625, 130.18130493164062], [446.2750549316406, 128.85012817382812], [447.6598815917969, 127.92045593261719], [446.2037353515625, 129.24609375], [447.1504211425781, 129.61329650878906], [447.50408935546875, 131.9778594970703], [442.07574462890625, 129.87643432617188], [444.13983154296875, 128.7393341064453], [444.5415954589844, 131.7588653564453], [443.86383056640625, 130.63885498046875], [445.9728088378906, 130.12001037597656], [444.32940673828125, 128.83837890625], [445.0008239746094, 128.80789184570312], [444.041015625, 131.64503479003906], [447.92596435546875, 130.23690795898438], [445.69952392578125, 132.84434509277344], [446.904541015625, 131.31875610351562], [447.670654296875, 132.5238800048828], [446.2061462402344, 130.2005615234375], [445.8892822265625, 130.15444946289062], [447.41387939453125, 130.29818725585938], [446.01934814453125, 129.57485961914062], [447.43463134765625, 131.719970703125], [446.7706604003906, 130.1865234375], [448.2781677246094, 131.3441162109375], [445.4054870605469, 130.87860107421875], [446.4215393066406, 132.0548553466797], [447.02008056640625, 132.51776123046875], [446.41607666015625, 128.06471252441406], [447.23779296875, 128.78366088867188], [448.9089660644531, 129.53964233398438], [447.17364501953125, 130.671875], [447.832275390625, 129.44471740722656], [447.0691833496094, 131.28573608398438], [449.4984130859375, 132.45205688476562], [448.25604248046875, 130.3946075439453], [446.1598815917969, 130.11532592773438], [449.1410217285156, 130.9076385498047], [449.4947204589844, 130.34425354003906], [447.9033203125, 129.17434692382812], [449.6161804199219, 132.7676239013672], [449.34759521484375, 130.53085327148438], [448.37384033203125, 128.82382202148438], [451.1224060058594, 132.2404022216797], [449.0214538574219, 132.8280487060547], [446.45294189453125, 134.29656982421875], [448.14801025390625, 131.39468383789062]]",0.874405,mc_dropout_ade_v1,"{""method"": ""mc_dropout_ade_v1"", ""validation_ade_px"": 13.288751, ""epistemic_std_px"": 1.880377, ""estimated_ade_px"": 13.42113, ""observation_coverage"": 1.0, ""confidence_scale_px"": 100.0, ""mc_samples"": 16}",gru,[]
examples/inputs/adl-01-cam0.mp4,adl-01-cam0,101,3.3667,person_1,True,"[477.1679992675781, 117.43400573730469]","{""type"": ""polygon"", ""coordinate_system"": ""original_video_pixels"", ""points"": [[406, 47], [509, 47], [509, 208], [406, 208]]}","[[474.6270751953125, 117.29541015625], [476.6916809082031, 119.25776672363281], [471.55322265625, 119.59734344482422], [474.5553894042969, 119.20319366455078], [475.145263671875, 122.83621215820312], [472.6501159667969, 122.09215545654297], [470.82647705078125, 124.07984924316406], [467.0205993652344, 125.13398742675781], [467.6277160644531, 123.9849624633789], [467.7103271484375, 126.10847473144531], [465.2406311035156, 125.34136199951172], [466.486328125, 127.10552978515625], [464.3888244628906, 124.65872955322266], [461.6448974609375, 128.14308166503906], [462.5328369140625, 128.58575439453125], [460.3349304199219, 130.09487915039062], [458.8076477050781, 128.98388671875], [458.32373046875, 130.55941772460938], [458.7122802734375, 130.9626007080078], [456.1277160644531, 131.14682006835938], [458.6594543457031, 132.12872314453125], [457.2389221191406, 133.03672790527344], [454.4736633300781, 131.33753967285156], [454.64202880859375, 131.50634765625], [455.5553894042969, 131.35089111328125], [454.602783203125, 131.96044921875], [452.1274719238281, 132.485107421875], [451.4283447265625, 130.79232788085938], [450.6324462890625, 132.4622802734375], [452.4773864746094, 131.16505432128906], [452.327880859375, 133.643310546875], [452.9787292480469, 131.83731079101562], [448.14398193359375, 131.7825927734375], [446.9512939453125, 131.70118713378906], [448.7043762207031, 129.75872802734375], [445.371826171875, 132.14588928222656], [447.1166076660156, 133.36520385742188], [445.3324279785156, 131.56893920898438], [447.5929260253906, 130.6294708251953], [445.8304748535156, 132.08416748046875], [446.68646240234375, 132.88906860351562], [449.961669921875, 132.86407470703125], [445.235107421875, 132.23863220214844], [447.2520751953125, 133.2440643310547], [447.4857177734375, 132.33349609375], [449.1941223144531, 131.25546264648438], [447.84197998046875, 132.289794921875], [447.9208068847656, 132.28182983398438], [448.46746826171875, 135.21707153320312], [442.3128356933594, 133.3352813720703], [446.0751037597656, 132.46038818359375], [446.38909912109375, 134.90940856933594], [444.93109130859375, 133.28707885742188], [447.33050537109375, 132.96371459960938], [445.679931640625, 131.91690063476562], [446.1432189941406, 131.6414337158203], [444.9129638671875, 134.76951599121094], [449.4194030761719, 132.689208984375], [446.8504943847656, 135.82334899902344], [448.47674560546875, 134.05447387695312], [449.32452392578125, 135.44908142089844], [447.2908020019531, 133.0267333984375], [447.699462890625, 132.92759704589844], [448.98468017578125, 133.44740295410156], [447.51776123046875, 132.3918914794922], [449.1859436035156, 134.73095703125], [448.109619140625, 132.54640197753906], [449.7754211425781, 134.16363525390625], [447.0357666015625, 133.3880615234375], [448.302001953125, 134.78692626953125], [447.9521179199219, 135.16497802734375], [447.73773193359375, 130.63555908203125], [447.93023681640625, 131.11932373046875], [449.9576110839844, 131.9088592529297], [448.7831726074219, 132.76808166503906], [449.2348937988281, 131.6036834716797], [449.386962890625, 133.35989379882812], [451.4765319824219, 135.15994262695312], [449.3495178222656, 132.825439453125], [447.3797302246094, 132.7151336669922], [451.4560546875, 133.0458984375], [450.6057434082031, 132.52342224121094], [449.6367492675781, 131.98654174804688], [450.0279235839844, 135.39398193359375], [451.1604919433594, 132.4211883544922], [450.3316345214844, 131.14547729492188], [453.0877685546875, 134.24322509765625], [450.97906494140625, 134.80252075195312], [447.6105651855469, 136.75314331054688], [450.0476989746094, 133.45333862304688]]",0.874533,mc_dropout_ade_v1,"{""method"": ""mc_dropout_ade_v1"", ""validation_ade_px"": 13.288751, ""epistemic_std_px"": 1.772838, ""estimated_ade_px"": 13.406486, ""observation_coverage"": 1.0, ""confidence_scale_px"": 100.0, ""mc_samples"": 16}",gru,[]
examples/inputs/adl-01-cam0.mp4,adl-01-cam0,102,3.4,person_1,True,"[475.5639953613281, 119.24800109863281]","{""type"": ""polygon"", ""coordinate_system"": ""original_video_pixels"", ""points"": [[402, 49], [507, 49], [507, 209], [402, 209]]}","[[472.6270751953125, 118.88014221191406], [474.4175109863281, 121.4135971069336], [468.658447265625, 121.95063018798828], [472.3630065917969, 121.534912109375], [472.464599609375, 125.06658172607422], [469.82110595703125, 124.71934509277344], [467.9556884765625, 126.73808288574219], [463.4833068847656, 127.75521087646484], [464.2594299316406, 126.69483184814453], [464.3247985839844, 128.78318786621094], [461.45458984375, 127.77635955810547], [462.85986328125, 130.0329132080078], [460.2622375488281, 127.4185791015625], [458.5137634277344, 130.717529296875], [458.3719787597656, 131.25344848632812], [456.2190246582031, 132.96621704101562], [454.9502258300781, 131.81512451171875], [454.11102294921875, 133.0992889404297], [454.28302001953125, 133.69387817382812], [451.9735107421875, 133.66407775878906], [454.2613830566406, 135.01063537597656], [453.548095703125, 135.83116149902344], [450.4720458984375, 133.69642639160156], [450.92901611328125, 133.4980926513672], [451.2503356933594, 133.7091522216797], [450.8446044921875, 134.1367645263672], [447.9224853515625, 135.18270874023438], [447.42169189453125, 133.08749389648438], [446.8795471191406, 134.75079345703125], [449.008544921875, 133.04629516601562], [448.4261474609375, 135.98269653320312], [449.23382568359375, 134.10385131835938], [443.9644470214844, 134.081298828125], [442.91473388671875, 133.69297790527344], [444.7244873046875, 131.90208435058594], [440.98272705078125, 134.302490234375], [443.6034240722656, 135.79531860351562], [441.57476806640625, 133.68582153320312], [444.2622375488281, 132.891845703125], [441.60968017578125, 134.13467407226562], [442.0550231933594, 135.3350067138672], [445.6495666503906, 135.1514892578125], [440.45556640625, 134.72982788085938], [443.4100646972656, 135.75328063964844], [443.5876770019531, 135.23243713378906], [445.4683532714844, 133.6881866455078], [443.92352294921875, 134.6732940673828], [443.5640563964844, 134.44610595703125], [444.3069763183594, 137.6116180419922], [437.7156066894531, 135.60867309570312], [442.0226135253906, 135.40484619140625], [443.0355529785156, 137.64776611328125], [440.79180908203125, 135.46824645996094], [443.4748840332031, 135.20803833007812], [441.57098388671875, 134.38772583007812], [442.5526123046875, 134.07725524902344], [440.63079833984375, 137.34315490722656], [445.76959228515625, 134.361083984375], [442.45703125, 138.1800537109375], [444.45147705078125, 136.0989990234375], [445.48736572265625, 137.47738647460938], [443.6034240722656, 135.00460815429688], [444.2111511230469, 135.09617614746094], [445.2091979980469, 135.56314086914062], [444.20086669921875, 134.7101287841797], [445.8962097167969, 137.04183959960938], [444.0740051269531, 134.3916473388672], [446.1229553222656, 136.48779296875], [444.0809326171875, 135.44822692871094], [444.8257141113281, 136.73175048828125], [444.1295166015625, 137.03073120117188], [444.360107421875, 132.782958984375], [443.4819030761719, 132.82936096191406], [446.1206970214844, 133.51333618164062], [445.79718017578125, 134.2936248779297], [446.11138916015625, 132.7410125732422], [446.4015808105469, 135.03369140625], [448.9878234863281, 137.06492614746094], [446.15380859375, 134.55262756347656], [444.46319580078125, 134.6138916015625], [448.6354064941406, 134.59793090820312], [446.98724365234375, 134.06336975097656], [446.550048828125, 133.74388122558594], [446.202880859375, 136.99221801757812], [448.2714538574219, 133.38111877441406], [447.2716979980469, 133.01388549804688], [449.7876281738281, 135.55104064941406], [448.1539611816406, 136.24179077148438], [444.3448486328125, 138.13662719726562], [447.45025634765625, 134.6290283203125]]",0.874549,mc_dropout_ade_v1,"{""method"": ""mc_dropout_ade_v1"", ""validation_ade_px"": 13.288751, ""epistemic_std_px"": 1.759311, ""estimated_ade_px"": 13.404704, ""observation_coverage"": 1.0, ""confidence_scale_px"": 100.0, ""mc_samples"": 16}",gru,[]
examples/inputs/adl-01-cam0.mp4,adl-01-cam0,103,3.4333,person_1,True,"[473.4599914550781, 120.81751251220703]","{""type"": ""polygon"", ""coordinate_system"": ""original_video_pixels"", ""points"": [[395, 52], [505, 52], [505, 209], [395, 209]]}","[[469.9958801269531, 120.0899658203125], [471.3985900878906, 123.22549438476562], [464.8671569824219, 123.7624740600586], [469.0922546386719, 123.3426513671875], [468.20550537109375, 126.88420867919922], [465.6274108886719, 126.7977294921875], [463.6912841796875, 129.1352996826172], [458.5023498535156, 129.63058471679688], [459.2292175292969, 128.9150848388672], [459.33587646484375, 130.93606567382812], [455.8824157714844, 129.70516967773438], [457.3968505859375, 132.4730224609375], [454.653076171875, 129.73062133789062], [453.49517822265625, 132.5697021484375], [452.3466491699219, 133.46731567382812], [450.2270202636719, 135.35861206054688], [449.10418701171875, 134.2288360595703], [447.7750549316406, 135.14476013183594], [447.6185302734375, 135.81105041503906], [445.5862121582031, 135.61007690429688], [447.4344177246094, 137.28689575195312], [447.2280578613281, 138.06356811523438], [444.2724914550781, 135.6295166015625], [444.67181396484375, 135.18222045898438], [444.4147644042969, 135.46743774414062], [444.0716857910156, 135.9845733642578], [441.0147705078125, 137.20411682128906], [440.59661865234375, 135.0767364501953], [440.45416259765625, 136.54669189453125], [442.8343505859375, 134.6743621826172], [441.33538818359375, 137.8583221435547], [442.1730041503906, 135.80853271484375], [436.661865234375, 136.04623413085938], [435.7113342285156, 135.36061096191406], [437.77197265625, 133.798095703125], [433.56805419921875, 136.18650817871094], [436.91107177734375, 137.6469268798828], [434.4969787597656, 135.45211791992188], [437.60888671875, 134.85458374023438], [434.0748291015625, 135.9232940673828], [433.9505920410156, 137.47140502929688], [437.6856689453125, 137.0858612060547], [432.44683837890625, 136.71456909179688], [436.295654296875, 138.07540893554688], [436.4996337890625, 137.58697509765625], [438.4518127441406, 135.60769653320312], [436.7470397949219, 136.64588928222656], [436.3404541015625, 136.35707092285156], [437.011474609375, 139.76187133789062], [429.7394714355469, 137.48004150390625], [434.0818176269531, 137.89805603027344], [436.0526428222656, 140.1539306640625], [433.3074951171875, 137.65711975097656], [436.26080322265625, 137.43470764160156], [434.0527648925781, 136.7584686279297], [435.628173828125, 136.45872497558594], [433.13751220703125, 139.6241455078125], [438.96759033203125, 135.95489501953125], [434.92791748046875, 140.2769317626953], [437.1552734375, 138.116943359375], [438.1723327636719, 139.3766632080078], [436.4539489746094, 136.84877014160156], [436.80010986328125, 137.17811584472656], [438.041259765625, 137.5763397216797], [437.45709228515625, 136.8074188232422], [438.918212890625, 139.17835998535156], [436.74993896484375, 136.48147583007812], [439.4163818359375, 138.78570556640625], [437.4662780761719, 137.45274353027344], [438.12213134765625, 138.63853454589844], [437.14990234375, 139.08482360839844], [437.49127197265625, 135.1383514404297], [436.2391052246094, 134.8650360107422], [439.43084716796875, 135.10948181152344], [439.4686584472656, 136.0742645263672], [439.6797180175781, 133.837158203125], [439.8030700683594, 137.00180053710938], [443.0097961425781, 139.00970458984375], [439.9377136230469, 136.33895874023438], [438.1829833984375, 136.53651428222656], [442.4610290527344, 136.56613159179688], [440.0438232421875, 135.70693969726562], [439.87249755859375, 135.56175231933594], [439.4020080566406, 138.73387145996094], [441.8542175292969, 134.76097106933594], [441.0263977050781, 135.12994384765625], [443.1563720703125, 137.3212890625], [441.79058837890625, 138.135986328125], [437.81390380859375, 139.9245147705078], [441.6796875, 136.30653381347656]]",0.87473,mc_dropout_ade_v1,"{""method"": ""mc_dropout_ade_v1"", ""validation_ade_px"": 13.288751, ""epistemic_std_px"": 1.594337, ""estimated_ade_px"": 13.384051, ""observation_coverage"": 1.0, ""confidence_scale_px"": 100.0, ""mc_samples"": 16}",gru,[]
examples/inputs/adl-01-cam0.mp4,adl-01-cam0,104,3.4667,person_1,True,"[471.77099609375, 122.41050720214844]","{""type"": ""polygon"", ""coordinate_system"": ""original_video_pixels"", ""points"": [[392, 55], [503, 55], [503, 209], [392, 209]]}","[[468.20062255859375, 121.6660385131836], [469.2183532714844, 125.04666137695312], [462.9060363769531, 125.54693603515625], [467.1993713378906, 125.23738861083984], [466.19580078125, 128.6732940673828], [463.49810791015625, 128.70611572265625], [461.6248779296875, 131.03822326660156], [456.09912109375, 131.5340576171875], [456.9111633300781, 131.00955200195312], [456.70806884765625, 132.8448944091797], [453.2066955566406, 131.50254821777344], [454.9241638183594, 134.37168884277344], [451.7773132324219, 131.54891967773438], [451.01263427734375, 134.3576202392578], [449.75927734375, 135.32640075683594], [447.617919921875, 137.409912109375], [446.6293640136719, 136.32118225097656], [444.783935546875, 136.90415954589844], [444.61328125, 137.5532684326172], [442.59063720703125, 137.22412109375], [444.4717712402344, 139.04808044433594], [444.76641845703125, 139.61119079589844], [441.5564880371094, 137.0642547607422], [442.2861022949219, 136.42013549804688], [441.41204833984375, 136.9351043701172], [441.5517578125, 137.29928588867188], [438.30908203125, 138.79795837402344], [437.7185363769531, 136.47625732421875], [438.1800842285156, 137.81436157226562], [440.74859619140625, 135.6983184814453], [438.8112487792969, 139.0929718017578], [439.73260498046875, 136.90621948242188], [434.1455993652344, 137.26564025878906], [433.3169860839844, 136.47393798828125], [435.5158996582031, 134.98904418945312], [431.0263366699219, 137.34490966796875], [434.6897277832031, 139.03997802734375], [432.10552978515625, 136.494140625], [435.6487121582031, 136.06410217285156], [431.1060485839844, 137.1402587890625], [430.97442626953125, 138.79345703125], [434.74310302734375, 138.08013916015625], [429.4456481933594, 137.95558166503906], [434.1561584472656, 139.49276733398438], [434.08526611328125, 139.08493041992188], [436.1299743652344, 136.755615234375], [434.3860778808594, 137.8040771484375], [433.8294982910156, 137.42079162597656], [434.4222412109375, 141.14244079589844], [426.88494873046875, 138.7125244140625], [431.3902282714844, 139.47457885742188], [433.6313781738281, 141.75527954101562], [430.4986267089844, 139.05026245117188], [433.80615234375, 138.8357696533203], [431.5874938964844, 138.1878662109375], [433.4661865234375, 137.90992736816406], [430.2670593261719, 141.06271362304688], [437.0093994140625, 136.8336639404297], [432.51214599609375, 141.54052734375], [434.8187561035156, 139.3624725341797], [435.59832763671875, 140.66600036621094], [433.849609375, 137.97482299804688], [434.6285400390625, 138.5529022216797], [435.9326171875, 139.1200714111328], [435.4627685546875, 138.22828674316406], [436.5494384765625, 140.41903686523438], [434.3995056152344, 137.68310546875], [437.2795715332031, 140.02218627929688], [435.5628662109375, 138.67015075683594], [436.2117919921875, 139.67721557617188], [434.77508544921875, 140.3957977294922], [435.1263122558594, 136.63868713378906], [433.6283264160156, 135.9101104736328], [437.44024658203125, 136.2202911376953], [437.92437744140625, 137.13751220703125], [437.88873291015625, 134.3294677734375], [438.2198486328125, 137.99099731445312], [441.5242004394531, 140.27655029296875], [438.3489990234375, 137.54071044921875], [436.5712890625, 137.53732299804688], [440.88580322265625, 137.68594360351562], [437.8562316894531, 136.4598846435547], [438.1708679199219, 136.5870819091797], [437.0806884765625, 139.78652954101562], [439.88665771484375, 135.4561004638672], [439.53521728515625, 136.39974975585938], [441.4960632324219, 138.1852569580078], [440.31610107421875, 138.92205810546875], [435.9850769042969, 140.9106903076172], [440.3926696777344, 137.06546020507812]]",0.874315,mc_dropout_ade_v1,"{""method"": ""mc_dropout_ade_v1"", ""validation_ade_px"": 13.288751, ""epistemic_std_px"": 1.952906, ""estimated_ade_px"": 13.431483, ""observation_coverage"": 1.0, ""confidence_scale_px"": 100.0, ""mc_samples"": 16}",gru,[]
examples/inputs/adl-01-cam0.mp4,adl-01-cam0,105,3.5,person_1,True,"[470.90447998046875, 124.30599975585938]","{""type"": ""polygon"", ""coordinate_system"": ""original_video_pixels"", ""points"": [[394, 58], [503, 58], [503, 209], [394, 209]]}","[[467.7794494628906, 123.56272888183594], [468.4252624511719, 127.42876434326172], [462.78460693359375, 127.73893737792969], [466.9317932128906, 127.63945007324219], [466.3127746582031, 130.59805297851562], [463.6613464355469, 130.71974182128906], [462.22900390625, 132.65280151367188], [456.8150939941406, 133.29153442382812], [457.82421875, 133.31448364257812], [457.4146423339844, 134.51319885253906], [454.18682861328125, 133.50804138183594], [456.0269470214844, 135.7469482421875], [452.6076965332031, 133.08511352539062], [452.1080017089844, 136.10159301757812], [451.41741943359375, 136.74118041992188], [449.6398620605469, 139.1079559326172], [448.6192626953125, 137.83128356933594], [446.9106140136719, 138.30862426757812], [446.7380676269531, 138.72035217285156], [445.0167541503906, 138.79510498046875], [446.7877197265625, 140.2816619873047], [447.8971862792969, 140.2229461669922], [443.6817932128906, 138.07012939453125], [445.54119873046875, 137.2184295654297], [444.2693786621094, 138.160888671875], [445.1289978027344, 138.24473571777344], [442.1997985839844, 139.95252990722656], [441.3869934082031, 137.18649291992188], [442.46923828125, 138.46810913085938], [444.44677734375, 136.30947875976562], [442.8078918457031, 139.82351684570312], [443.8511962890625, 137.66259765625], [438.94036865234375, 137.954345703125], [438.2474670410156, 137.25509643554688], [440.36138916015625, 135.496826171875], [436.6275634765625, 137.996826171875], [439.7663879394531, 140.41757202148438], [437.009765625, 137.2713623046875], [441.15899658203125, 137.11915588378906], [436.13568115234375, 138.1165008544922], [436.1632080078125, 139.59857177734375], [440.1981201171875, 139.01434326171875], [434.6204833984375, 138.87411499023438], [440.0744934082031, 140.16921997070312], [439.62615966796875, 140.2265625], [441.6979675292969, 137.79933166503906], [439.97662353515625, 138.43533325195312], [438.5714111328125, 138.17613220214844], [439.8367614746094, 141.8760528564453], [433.01263427734375, 139.72132873535156], [437.37908935546875, 140.4070587158203], [439.16778564453125, 142.63677978515625], [435.5733947753906, 139.9326171875], [439.5771484375, 139.7240753173828], [437.23443603515625, 138.8042449951172], [439.37567138671875, 138.97616577148438], [435.37652587890625, 141.60984802246094], [442.47235107421875, 137.54931640625], [438.66656494140625, 142.16050720214844], [440.7733459472656, 140.08164978027344], [441.04473876953125, 141.39715576171875], [439.5390930175781, 138.6892547607422], [441.2950134277344, 139.29598999023438], [441.87835693359375, 140.08590698242188], [441.5925598144531, 138.93377685546875], [442.3091125488281, 141.06045532226562], [439.85247802734375, 138.55528259277344], [442.8655700683594, 140.3253173828125], [441.61053466796875, 139.07501220703125], [442.5305480957031, 140.55978393554688], [440.096435546875, 140.94357299804688], [440.67047119140625, 137.11148071289062], [438.5496520996094, 135.87364196777344], [442.8651123046875, 136.95236206054688], [444.00677490234375, 137.14454650878906], [443.7744445800781, 134.85113525390625], [444.4015808105469, 138.26690673828125], [447.39093017578125, 140.44161987304688], [444.41644287109375, 138.5066375732422], [442.9585876464844, 137.93251037597656], [446.8753356933594, 137.9641876220703], [442.9035949707031, 136.5066375732422], [444.03411865234375, 137.14137268066406], [442.41497802734375, 139.8414306640625], [445.97076416015625, 135.6004638671875], [445.70367431640625, 136.68670654296875], [447.6400146484375, 138.20945739746094], [446.9420166015625, 138.34445190429688], [441.99462890625, 140.78652954101562], [446.4812316894531, 137.00933837890625]]",0.874081,mc_dropout_ade_v1,"{""method"": ""mc_dropout_ade_v1"", ""validation_ade_px"": 13.288751, ""epistemic_std_px"": 2.128744, ""estimated_ade_px"": 13.458174, ""observation_coverage"": 1.0, ""confidence_scale_px"": 100.0, ""mc_samples"": 16}",gru,[]
examples/inputs/adl-01-cam0.mp4,adl-01-cam0,106,3.5333,person_1,True,"[470.2450256347656, 125.96900939941406]","{""type"": ""polygon"", ""coordinate_system"": ""original_video_pixels"", ""points"": [[403, 59], [503, 59], [503, 210], [403, 210]]}","[[467.6827392578125, 124.95207977294922], [467.8869934082031, 129.558837890625], [462.56622314453125, 129.3760528564453], [466.438232421875, 129.60511779785156], [465.97265625, 131.9701690673828], [463.5979919433594, 131.9840087890625], [462.9031066894531, 133.52020263671875], [457.8931884765625, 134.08544921875], [458.878662109375, 134.9111328125], [458.58905029296875, 135.29644775390625], [455.4837646484375, 134.94146728515625], [457.2789611816406, 136.34844970703125], [454.23016357421875, 134.22508239746094], [453.9882507324219, 137.2069854736328], [453.77301025390625, 137.4385223388672], [452.75537109375, 139.8103485107422], [451.73199462890625, 138.4449462890625], [450.3731994628906, 138.91172790527344], [449.98822021484375, 139.1060028076172], [448.8294372558594, 139.89637756347656], [450.0300598144531, 140.9790802001953], [451.99053955078125, 140.09039306640625], [447.0844421386719, 138.59019470214844], [449.7707824707031, 137.62338256835938], [448.6121826171875, 138.91514587402344], [449.8121032714844, 138.89279174804688], [447.7823791503906, 140.55271911621094], [446.61663818359375, 137.53704833984375], [448.1930236816406, 138.62667846679688], [449.0877685546875, 136.97119140625], [448.0491027832031, 140.34315490722656], [449.1111755371094, 138.38125610351562], [445.1543884277344, 138.57235717773438], [444.928466796875, 137.99649047851562], [446.68017578125, 135.81716918945312], [444.25982666015625, 138.59246826171875], [446.9908142089844, 141.74815368652344], [443.74957275390625, 138.46640014648438], [448.3790588378906, 138.3149871826172], [443.4277038574219, 139.07449340820312], [443.71441650390625, 140.4241485595703], [447.67926025390625, 140.2318878173828], [442.25103759765625, 139.81626892089844], [447.9179382324219, 140.82699584960938], [447.35076904296875, 141.30003356933594], [449.45196533203125, 139.12042236328125], [447.6304931640625, 139.1868438720703], [445.0564270019531, 139.23471069335938], [447.4101257324219, 142.23435974121094], [441.8236999511719, 140.55404663085938], [445.55291748046875, 141.09803771972656], [446.8802795410156, 143.36849975585938], [443.21044921875, 140.7537078857422], [447.71856689453125, 140.60784912109375], [445.0045471191406, 139.2950439453125], [447.41949462890625, 140.17686462402344], [443.3327331542969, 141.97756958007812], [449.85546875, 138.640380859375], [447.3691711425781, 142.62054443359375], [449.1773681640625, 140.9390106201172], [448.8441467285156, 142.16436767578125], [447.8752136230469, 139.61813354492188], [450.2501525878906, 139.9915313720703], [449.7849426269531, 140.6562957763672], [449.8455810546875, 139.61355590820312], [450.3662109375, 141.70330810546875], [447.7173767089844, 139.8363037109375], [450.6843566894531, 140.6099090576172], [449.83294677734375, 139.4450225830078], [451.2109069824219, 141.74951171875], [448.0615539550781, 141.3338165283203], [448.6673889160156, 137.67373657226562], [445.91937255859375, 135.87515258789062], [450.3473205566406, 137.6737823486328], [451.9449462890625, 136.96014404296875], [451.64678955078125, 135.84188842773438], [452.577880859375, 138.6790008544922], [455.2236022949219, 140.3363800048828], [452.94287109375, 139.5258026123047], [451.6867980957031, 138.5926513671875], [454.8274841308594, 138.1898956298828], [450.1309509277344, 136.82440185546875], [452.0135803222656, 137.90928649902344], [450.52008056640625, 139.73580932617188], [454.6285400390625, 135.95814514160156], [453.7447814941406, 136.8252716064453], [455.77142333984375, 138.5350799560547], [455.6833190917969, 137.74365234375], [450.089599609375, 140.4072265625], [454.421875, 137.23394775390625]]",0.873197,mc_dropout_ade_v1,"{""method"": ""mc_dropout_ade_v1"", ""validation_ade_px"": 13.288751, ""epistemic_std_px"": 2.695731, ""estimated_ade_px"": 13.55942, ""observation_coverage"": 1.0, ""confidence_scale_px"": 100.0, ""mc_samples"": 16}",gru,[]
examples/inputs/adl-01-cam0.mp4,adl-01-cam0,107,3.5667,person_1,True,"[469.531005859375, 127.78150939941406]","{""type"": ""polygon"", ""coordinate_system"": ""original_video_pixels"", ""points"": [[413, 61], [505, 61], [505, 209], [413, 209]]}","[[467.6417236328125, 126.7369384765625], [466.7827453613281, 131.44589233398438], [462.1604919433594, 131.26670837402344], [465.1782531738281, 131.6962432861328], [464.56182861328125, 133.27664184570312], [462.7770690917969, 133.00445556640625], [463.3083801269531, 134.35012817382812], [458.83221435546875, 134.4705047607422], [459.6528015136719, 136.28514099121094], [459.5054016113281, 135.8700714111328], [456.8280029296875, 136.07347106933594], [458.0009460449219, 136.80776977539062], [455.93292236328125, 135.04164123535156], [455.8447570800781, 138.2101287841797], [455.9925842285156, 137.73004150390625], [455.7892150878906, 140.20684814453125], [454.6859130859375, 138.189453125], [454.0974426269531, 138.91622924804688], [453.4555358886719, 139.14109802246094], [453.32574462890625, 140.18421936035156], [453.51922607421875, 141.2449188232422], [456.04510498046875, 139.5391845703125], [450.8349609375, 139.04635620117188], [454.3738708496094, 137.7943115234375], [453.06646728515625, 139.10519409179688], [454.52215576171875, 139.2209930419922], [453.5023193359375, 140.63992309570312], [452.0466003417969, 137.7937469482422], [454.21551513671875, 138.58334350585938], [453.8295593261719, 137.382080078125], [453.6738586425781, 140.66270446777344], [454.84466552734375, 138.72479248046875], [451.7173156738281, 139.02598571777344], [452.6017761230469, 138.64173889160156], [453.4514465332031, 135.8323211669922], [452.693115234375, 138.86917114257812], [454.74554443359375, 142.5525360107422], [451.1641540527344, 139.22354125976562], [455.6804504394531, 139.1157684326172], [451.7180480957031, 139.7445068359375], [452.080078125, 140.9626007080078], [456.2232360839844, 141.3206787109375], [450.733154296875, 140.3528289794922], [456.07635498046875, 141.14710998535156], [455.7415466308594, 141.85096740722656], [458.0180969238281, 140.08673095703125], [456.05029296875, 139.6131134033203], [452.2268981933594, 139.99176025390625], [455.7926330566406, 142.2228240966797], [451.4674072265625, 141.10183715820312], [454.296142578125, 141.41036987304688], [455.7837829589844, 143.3238067626953], [451.9200134277344, 140.92787170410156], [456.6334533691406, 141.0779266357422], [453.72772216796875, 139.4113006591797], [456.4288635253906, 141.07965087890625], [452.2823486328125, 141.69696044921875], [457.9172668457031, 139.48507690429688], [457.2348327636719, 142.46295166015625], [458.5417785644531, 141.00750732421875], [457.39996337890625, 142.13662719726562], [457.06658935546875, 140.4401092529297], [459.6561279296875, 139.90365600585938], [458.495361328125, 140.65802001953125], [458.9389953613281, 139.4830322265625], [459.4681701660156, 141.77117919921875], [456.70404052734375, 140.75357055664062], [459.6968994140625, 140.22145080566406], [458.57220458984375, 139.11618041992188], [461.0013122558594, 142.03994750976562], [457.3714904785156, 140.96395874023438], [457.62713623046875, 137.525634765625], [454.4936218261719, 135.509765625], [459.1146240234375, 137.74575805664062], [460.4930114746094, 136.19044494628906], [460.1675720214844, 136.2336883544922], [461.9324951171875, 138.73324584960938], [463.6648864746094, 139.26895141601562], [462.3885192871094, 139.54055786132812], [461.0439758300781, 138.58294677734375], [463.6835632324219, 137.71234130859375], [458.630615234375, 136.82044982910156], [460.82354736328125, 138.14688110351562], [459.7393493652344, 138.91200256347656], [464.2576599121094, 135.821044921875], [462.79205322265625, 136.4469451904297], [464.2166748046875, 138.246826171875], [465.5227355957031, 136.53907775878906], [459.6470031738281, 139.09210205078125], [463.1412658691406, 136.91671752929688]]",0.872319,mc_dropout_ade_v1,"{""method"": ""mc_dropout_ade_v1"", ""validation_ade_px"": 13.288751, ""epistemic_std_px"": 3.163038, ""estimated_ade_px"": 13.660004, ""observation_coverage"": 1.0, ""confidence_scale_px"": 100.0, ""mc_samples"": 16}",gru,[]
examples/inputs/adl-01-cam0.mp4,adl-01-cam0,108,3.6,person_1,True,"[468.884521484375, 129.27650451660156]","{""type"": ""polygon"", ""coordinate_system"": ""original_video_pixels"", ""points"": [[420, 64], [510, 64], [510, 208], [420, 208]]}","[[467.4101867675781, 128.34735107421875], [465.40277099609375, 132.57911682128906], [461.8348083496094, 132.55323791503906], [463.6067199707031, 133.20449829101562], [462.8008117675781, 134.09701538085938], [461.7569580078125, 133.2848358154297], [463.48126220703125, 134.57875061035156], [459.8576354980469, 134.34327697753906], [460.3698425292969, 136.83767700195312], [460.25732421875, 135.8389129638672], [458.1644287109375, 136.52223205566406], [458.6831359863281, 136.56199645996094], [457.7670593261719, 135.22811889648438], [457.7611389160156, 138.5708770751953], [458.2357482910156, 137.37892150878906], [458.6180114746094, 139.7234649658203], [457.5916442871094, 137.08718872070312], [457.8952941894531, 138.25306701660156], [456.8988952636719, 138.5943603515625], [457.701416015625, 139.52626037597656], [457.1898498535156, 140.6599884033203], [459.7178039550781, 138.34848022460938], [454.6277160644531, 138.9044647216797], [458.5765075683594, 137.40859985351562], [457.2273864746094, 138.4886932373047], [458.93768310546875, 138.94288635253906], [458.8105773925781, 139.98007202148438], [457.1390380859375, 137.46206665039062], [459.67156982421875, 137.9237060546875], [458.1564636230469, 137.1948699951172], [458.78594970703125, 140.37939453125], [460.1162414550781, 138.4499053955078], [457.79412841796875, 138.87188720703125], [459.7138671875, 138.84617614746094], [459.85369873046875, 135.43447875976562], [460.5926208496094, 138.52955627441406], [461.6463928222656, 142.54173278808594], [458.11187744140625, 139.3360595703125], [461.998779296875, 139.21800231933594], [459.40496826171875, 139.82305908203125], [459.8254699707031, 140.77713012695312], [463.9437561035156, 141.64915466308594], [458.60382080078125, 140.1826629638672], [463.3664245605469, 140.79383850097656], [463.1812744140625, 141.56259155273438], [465.52862548828125, 140.45599365234375], [463.64471435546875, 139.3681182861328], [458.81201171875, 140.0687255859375], [463.3992614746094, 141.49163818359375], [460.2846374511719, 141.07167053222656], [462.1972961425781, 141.07569885253906], [463.8947448730469, 142.5955352783203], [460.03912353515625, 140.6124267578125], [464.5697937011719, 140.89633178710938], [461.6265869140625, 139.09283447265625], [464.5482482910156, 141.3639373779297], [460.58251953125, 140.78433227539062], [465.2146911621094, 139.68350219726562], [466.24188232421875, 141.69847106933594], [467.0304870605469, 140.30477905273438], [464.9745178222656, 141.46533203125], [465.1942443847656, 140.71897888183594], [467.81488037109375, 139.15298461914062], [466.3153381347656, 140.16412353515625], [467.2045593261719, 138.8199005126953], [467.88311767578125, 141.26795959472656], [464.8453369140625, 140.9103546142578], [467.8486022949219, 139.28109741210938], [466.19403076171875, 138.15399169921875], [469.94757080078125, 141.4176483154297], [465.7508544921875, 139.9425048828125], [465.8843078613281, 136.854736328125], [462.5690612792969, 134.71434020996094], [467.2930908203125, 137.29933166503906], [468.2789306640625, 135.21218872070312], [467.72216796875, 136.02359008789062], [470.3854064941406, 138.13833618164062], [471.0297546386719, 137.72958374023438], [470.7345275878906, 138.8475341796875], [469.16033935546875, 137.97145080566406], [471.4595031738281, 136.79324340820312], [466.3774108886719, 136.477783203125], [468.9101257324219, 137.8756561279297], [468.1376953125, 137.785888671875], [472.3994140625, 135.43267822265625], [471.01434326171875, 135.79437255859375], [471.556640625, 137.4739227294922], [474.2118225097656, 135.22499084472656], [468.49774169921875, 137.35987854003906], [470.6163024902344, 136.25128173828125]]",0.87474,mc_dropout_ade_v1,"{""method"": ""mc_dropout_ade_v1"", ""validation_ade_px"": 13.288751, ""epistemic_std_px"": 1.584254, ""estimated_ade_px"": 13.382853, ""observation_coverage"": 1.0, ""confidence_scale_px"": 100.0, ""mc_samples"": 16}",gru,[]
examples/inputs/adl-01-cam0.mp4,adl-01-cam0,109,3.6333,person_1,True,"[468.6575012207031, 131.08099365234375]","{""type"": ""polygon"", ""coordinate_system"": ""original_video_pixels"", ""points"": [[423, 66], [514, 66], [514, 207], [423, 207]]}","[[467.3988342285156, 130.31085205078125], [465.2691955566406, 133.744384765625], [463.3363952636719, 134.0260467529297], [463.15533447265625, 134.54708862304688], [461.9380187988281, 135.31626892089844], [461.6622009277344, 133.6756134033203], [464.0454406738281, 134.8011016845703], [461.7615051269531, 134.357177734375], [461.1979675292969, 136.41078186035156], [461.230224609375, 135.59262084960938], [459.5946044921875, 136.92556762695312], [459.7098693847656, 135.69142150878906], [459.9217529296875, 135.506103515625], [459.2796630859375, 138.12387084960938], [460.1676025390625, 136.83169555664062], [460.3240661621094, 138.54931640625], [459.6883544921875, 135.28028869628906], [460.50347900390625, 137.17503356933594], [458.7139892578125, 137.31289672851562], [460.8525390625, 138.06021118164062], [459.64813232421875, 138.85757446289062], [460.9215087890625, 136.66139221191406], [457.28814697265625, 137.84832763671875], [460.6753234863281, 136.89198303222656], [459.7735595703125, 137.06678771972656], [460.8797607421875, 138.4259033203125], [461.6978454589844, 138.11338806152344], [460.2363586425781, 136.36363220214844], [462.4201354980469, 136.07403564453125], [459.9314270019531, 136.53118896484375], [461.04071044921875, 139.3037567138672], [462.5030212402344, 137.47628784179688], [460.0671691894531, 137.82015991210938], [462.9501037597656, 138.3609161376953], [463.05377197265625, 134.33888244628906], [464.8410339355469, 137.53857421875], [464.2629089355469, 140.84730529785156], [461.46539306640625, 138.78927612304688], [463.97052001953125, 137.8870391845703], [463.2640380859375, 138.8705596923828], [464.2019958496094, 138.93612670898438], [466.974609375, 140.24070739746094], [462.8523254394531, 138.2378387451172], [466.0127868652344, 139.3956756591797], [466.237548828125, 139.42361450195312], [467.78143310546875, 139.29112243652344], [466.5408020019531, 137.66531372070312], [461.9442138671875, 138.77781677246094], [466.34637451171875, 139.10826110839844], [464.693603515625, 139.41795349121094], [465.5234375, 138.73643493652344], [466.93804931640625, 140.4823455810547], [464.258056640625, 139.33749389648438], [468.0246887207031, 139.2306365966797], [464.9949035644531, 137.60543823242188], [467.64373779296875, 139.77548217773438], [464.8324279785156, 138.1819610595703], [468.871337890625, 138.02975463867188], [470.3740234375, 138.83616638183594], [471.13372802734375, 137.64878845214844], [468.0635986328125, 138.6386260986328], [468.3891296386719, 139.04360961914062], [470.3418273925781, 137.19839477539062], [469.461181640625, 137.25999450683594], [471.35455322265625, 136.30337524414062], [471.31988525390625, 138.82826232910156], [469.5620422363281, 138.7249298095703], [471.135986328125, 136.32887268066406], [468.9848327636719, 135.2440185546875], [473.96453857421875, 138.168701171875], [469.4200134277344, 136.5175323486328], [470.4877624511719, 133.51611328125], [467.39898681640625, 132.3687286376953], [471.87139892578125, 134.72901916503906], [472.175048828125, 133.01654052734375], [470.68585205078125, 133.78269958496094], [474.3008117675781, 135.1333465576172], [473.262451171875, 133.7878875732422], [474.5375061035156, 135.02407836914062], [472.61102294921875, 134.5835418701172], [474.4244384765625, 133.6711883544922], [470.2346496582031, 133.73077392578125], [472.4173889160156, 134.84707641601562], [472.66387939453125, 134.3464813232422], [474.652587890625, 132.87722778320312], [474.6059265136719, 133.08847045898438], [473.78765869140625, 134.30136108398438], [477.71551513671875, 131.9737091064453], [473.70526123046875, 133.48875427246094], [472.9246520996094, 133.02471923828125]]",0.874833,mc_dropout_ade_v1,"{""method"": ""mc_dropout_ade_v1"", ""validation_ade_px"": 13.288751, ""epistemic_std_px"": 1.491959, ""estimated_ade_px"": 13.372242, ""observation_coverage"": 1.0, ""confidence_scale_px"": 100.0, ""mc_samples"": 16}",gru,[]
examples/inputs/adl-01-cam0.mp4,adl-01-cam0,110,3.6667,person_1,True,"[468.656982421875, 132.57101440429688]","{""type"": ""polygon"", ""coordinate_system"": ""original_video_pixels"", ""points"": [[426, 64], [515, 64], [515, 207], [426, 207]]}","[[467.554443359375, 131.71519470214844], [465.62939453125, 134.73147583007812], [464.6751403808594, 135.1314239501953], [463.4082946777344, 135.4033660888672], [462.19647216796875, 136.187255859375], [462.05999755859375, 134.06134033203125], [465.3427734375, 135.01905822753906], [463.9695129394531, 134.53167724609375], [462.9583740234375, 136.01296997070312], [462.921142578125, 135.59335327148438], [461.7195739746094, 137.19973754882812], [461.5376281738281, 135.0458221435547], [462.703857421875, 135.71450805664062], [461.4427185058594, 137.74794006347656], [462.90936279296875, 136.4279327392578], [462.6668701171875, 137.6688995361328], [462.6900329589844, 134.11077880859375], [463.47430419921875, 136.4617919921875], [461.4839782714844, 136.35997009277344], [464.5032043457031, 136.86705017089844], [462.73333740234375, 137.5377655029297], [463.3421936035156, 135.40672302246094], [460.82025146484375, 136.68505859375], [463.681884765625, 136.2917938232422], [463.31024169921875, 135.94618225097656], [463.8870849609375, 138.01498413085938], [465.123779296875, 136.48175048828125], [463.9407958984375, 135.33924865722656], [465.7432861328125, 134.35214233398438], [462.79205322265625, 135.68292236328125], [464.5025329589844, 138.05844116210938], [465.7635192871094, 136.33670043945312], [463.0423278808594, 136.62860107421875], [466.77337646484375, 137.30322265625], [466.6920471191406, 133.08929443359375], [469.1990966796875, 136.46253967285156], [467.34716796875, 139.0746612548828], [465.2034606933594, 138.0552978515625], [466.6341552734375, 136.1725311279297], [467.1091613769531, 137.6048126220703], [468.6434631347656, 136.9092254638672], [470.4458312988281, 138.23379516601562], [467.3855895996094, 136.0814971923828], [469.6717529296875, 137.68350219726562], [469.76324462890625, 137.16639709472656], [471.00921630859375, 137.46534729003906], [469.85009765625, 135.58168029785156], [465.9150390625, 136.86036682128906], [469.7450866699219, 136.71200561523438], [468.87860107421875, 137.18038940429688], [469.1937561035156, 135.9936981201172], [470.1044006347656, 137.7925262451172], [468.353515625, 137.26107788085938], [471.48992919921875, 136.9854736328125], [468.38055419921875, 135.4291229248047], [470.5648193359375, 137.42794799804688], [469.231201171875, 135.3859100341797], [472.68804931640625, 135.8485107421875], [474.1304931640625, 135.5955047607422], [474.912841796875, 134.57923889160156], [471.3194580078125, 135.49171447753906], [471.3826599121094, 136.56399536132812], [473.2731018066406, 134.80516052246094], [472.62921142578125, 133.90846252441406], [475.0702209472656, 133.3556671142578], [474.3335876464844, 135.7139434814453], [474.1697692871094, 135.7271728515625], [474.3907775878906, 132.6259307861328], [472.0721130371094, 131.85923767089844], [477.7420959472656, 134.43344116210938], [472.95892333984375, 132.91232299804688], [474.2945251464844, 130.0772705078125], [472.1291198730469, 129.60406494140625], [475.79815673828125, 131.98724365234375], [475.697509765625, 130.35275268554688], [473.6049499511719, 131.07037353515625], [477.91204833984375, 131.69235229492188], [475.6617736816406, 129.7861328125], [478.2338562011719, 131.09027099609375], [475.7677307128906, 130.9176483154297], [477.35321044921875, 130.26315307617188], [473.9232482910156, 130.64297485351562], [475.7416076660156, 131.37696838378906], [476.2833251953125, 130.826171875], [476.92578125, 129.67259216308594], [477.46484375, 129.9903564453125], [476.145751953125, 130.99380493164062], [480.5358581542969, 128.4860382080078], [477.5475769042969, 129.7108154296875], [475.1910400390625, 129.5623321533203]]",0.875239,mc_dropout_ade_v1,"{""method"": ""mc_dropout_ade_v1"", ""validation_ade_px"": 13.288751, ""epistemic_std_px"": 0.993117, ""estimated_ade_px"": 13.325809, ""observation_coverage"": 1.0, ""confidence_scale_px"": 100.0, ""mc_samples"": 16}",gru,[]
examples/inputs/adl-01-cam0.mp4,adl-01-cam0,111,3.7,person_1,True,"[468.74951171875, 133.9720001220703]","{""type"": ""polygon"", ""coordinate_system"": ""original_video_pixels"", ""points"": [[427, 65], [519, 65], [519, 207], [427, 207]]}","[[467.5083923339844, 133.03640747070312], [466.05206298828125, 135.84957885742188], [465.3558044433594, 136.3856658935547], [464.1018371582031, 136.47508239746094], [463.0995178222656, 137.3936309814453], [462.4136657714844, 135.25595092773438], [466.38134765625, 136.03334045410156], [465.5708923339844, 135.85238647460938], [464.7815246582031, 136.80755615234375], [464.53961181640625, 136.80450439453125], [463.6678466796875, 138.1328582763672], [463.2676696777344, 135.7930145263672], [464.6994323730469, 136.6999053955078], [463.4513244628906, 138.5558624267578], [465.14788818359375, 137.39852905273438], [464.1443786621094, 138.1053924560547], [465.22808837890625, 134.849365234375], [465.42010498046875, 137.3008575439453], [463.64007568359375, 137.14260864257812], [467.0509033203125, 137.08224487304688], [465.32989501953125, 138.10006713867188], [465.552978515625, 136.09927368164062], [463.75665283203125, 136.7667236328125], [465.99505615234375, 136.82916259765625], [466.32196044921875, 136.31689453125], [466.47039794921875, 138.63145446777344], [467.5318298339844, 136.3946075439453], [466.3620910644531, 135.54595947265625], [467.8266906738281, 134.40487670898438], [465.2160949707031, 135.9188232421875], [467.4913635253906, 137.88153076171875], [468.4185485839844, 136.30960083007812], [465.1540222167969, 136.6576690673828], [469.63201904296875, 136.7087860107422], [469.2372741699219, 133.23854064941406], [471.5169677734375, 136.62942504882812], [469.09320068359375, 138.60342407226562], [467.8294677734375, 138.154296875], [468.4337463378906, 135.66566467285156], [469.22601318359375, 137.14622497558594], [471.11041259765625, 136.2279815673828], [472.5782470703125, 136.96812438964844], [469.97576904296875, 135.45468139648438], [472.2978820800781, 137.16497802734375], [471.617919921875, 136.4752197265625], [473.30303955078125, 136.57467651367188], [471.91229248046875, 134.94338989257812], [468.7317199707031, 135.71446228027344], [472.1224365234375, 135.93455505371094], [470.748046875, 136.28768920898438], [471.4073181152344, 135.119873046875], [471.8479309082031, 136.4715118408203], [470.6044006347656, 135.99176025390625], [473.07635498046875, 135.97222900390625], [469.982177734375, 134.6087188720703], [471.818115234375, 136.2859344482422], [471.9581298828125, 134.49244689941406], [474.96807861328125, 134.6458740234375], [475.6267395019531, 134.19248962402344], [476.57281494140625, 132.9687042236328], [472.7437438964844, 133.92349243164062], [472.204833984375, 134.95265197753906], [474.515625, 133.69493103027344], [474.1438293457031, 132.3883514404297], [476.7286071777344, 132.0946807861328], [475.4759216308594, 134.11251831054688], [476.3969421386719, 133.86968994140625], [476.1965637207031, 130.6217498779297], [473.6409912109375, 130.26173400878906], [479.70416259765625, 132.31202697753906], [474.5812072753906, 131.41033935546875], [475.6060485839844, 128.66712951660156], [474.630126953125, 128.61537170410156], [477.4239196777344, 130.9340362548828], [477.677978515625, 129.29330444335938], [475.27288818359375, 129.7042694091797], [480.00836181640625, 129.87799072265625], [477.1452941894531, 128.03797912597656], [479.7906799316406, 129.22882080078125], [477.0263671875, 129.1785125732422], [478.805908203125, 128.60240173339844], [475.6074523925781, 129.26992797851562], [477.5207824707031, 129.60484313964844], [477.330322265625, 129.4969482421875], [477.73443603515625, 127.905029296875], [478.7293701171875, 128.5751953125], [477.61077880859375, 129.53529357910156], [481.3993225097656, 126.98242950439453], [478.8310546875, 128.1636962890625], [476.397216796875, 127.90736389160156]]",0.875304,mc_dropout_ade_v1,"{""method"": ""mc_dropout_ade_v1"", ""validation_ade_px"": 13.288751, ""epistemic_std_px"": 0.889058, ""estimated_ade_px"": 13.318458, ""observation_coverage"": 1.0, ""confidence_scale_px"": 100.0, ""mc_samples"": 16}",gru,[]
examples/inputs/adl-01-cam0.mp4,adl-01-cam0,112,3.7333,person_1,True,"[468.19598388671875, 135.63800048828125]","{""type"": ""polygon"", ""coordinate_system"": ""original_video_pixels"", ""points"": [[424, 66], [518, 66], [518, 207], [424, 207]]}","[[466.3382263183594, 134.73106384277344], [464.6400146484375, 137.37982177734375], [463.7976989746094, 137.99630737304688], [462.29791259765625, 138.00123596191406], [461.3585510253906, 139.04583740234375], [460.5506591796875, 136.8365936279297], [464.8250732421875, 137.42498779296875], [464.56890869140625, 137.5415802001953], [463.9226989746094, 138.13189697265625], [463.60479736328125, 138.326171875], [463.179443359375, 139.57415771484375], [462.73406982421875, 137.09674072265625], [464.2290344238281, 138.2255401611328], [463.0340576171875, 139.94517517089844], [464.9241638183594, 138.82162475585938], [463.5864562988281, 139.1471710205078], [465.1436462402344, 136.1068115234375], [465.10906982421875, 138.73123168945312], [463.5204772949219, 138.4736785888672], [467.0980224609375, 138.1114959716797], [465.4818115234375, 139.20664978027344], [465.42535400390625, 137.364990234375], [464.0070495605469, 137.6759796142578], [465.8362731933594, 138.08909606933594], [466.7322082519531, 137.4711151123047], [466.5479431152344, 139.80758666992188], [467.5788269042969, 137.2129364013672], [466.3380432128906, 136.47865295410156], [467.7541198730469, 135.44163513183594], [465.2162170410156, 136.9690399169922], [467.9532470703125, 138.7172393798828], [468.79876708984375, 137.2755889892578], [465.1592712402344, 137.51953125], [469.97430419921875, 137.2179718017578], [469.5417785644531, 134.26686096191406], [471.6788330078125, 137.65464782714844], [468.8744201660156, 139.1548309326172], [468.1768798828125, 139.17608642578125], [468.2699279785156, 136.3646240234375], [469.5208740234375, 137.76699829101562], [471.443359375, 136.72821044921875], [472.6904296875, 137.1517333984375], [470.4788513183594, 135.9500732421875], [472.57080078125, 137.68898010253906], [471.656005859375, 136.86363220214844], [473.4580383300781, 136.99513244628906], [472.13812255859375, 135.50257873535156], [469.1898498535156, 136.03709411621094], [472.35382080078125, 136.31201171875], [470.8305358886719, 136.71597290039062], [471.55120849609375, 135.44046020507812], [471.7093200683594, 136.58428955078125], [470.872802734375, 136.24684143066406], [472.8619689941406, 136.32008361816406], [469.9793701171875, 135.13204956054688], [471.51611328125, 136.53355407714844], [472.5595397949219, 134.8766326904297], [475.0948791503906, 134.83212280273438], [475.5619201660156, 134.24746704101562], [476.65643310546875, 133.0346221923828], [472.669921875, 133.99237060546875], [471.79656982421875, 134.85401916503906], [474.26593017578125, 133.96685791015625], [474.0580749511719, 132.3511199951172], [476.7106628417969, 132.31231689453125], [475.1766357421875, 134.14007568359375], [476.8752136230469, 133.72482299804688], [476.3989562988281, 130.4191131591797], [473.6042785644531, 130.34091186523438], [479.9013671875, 131.96266174316406], [474.69732666015625, 131.41888427734375], [475.48590087890625, 128.72618103027344], [475.084716796875, 128.96408081054688], [477.44342041015625, 131.1740264892578], [477.9645690917969, 129.68731689453125], [475.1839294433594, 129.93936157226562], [480.3795471191406, 129.64295959472656], [477.05322265625, 127.9163818359375], [479.6307678222656, 129.00865173339844], [476.8594055175781, 129.07040405273438], [478.51483154296875, 128.4915008544922], [475.5500793457031, 129.3167724609375], [477.3808288574219, 129.47976684570312], [477.0372314453125, 129.57620239257812], [477.2173156738281, 127.89173889160156], [478.6100769042969, 128.55039978027344], [477.41741943359375, 129.54949951171875], [480.8426513671875, 127.02965545654297], [478.8297119140625, 128.1829833984375], [476.1412353515625, 127.84150695800781]]",0.875342,mc_dropout_ade_v1,"{""method"": ""mc_dropout_ade_v1"", ""validation_ade_px"": 13.288751, ""epistemic_std_px"": 0.819864, ""estimated_ade_px"": 13.314018, ""observation_coverage"": 1.0, ""confidence_scale_px"": 100.0, ""mc_samples"": 16}",gru,[]
examples/inputs/adl-01-cam0.mp4,adl-01-cam0,113,3.7667,person_1,True,"[467.2430114746094, 137.16600036621094]","{""type"": ""polygon"", ""coordinate_system"": ""original_video_pixels"", ""points"": [[420, 68], [519, 68], [519, 207], [420, 207]]}","[[464.7550048828125, 136.1804656982422], [462.450439453125, 138.83702087402344], [461.30364990234375, 139.43458557128906], [459.86798095703125, 139.52943420410156], [458.73931884765625, 140.4927520751953], [458.2727355957031, 138.32533264160156], [462.52398681640625, 138.79489135742188], [462.62799072265625, 139.0592498779297], [462.0529479980469, 139.56532287597656], [462.0479431152344, 139.57554626464844], [461.6299743652344, 140.93954467773438], [461.5367736816406, 138.461181640625], [462.7758483886719, 139.54025268554688], [461.83056640625, 141.19143676757812], [463.8014831542969, 140.11474609375], [462.6852722167969, 140.22012329101562], [464.073974609375, 137.46127319335938], [464.0965576171875, 140.08876037597656], [462.4541931152344, 139.69972229003906], [466.118896484375, 139.29348754882812], [464.64349365234375, 140.4688262939453], [464.65850830078125, 138.781982421875], [462.9053955078125, 138.94424438476562], [464.67938232421875, 139.41665649414062], [466.1023254394531, 138.940185546875], [465.77496337890625, 140.9053192138672], [466.70208740234375, 138.2919921875], [465.5289306640625, 137.64166259765625], [466.67828369140625, 136.74664306640625], [464.5166320800781, 138.26385498046875], [467.4341735839844, 139.75650024414062], [468.2350769042969, 138.5029754638672], [464.42254638671875, 138.71926879882812], [469.0968017578125, 138.0566864013672], [468.98699951171875, 135.60980224609375], [470.9925537109375, 138.8681182861328], [468.1112976074219, 140.2057647705078], [467.63507080078125, 140.2725372314453], [467.6051940917969, 137.62509155273438], [469.1493835449219, 138.7587890625], [470.7215881347656, 137.79981994628906], [472.1045227050781, 138.16737365722656], [469.8243103027344, 137.04544067382812], [471.8631286621094, 138.50851440429688], [471.1822814941406, 137.8113250732422], [472.82818603515625, 137.95176696777344], [471.894775390625, 136.66519165039062], [468.4405517578125, 136.92630004882812], [471.7524719238281, 137.1752471923828], [469.9561767578125, 137.6461944580078], [470.7705383300781, 136.41000366210938], [470.9539489746094, 137.3564453125], [470.3086242675781, 136.95599365234375], [472.09539794921875, 137.23171997070312], [469.2312316894531, 136.10574340820312], [470.45294189453125, 137.38763427734375], [471.9458923339844, 135.6797637939453], [474.2142028808594, 135.6243438720703], [474.7376708984375, 135.0869598388672], [475.87860107421875, 133.899169921875], [471.91717529296875, 134.6566925048828], [470.8811950683594, 135.45912170410156], [473.3880310058594, 134.6848602294922], [473.3787536621094, 132.98292541503906], [475.765380859375, 133.07948303222656], [474.4626770019531, 134.88018798828125], [476.35137939453125, 134.4617919921875], [476.1004638671875, 131.1852264404297], [473.18841552734375, 131.1090850830078], [479.3392639160156, 132.62557983398438], [474.0553283691406, 132.04788208007812], [474.7211608886719, 129.49948120117188], [474.4324035644531, 129.91433715820312], [476.75054931640625, 131.93511962890625], [477.3276672363281, 130.6288604736328], [474.4861755371094, 130.74305725097656], [479.88446044921875, 130.3839569091797], [476.1859436035156, 128.639892578125], [478.7048645019531, 129.67640686035156], [476.1614685058594, 129.83065795898438], [477.5307922363281, 129.17752075195312], [474.36236572265625, 129.9735107421875], [476.2413024902344, 130.34043884277344], [476.07208251953125, 130.31100463867188], [476.2689208984375, 128.9036865234375], [477.9515686035156, 129.3715362548828], [476.4590148925781, 130.2708282470703], [479.7722473144531, 127.86477661132812], [477.985595703125, 129.1068878173828], [475.3587646484375, 128.64556884765625]]",0.875199,mc_dropout_ade_v1,"{""method"": ""mc_dropout_ade_v1"", ""validation_ade_px"": 13.288751, ""epistemic_std_px"": 1.052652, ""estimated_ade_px"": 13.330378, ""observation_coverage"": 1.0, ""confidence_scale_px"": 100.0, ""mc_samples"": 16}",gru,[]
examples/inputs/adl-01-cam0.mp4,adl-01-cam0,114,3.8,person_1,True,"[466.0815124511719, 139.41050720214844]","{""type"": ""polygon"", ""coordinate_system"": ""original_video_pixels"", ""points"": [[419, 70], [515, 70], [515, 207], [419, 207]]}","[[463.20172119140625, 138.47808837890625], [460.6542663574219, 141.24122619628906], [459.4996643066406, 141.8308868408203], [457.8902587890625, 141.97842407226562], [456.62640380859375, 142.92124938964844], [456.5439758300781, 140.7366943359375], [460.5713806152344, 140.8230438232422], [461.09283447265625, 141.32595825195312], [460.3833923339844, 141.8267822265625], [460.66015625, 141.4361114501953], [460.25628662109375, 143.21368408203125], [460.4450378417969, 140.52357482910156], [461.3623352050781, 141.6233673095703], [460.4364013671875, 143.15740966796875], [462.597900390625, 142.13645935058594], [461.7757568359375, 142.02029418945312], [462.7339172363281, 139.40296936035156], [462.8922119140625, 142.0804443359375], [460.960205078125, 141.44720458984375], [464.93658447265625, 141.22015380859375], [463.49462890625, 142.19912719726562], [463.5068664550781, 140.7093505859375], [461.38909912109375, 140.82261657714844], [463.2061767578125, 141.39971923828125], [465.1954345703125, 141.058349609375], [464.55938720703125, 142.51930236816406], [465.70843505859375, 139.83694458007812], [464.4005432128906, 139.3357391357422], [465.4008483886719, 138.5145721435547], [463.40301513671875, 140.3208465576172], [466.5886535644531, 141.35659790039062], [467.4586486816406, 140.33145141601562], [463.30816650390625, 140.5013885498047], [467.8120422363281, 139.45565795898438], [468.0597839355469, 137.40487670898438], [470.0142822265625, 140.58206176757812], [467.09857177734375, 141.80735778808594], [466.74658203125, 141.8454132080078], [466.66461181640625, 139.41989135742188], [468.5375061035156, 140.27877807617188], [469.8479919433594, 139.42581176757812], [471.0672607421875, 139.82127380371094], [468.8401184082031, 138.6195526123047], [470.4056091308594, 139.93026733398438], [470.3457946777344, 139.2595672607422], [471.52862548828125, 139.48548889160156], [471.08050537109375, 138.49143981933594], [467.0072937011719, 138.4332275390625], [470.52337646484375, 138.4925537109375], [468.79498291015625, 139.13499450683594], [469.47900390625, 137.8243408203125], [469.5227966308594, 138.7181854248047], [469.1982421875, 138.30462646484375], [470.9460754394531, 138.63401794433594], [467.9196472167969, 137.5845184326172], [468.88763427734375, 138.70445251464844], [470.4959411621094, 136.9077606201172], [472.7542724609375, 136.96644592285156], [473.36029052734375, 136.4464874267578], [474.6148986816406, 135.3138885498047], [470.47039794921875, 135.74234008789062], [469.5571594238281, 136.5437469482422], [471.800537109375, 135.9209747314453], [472.2331848144531, 133.92918395996094], [474.4178466796875, 134.2331085205078], [473.1735534667969, 136.00466918945312], [475.4721984863281, 135.6954345703125], [475.1409606933594, 132.47915649414062], [472.2478332519531, 132.40052795410156], [478.13238525390625, 133.76475524902344], [472.9051513671875, 132.95860290527344], [473.6384582519531, 130.45147705078125], [473.15386962890625, 131.23934936523438], [475.4815673828125, 132.96018981933594], [475.9830627441406, 131.9456024169922], [473.16595458984375, 132.029052734375], [478.8098449707031, 131.5700225830078], [474.62091064453125, 129.63137817382812], [477.188720703125, 130.51296997070312], [475.0474853515625, 130.83045959472656], [475.83123779296875, 130.0385284423828], [472.52392578125, 130.7650909423828], [474.4166564941406, 131.39093017578125], [474.69195556640625, 131.07794189453125], [474.5985412597656, 130.21705627441406], [476.8157043457031, 130.32647705078125], [474.7210998535156, 131.15948486328125], [478.1936340332031, 128.69190979003906], [476.84637451171875, 130.08848571777344], [473.8616943359375, 129.47348022460938]]",0.87537,mc_dropout_ade_v1,"{""method"": ""mc_dropout_ade_v1"", ""validation_ade_px"": 13.288751, ""epistemic_std_px"": 0.766904, ""estimated_ade_px"": 13.310862, ""observation_coverage"": 1.0, ""confidence_scale_px"": 100.0, ""mc_samples"": 16}",gru,[]
examples/inputs/adl-01-cam0.mp4,adl-01-cam0,115,3.8333,person_1,True,"[465.49847412109375, 141.26449584960938]","{""type"": ""polygon"", ""coordinate_system"": ""original_video_pixels"", ""points"": [[422, 72], [515, 72], [515, 207], [422, 207]]}","[[462.88763427734375, 140.33148193359375], [460.8943786621094, 143.19778442382812], [460.2169189453125, 143.7950439453125], [458.4882507324219, 143.93772888183594], [457.3570556640625, 144.86817932128906], [457.5240478515625, 142.63975524902344], [461.08575439453125, 142.32994079589844], [461.96630859375, 143.00767517089844], [461.0092468261719, 143.5674285888672], [461.5413818359375, 142.85110473632812], [461.03009033203125, 144.89297485351562], [461.32440185546875, 142.06338500976562], [461.7990417480469, 143.16668701171875], [460.8660888671875, 144.5697021484375], [463.11920166015625, 143.76336669921875], [462.6021423339844, 143.4896697998047], [463.1553039550781, 140.9711151123047], [463.2904052734375, 143.54391479492188], [461.0230407714844, 142.8079071044922], [465.39361572265625, 142.6934814453125], [463.9022521972656, 143.5021209716797], [464.0788879394531, 142.1711883544922], [461.69091796875, 142.26577758789062], [463.5129699707031, 143.03028869628906], [465.9132080078125, 142.7169647216797], [464.80865478515625, 143.79742431640625], [466.3504638671875, 141.0017547607422], [464.83404541015625, 140.6502685546875], [465.7307434082031, 139.916015625], [463.7795715332031, 141.92495727539062], [467.1828918457031, 142.53887939453125], [468.15216064453125, 141.573974609375], [463.6497497558594, 141.9237518310547], [467.9989318847656, 140.34617614746094], [468.4034729003906, 138.75328063964844], [470.2913818359375, 141.76576232910156], [467.4976806640625, 142.95555114746094], [467.1656799316406, 142.83551025390625], [467.1011962890625, 140.6428680419922], [468.94940185546875, 141.30357360839844], [470.2889099121094, 140.4806365966797], [471.201171875, 140.93280029296875], [468.99188232421875, 139.7145233154297], [470.1279602050781, 140.9953155517578], [470.6504821777344, 140.19659423828125], [471.54254150390625, 140.357666015625], [471.3503112792969, 139.83863830566406], [466.99578857421875, 139.28018188476562], [470.6144714355469, 139.35250854492188], [468.8203430175781, 140.0122528076172], [469.3461608886719, 138.7115020751953], [469.0279541015625, 139.6084747314453], [469.0213317871094, 139.06234741210938], [470.96832275390625, 139.44692993164062], [467.7747497558594, 138.32997131347656], [468.52294921875, 139.39027404785156], [469.93768310546875, 137.6287384033203], [472.5179443359375, 137.8108367919922], [473.071044921875, 137.34219360351562], [474.2169494628906, 136.2305908203125], [469.9490051269531, 136.3507537841797], [469.25543212890625, 137.1620330810547], [471.11553955078125, 136.6199493408203], [471.8506164550781, 134.44508361816406], [473.8822326660156, 134.78323364257812], [472.5392150878906, 136.6217041015625], [475.2376708984375, 136.39694213867188], [474.8724670410156, 133.31024169921875], [472.107666015625, 133.20089721679688], [477.7629089355469, 134.5362548828125], [472.6208190917969, 133.50393676757812], [473.2361145019531, 130.99038696289062], [472.6892395019531, 132.15480041503906], [474.86334228515625, 133.49501037597656], [475.2798767089844, 132.66629028320312], [472.75408935546875, 132.90054321289062], [478.42169189453125, 132.38436889648438], [473.9922790527344, 130.2989044189453], [476.5057678222656, 131.00405883789062], [474.6838073730469, 131.51852416992188], [475.06463623046875, 130.56382751464844], [471.450927734375, 131.24441528320312], [473.5634765625, 131.96771240234375], [474.07464599609375, 131.52711486816406], [473.7359924316406, 131.04275512695312], [476.4037780761719, 130.90750122070312], [473.90093994140625, 131.82908630371094], [477.4187316894531, 129.0005645751953], [476.2705993652344, 130.68360900878906], [473.0307922363281, 129.97862243652344]]",0.875184,mc_dropout_ade_v1,"{""method"": ""mc_dropout_ade_v1"", ""validation_ade_px"": 13.288751, ""epistemic_std_px"": 1.074151, ""estimated_ade_px"": 13.332093, ""observation_coverage"": 1.0, ""confidence_scale_px"": 100.0, ""mc_samples"": 16}",gru,[]
examples/inputs/adl-01-cam0.mp4,adl-01-cam0,116,3.8667,person_1,True,"[465.1505126953125, 143.65750122070312]","{""type"": ""polygon"", ""coordinate_system"": ""original_video_pixels"", ""points"": [[423, 73], [514, 73], [514, 207], [423, 207]]}","[[462.7038879394531, 142.78919982910156], [461.8907470703125, 145.81094360351562], [461.8553771972656, 146.43780517578125], [459.8212585449219, 146.4407196044922], [459.00238037109375, 147.5449676513672], [459.50762939453125, 145.18003845214844], [462.3031005859375, 144.35723876953125], [463.845947265625, 145.12940979003906], [462.41522216796875, 145.8616485595703], [463.3674011230469, 144.7003173828125], [462.9004211425781, 147.266845703125], [463.16534423828125, 144.04734802246094], [463.36138916015625, 145.2981414794922], [462.4178466796875, 146.37281799316406], [464.70648193359375, 146.0045623779297], [464.2561340332031, 145.38037109375], [464.4385070800781, 142.7960662841797], [464.68572998046875, 145.30491638183594], [461.7294616699219, 144.52935791015625], [466.8426513671875, 144.5257110595703], [465.2560729980469, 145.02395629882812], [465.39703369140625, 143.8957977294922], [463.0948181152344, 144.05557250976562], [464.8719787597656, 145.03201293945312], [467.5648193359375, 144.5313262939453], [465.64605712890625, 145.31861877441406], [468.1374816894531, 142.30455017089844], [466.25396728515625, 142.1461181640625], [467.0567626953125, 141.3641357421875], [464.9767761230469, 143.94955444335938], [468.4364318847656, 143.9134521484375], [469.69671630859375, 142.95518493652344], [464.80462646484375, 143.54908752441406], [468.9726257324219, 141.474365234375], [469.7023620605469, 140.3269500732422], [471.2020263671875, 143.03573608398438], [468.8855285644531, 144.28536987304688], [468.4558410644531, 143.85035705566406], [468.4669189453125, 142.06130981445312], [470.0550842285156, 142.5580596923828], [471.73956298828125, 141.593994140625], [471.8223571777344, 142.11123657226562], [469.7579650878906, 140.8009033203125], [470.1324768066406, 142.4271697998047], [471.569091796875, 141.1985321044922], [472.0499267578125, 141.40736389160156], [472.0019836425781, 141.38717651367188], [467.71405029296875, 140.2618865966797], [471.3209228515625, 140.2390594482422], [469.4970397949219, 141.16636657714844], [469.88360595703125, 139.7402801513672], [468.8828430175781, 140.81735229492188], [469.3668518066406, 140.220947265625], [471.553955078125, 140.4086151123047], [468.07635498046875, 139.20176696777344], [468.74005126953125, 140.07101440429688], [469.8534240722656, 138.42494201660156], [473.1101989746094, 138.8220977783203], [473.191162109375, 138.378662109375], [474.2176208496094, 137.33782958984375], [469.8982849121094, 137.15472412109375], [469.5988464355469, 138.08865356445312], [470.5816955566406, 137.51873779296875], [471.74676513671875, 135.1647491455078], [474.1131896972656, 135.3460693359375], [472.3194885253906, 137.32290649414062], [475.4307861328125, 137.3364715576172], [474.7086486816406, 134.4434356689453], [472.14227294921875, 134.1990203857422], [477.7095031738281, 135.52279663085938], [472.707275390625, 134.2528533935547], [473.5841064453125, 131.65673828125], [472.6290283203125, 133.2731475830078], [474.616943359375, 133.9660186767578], [474.7804260253906, 133.4901885986328], [472.8675231933594, 133.98883056640625], [478.3103332519531, 133.3124237060547], [473.81268310546875, 131.09063720703125], [476.2790832519531, 131.50498962402344], [474.7442321777344, 132.32449340820312], [474.5619812011719, 131.1895751953125], [470.82672119140625, 131.8568878173828], [473.3448791503906, 132.597412109375], [474.02459716796875, 131.89605712890625], [473.2271423339844, 131.91709899902344], [476.2364807128906, 131.37591552734375], [473.4791564941406, 132.4989471435547], [477.00238037109375, 129.158935546875], [476.2686462402344, 131.17385864257812], [472.37249755859375, 130.40704345703125]]",0.875177,mc_dropout_ade_v1,"{""method"": ""mc_dropout_ade_v1"", ""validation_ade_px"": 13.288751, ""epistemic_std_px"": 1.08384, ""estimated_ade_px"": 13.332877, ""observation_coverage"": 1.0, ""confidence_scale_px"": 100.0, ""mc_samples"": 16}",gru,[]
examples/inputs/adl-01-cam0.mp4,adl-01-cam0,117,3.9,person_1,True,"[464.9205017089844, 145.55551147460938]","{""type"": ""polygon"", ""coordinate_system"": ""original_video_pixels"", ""points"": [[423, 75], [513, 75], [513, 206], [423, 206]]}","[[462.2193908691406, 144.65478515625], [462.50592041015625, 147.66934204101562], [462.8598937988281, 148.35928344726562], [460.626953125, 148.17820739746094], [460.08758544921875, 149.4965057373047], [461.115478515625, 147.00437927246094], [463.0834045410156, 145.89474487304688], [465.378662109375, 146.5943603515625], [463.553466796875, 147.5252227783203], [465.0858154296875, 146.10897827148438], [464.7476501464844, 148.96505737304688], [465.01422119140625, 145.49481201171875], [465.0884704589844, 146.8743896484375], [464.4371643066406, 147.56414794921875], [466.4512634277344, 147.70814514160156], [465.90948486328125, 146.67819213867188], [465.95880126953125, 144.03749084472656], [466.539306640625, 146.5013885498047], [462.8999328613281, 145.83447265625], [468.6331787109375, 145.69873046875], [467.1535949707031, 146.02249145507812], [467.1041259765625, 145.1555938720703], [465.1087341308594, 145.4065399169922], [466.73956298828125, 146.4672393798828], [469.5115661621094, 145.61167907714844], [466.88348388671875, 146.36044311523438], [470.2627258300781, 143.2103271484375], [468.2403259277344, 143.17034912109375], [468.80029296875, 142.3689727783203], [466.77099609375, 145.31076049804688], [469.9095153808594, 144.80010986328125], [471.5303955078125, 143.8047637939453], [466.614013671875, 144.64129638671875], [470.4819641113281, 142.29843139648438], [471.56005859375, 141.5977783203125], [472.4625244140625, 143.81381225585938], [470.68548583984375, 145.13592529296875], [470.2756042480469, 144.27259826660156], [470.26861572265625, 143.0881805419922], [471.6083068847656, 143.4872589111328], [473.4902038574219, 142.19561767578125], [472.8659973144531, 142.85208129882812], [470.9402160644531, 141.41815185546875], [470.79315185546875, 143.46383666992188], [472.9590759277344, 141.7758331298828], [473.2206726074219, 142.0775604248047], [473.2386169433594, 142.36529541015625], [469.2460632324219, 140.74778747558594], [472.7247009277344, 140.71392822265625], [470.6781311035156, 142.0593719482422], [471.1496276855469, 140.5078125], [469.49859619140625, 141.6881866455078], [470.30633544921875, 141.11398315429688], [472.58074951171875, 140.98629760742188], [469.0948486328125, 139.7347412109375], [469.70892333984375, 140.38189697265625], [470.6087646484375, 138.85821533203125], [474.4386291503906, 139.45501708984375], [473.9496154785156, 139.1315155029297], [474.7331237792969, 138.0582275390625], [470.6688537597656, 137.76560974121094], [470.6806640625, 138.75611877441406], [470.746826171875, 138.03817749023438], [472.089599609375, 135.80685424804688], [475.111083984375, 135.58702087402344], [472.9036865234375, 137.86500549316406], [475.9350891113281, 137.9351806640625], [475.0753479003906, 135.4098663330078], [472.6208801269531, 134.92332458496094], [478.2970275878906, 136.2844696044922], [473.3184814453125, 134.90585327148438], [474.6564636230469, 132.32281494140625], [473.189697265625, 134.1580810546875], [474.9925842285156, 134.2304229736328], [474.95928955078125, 134.17068481445312], [473.81878662109375, 134.77516174316406], [478.6884765625, 133.9916534423828], [474.4300231933594, 131.8182373046875], [476.666015625, 132.07333374023438], [475.3439636230469, 133.1302490234375], [474.72589111328125, 131.94967651367188], [470.955078125, 132.58033752441406], [474.0404052734375, 133.22384643554688], [474.5708312988281, 132.38705444335938], [473.50927734375, 132.73046875], [476.6376647949219, 131.90245056152344], [473.9784240722656, 133.08126831054688], [477.33978271484375, 129.4679412841797], [476.9017333984375, 131.68345642089844], [472.4029541015625, 130.96250915527344]]",0.875118,mc_dropout_ade_v1,"{""method"": ""mc_dropout_ade_v1"", ""validation_ade_px"": 13.288751, ""epistemic_std_px"": 1.163917, ""estimated_ade_px"": 13.339625, ""observation_coverage"": 1.0, ""confidence_scale_px"": 100.0, ""mc_samples"": 16}",gru,[]
examples/inputs/adl-01-cam0.mp4,adl-01-cam0,118,3.9333,person_1,True,"[464.7434997558594, 147.947509765625]","{""type"": ""polygon"", ""coordinate_system"": ""original_video_pixels"", ""points"": [[423, 76], [515, 76], [515, 206], [423, 206]]}","[[461.5005187988281, 146.98529052734375], [462.7718505859375, 150.0937957763672], [463.32684326171875, 150.72964477539062], [461.06329345703125, 150.3853759765625], [460.6663818359375, 151.97779846191406], [462.3127136230469, 149.3979949951172], [463.5895690917969, 148.00872802734375], [466.53814697265625, 148.6447296142578], [464.4271545410156, 149.76171875], [466.45245361328125, 148.08050537109375], [466.3003845214844, 151.2866973876953], [466.6715393066406, 147.45777893066406], [466.83966064453125, 149.03663635253906], [466.4236145019531, 149.329345703125], [468.2835693359375, 149.88526916503906], [467.41522216796875, 148.3764190673828], [467.4312438964844, 145.58045959472656], [468.4756774902344, 148.162109375], [464.1169128417969, 147.58250427246094], [470.4039611816406, 147.27052307128906], [469.12091064453125, 147.38092041015625], [468.7337951660156, 146.78250122070312], [467.0439147949219, 147.15701293945312], [468.60247802734375, 148.10549926757812], [471.3976135253906, 146.9317626953125], [468.1475830078125, 147.7445068359375], [472.3759460449219, 144.47622680664062], [470.2177429199219, 144.48501586914062], [470.5274963378906, 143.50094604492188], [468.6711730957031, 146.91629028320312], [471.2493896484375, 145.9729766845703], [473.2549743652344, 145.04249572753906], [468.4454650878906, 145.97146606445312], [471.9766540527344, 143.57403564453125], [473.5931701660156, 143.0593719482422], [473.7479553222656, 144.8924560546875], [472.4880676269531, 146.34039306640625], [472.0668029785156, 145.02598571777344], [472.0436706542969, 144.43060302734375], [473.1842041015625, 144.8523406982422], [475.2043151855469, 143.1242218017578], [473.78472900390625, 143.95590209960938], [472.0718078613281, 142.21006774902344], [471.4892272949219, 144.78231811523438], [474.3558044433594, 142.61337280273438], [474.36431884765625, 143.20396423339844], [474.3611145019531, 143.4574737548828], [470.6190185546875, 141.59921264648438], [473.9542236328125, 141.42547607421875], [471.7628479003906, 143.3753204345703], [472.48992919921875, 141.5748748779297], [470.29547119140625, 142.88365173339844], [471.2421569824219, 142.4618377685547], [473.53375244140625, 141.85487365722656], [469.9488220214844, 140.65481567382812], [470.6285400390625, 140.945556640625], [471.3968811035156, 139.544677734375], [475.79083251953125, 140.35890197753906], [474.5963439941406, 140.1307373046875], [475.25811767578125, 139.0145721435547], [471.447265625, 138.74244689941406], [471.80084228515625, 139.72274780273438], [470.9820861816406, 138.86268615722656], [472.4665222167969, 136.75555419921875], [476.36126708984375, 136.0992889404297], [473.7693176269531, 138.64825439453125], [476.48919677734375, 138.78375244140625], [475.3516540527344, 136.6377716064453], [472.97760009765625, 135.803466796875], [478.85479736328125, 137.25306701660156], [473.76617431640625, 135.79612731933594], [475.9132385253906, 133.26580810546875], [473.74383544921875, 135.13150024414062], [475.4388427734375, 134.7042694091797], [475.1078186035156, 135.12123107910156], [474.7010192871094, 135.6484375], [478.9997253417969, 134.82821655273438], [475.0815124511719, 132.72389221191406], [477.2051696777344, 132.87074279785156], [475.8127136230469, 134.11045837402344], [474.8097839355469, 132.91807556152344], [471.1872253417969, 133.49887084960938], [474.8062438964844, 134.12994384765625], [475.0097351074219, 133.07159423828125], [473.7574768066406, 133.69638061523438], [476.87493896484375, 132.54141235351562], [474.45660400390625, 133.7030029296875], [477.6676330566406, 130.01751708984375], [477.5261535644531, 132.345458984375], [472.3578186035156, 131.624755859375]]",0.874533,mc_dropout_ade_v1,"{""method"": ""mc_dropout_ade_v1"", ""validation_ade_px"": 13.288751, ""epistemic_std_px"": 1.772822, ""estimated_ade_px"": 13.406484, ""observation_coverage"": 1.0, ""confidence_scale_px"": 100.0, ""mc_samples"": 16}",gru,[]
examples/inputs/adl-01-cam0.mp4,adl-01-cam0,119,3.9667,person_1,True,"[463.6335144042969, 149.822998046875]","{""type"": ""polygon"", ""coordinate_system"": ""original_video_pixels"", ""points"": [[423, 78], [513, 78], [513, 206], [423, 206]]}","[[459.5682373046875, 148.83319091796875], [460.2685241699219, 151.86865234375], [460.4054870605469, 152.50682067871094], [457.771728515625, 152.26373291015625], [457.3778381347656, 153.8347625732422], [459.333251953125, 151.20510864257812], [460.294921875, 149.90911865234375], [463.8020324707031, 150.41456604003906], [461.64642333984375, 151.71572875976562], [463.79119873046875, 149.9553985595703], [463.76361083984375, 153.1479034423828], [464.3350524902344, 149.33041381835938], [464.5810546875, 150.94778442382812], [464.363525390625, 151.04417419433594], [466.2810974121094, 151.6189727783203], [465.326416015625, 149.98403930664062], [465.3261413574219, 147.13563537597656], [466.9214172363281, 149.95362854003906], [462.2096862792969, 149.35311889648438], [468.5127868652344, 148.74920654296875], [467.3824768066406, 148.8285675048828], [466.9214782714844, 148.3067626953125], [465.1810607910156, 148.80923461914062], [466.8066101074219, 149.6015625], [469.6529541015625, 148.2988739013672], [466.3185729980469, 149.22183227539062], [470.5862731933594, 146.02593994140625], [468.54571533203125, 145.76119995117188], [468.5127258300781, 145.0187225341797], [467.0052185058594, 148.3147735595703], [469.22442626953125, 147.41729736328125], [471.3605651855469, 146.52581787109375], [466.9886474609375, 147.38360595703125], [470.23345947265625, 145.1645050048828], [471.9679260253906, 144.7476348876953], [472.0426330566406, 146.30596923828125], [470.9505615234375, 147.72032165527344], [470.4636535644531, 146.28175354003906], [470.2457275390625, 146.09837341308594], [471.6299133300781, 146.3982696533203], [473.5699157714844, 144.4989471435547], [472.1169738769531, 145.3282470703125], [470.3332214355469, 143.6481170654297], [469.9076232910156, 146.13137817382812], [472.84619140625, 143.9884796142578], [473.0398864746094, 144.72430419921875], [472.939208984375, 144.8521728515625], [469.0782470703125, 142.96092224121094], [472.5827941894531, 142.77188110351562], [470.3316345214844, 144.8113555908203], [470.9135437011719, 143.05099487304688], [468.7403564453125, 144.33206176757812], [469.7942810058594, 143.98226928710938], [471.6812744140625, 143.22796630859375], [468.4356384277344, 142.03273010253906], [469.14825439453125, 142.27415466308594], [470.0971984863281, 140.67120361328125], [474.1890869140625, 141.64768981933594], [473.1714172363281, 141.397216796875], [473.625, 140.25189208984375], [470.0599670410156, 140.0382080078125], [470.2403869628906, 140.9832000732422], [469.32635498046875, 139.97232055664062], [470.78411865234375, 138.00648498535156], [475.005615234375, 137.19412231445312], [472.4610595703125, 139.91539001464844], [474.877685546875, 139.89108276367188], [473.899169921875, 137.85409545898438], [471.2374267578125, 136.84774780273438], [477.4684143066406, 138.2885284423828], [472.09234619140625, 136.7881317138672], [474.5199890136719, 134.2703399658203], [472.052978515625, 136.13140869140625], [473.9004821777344, 135.719970703125], [473.434814453125, 136.2760467529297], [473.181640625, 136.5951690673828], [477.3822021484375, 135.7378692626953], [473.4804992675781, 133.7521209716797], [475.6938171386719, 134.00653076171875], [474.1021423339844, 135.23715209960938], [472.86004638671875, 134.08566284179688], [469.4950866699219, 134.5914764404297], [473.3378601074219, 135.2371368408203], [473.44952392578125, 134.10888671875], [472.10302734375, 135.12403869628906], [475.11798095703125, 133.56137084960938], [472.7901916503906, 134.59901428222656], [476.2392883300781, 131.13131713867188], [475.908203125, 133.41285705566406], [470.3497619628906, 132.62518310546875]]",0.874784,mc_dropout_ade_v1,"{""method"": ""mc_dropout_ade_v1"", ""validation_ade_px"": 13.288751, ""epistemic_std_px"": 1.541676, ""estimated_ade_px"": 13.37788, ""observation_coverage"": 1.0, ""confidence_scale_px"": 100.0, ""mc_samples"": 16}",gru,[]
examples/inputs/adl-01-cam0.mp4,adl-01-cam0,120,4.0,person_1,True,"[462.3824768066406, 151.48651123046875]","{""type"": ""polygon"", ""coordinate_system"": ""original_video_pixels"", ""points"": [[420, 81], [511, 81], [511, 206], [420, 206]]}","[[457.72210693359375, 150.4005126953125], [457.96356201171875, 153.43919372558594], [457.8724365234375, 154.0458984375], [455.1948547363281, 153.96595764160156], [454.6922607421875, 155.4522705078125], [456.9060974121094, 152.80613708496094], [457.8732604980469, 151.62974548339844], [461.67279052734375, 152.02452087402344], [459.5527038574219, 153.4590606689453], [461.8020324707031, 151.61862182617188], [461.6450500488281, 154.78028869628906], [462.4219970703125, 150.97621154785156], [462.6424255371094, 152.56056213378906], [462.5651550292969, 152.5864715576172], [464.5460205078125, 153.15463256835938], [463.691650390625, 151.45004272460938], [463.612548828125, 148.6197509765625], [465.5389709472656, 151.57940673828125], [460.5719909667969, 150.90472412109375], [466.8373718261719, 150.12606811523438], [465.8372802734375, 150.2539825439453], [465.43243408203125, 149.73992919921875], [463.415771484375, 150.29153442382812], [465.13336181640625, 150.92889404296875], [468.1018371582031, 149.6636199951172], [464.8733825683594, 150.60665893554688], [468.9033508300781, 147.46920776367188], [467.035400390625, 146.98370361328125], [466.6500244140625, 146.40151977539062], [465.564453125, 149.5902557373047], [467.49041748046875, 148.7151641845703], [469.6382751464844, 147.89425659179688], [465.58477783203125, 148.71145629882812], [468.6092834472656, 146.53128051757812], [470.4111328125, 146.19468688964844], [470.5090026855469, 147.64137268066406], [469.42041015625, 149.0735321044922], [468.9256896972656, 147.47579956054688], [468.51715087890625, 147.5181427001953], [470.05267333984375, 147.77667236328125], [471.8209228515625, 145.82040405273438], [470.4831848144531, 146.6419219970703], [468.5263366699219, 145.00384521484375], [468.5164489746094, 147.29800415039062], [471.3245544433594, 145.31277465820312], [471.6536865234375, 146.06277465820312], [471.5252685546875, 146.0947723388672], [467.36083984375, 144.1487579345703], [471.06744384765625, 144.0066680908203], [468.67279052734375, 146.0392608642578], [469.2066345214844, 144.41644287109375], [467.1293029785156, 145.58175659179688], [468.17266845703125, 145.19674682617188], [469.77545166015625, 144.40866088867188], [466.5977783203125, 143.1870880126953], [467.38323974609375, 143.48431396484375], [468.41534423828125, 141.6960906982422], [472.3487854003906, 142.75938415527344], [471.46539306640625, 142.52749633789062], [471.7942199707031, 141.2926483154297], [468.3171691894531, 141.08375549316406], [468.3075256347656, 142.00624084472656], [467.596923828125, 140.88291931152344], [468.97821044921875, 139.0270538330078], [473.29901123046875, 138.18247985839844], [470.9134826660156, 140.95997619628906], [473.0517272949219, 140.80738830566406], [472.3158264160156, 138.79782104492188], [469.4742736816406, 137.6718292236328], [475.9384765625, 139.17588806152344], [470.2042236328125, 137.58245849609375], [472.7511291503906, 135.17628479003906], [470.2149353027344, 136.9482421875], [472.14166259765625, 136.67002868652344], [471.56500244140625, 137.25047302246094], [471.3961486816406, 137.3082275390625], [475.5681457519531, 136.56361389160156], [471.62542724609375, 134.65574645996094], [473.9568176269531, 134.98959350585938], [472.1861877441406, 136.2202606201172], [470.77056884765625, 135.03823852539062], [467.3617858886719, 135.5089874267578], [471.5152587890625, 136.21998596191406], [471.4548645019531, 135.03909301757812], [470.1199035644531, 136.31182861328125], [473.2697448730469, 134.5999755859375], [470.83892822265625, 135.43789672851562], [474.52423095703125, 132.1294403076172], [473.8644104003906, 134.41958618164062], [468.21795654296875, 133.54901123046875]]",0.874921,mc_dropout_ade_v1,"{""method"": ""mc_dropout_ade_v1"", ""validation_ade_px"": 13.288751, ""epistemic_std_px"": 1.398429, ""estimated_ade_px"": 13.36213, ""observation_coverage"": 1.0, ""confidence_scale_px"": 100.0, ""mc_samples"": 16}",gru,[]
examples/inputs/adl-01-cam0.mp4,adl-01-cam0,121,4.0333,person_1,True,"[460.68548583984375, 152.23199462890625]","{""type"": ""polygon"", ""coordinate_system"": ""original_video_pixels"", ""points"": [[418, 82], [508, 82], [508, 206], [418, 206]]}","[[455.6636047363281, 151.0361785888672], [455.1974792480469, 153.88861083984375], [454.89788818359375, 154.57708740234375], [452.2637634277344, 154.71047973632812], [451.4884948730469, 155.97769165039062], [453.8536376953125, 153.3350372314453], [455.0191955566406, 152.4258270263672], [458.9496154785156, 152.67279052734375], [456.8766784667969, 154.0801544189453], [459.2650451660156, 152.3313751220703], [458.9097595214844, 155.2622833251953], [459.83782958984375, 151.658203125], [459.7604064941406, 153.07119750976562], [459.9448547363281, 153.1396484375], [461.7502136230469, 153.71298217773438], [461.3949890136719, 152.11370849609375], [461.0906677246094, 149.53138732910156], [463.1774597167969, 152.41127014160156], [458.3678283691406, 151.5894012451172], [464.3373107910156, 150.82791137695312], [463.4078063964844, 151.07553100585938], [463.2383728027344, 150.58384704589844], [460.74725341796875, 151.0576629638672], [462.4894104003906, 151.763916015625], [465.73931884765625, 150.61648559570312], [462.7390441894531, 151.38800048828125], [466.1775817871094, 148.345703125], [464.7334899902344, 147.69639587402344], [463.91766357421875, 147.49334716796875], [463.23834228515625, 150.29432678222656], [465.20611572265625, 149.5528106689453], [467.1263732910156, 148.66165161132812], [463.35394287109375, 149.53347778320312], [466.208251953125, 147.2089385986328], [467.849365234375, 147.19664001464844], [468.3081359863281, 148.52207946777344], [466.88397216796875, 149.88414001464844], [466.6251525878906, 148.2861328125], [466.0655212402344, 148.4646759033203], [467.8284606933594, 148.53594970703125], [469.035888671875, 146.70590209960938], [468.43597412109375, 147.5148468017578], [466.1152648925781, 146.0963897705078], [466.59527587890625, 147.84085083007812], [469.03558349609375, 146.35691833496094], [469.5963439941406, 146.80996704101562], [469.7333679199219, 147.08726501464844], [465.0252685546875, 144.86480712890625], [468.9609680175781, 144.90567016601562], [466.3542175292969, 146.74317932128906], [466.6768493652344, 145.33535766601562], [464.9073791503906, 146.24716186523438], [465.9705505371094, 145.63430786132812], [467.2416687011719, 145.1680145263672], [464.2979736328125, 143.8468475341797], [464.9154052734375, 144.414306640625], [466.08306884765625, 142.3693084716797], [469.5627136230469, 143.46493530273438], [469.17303466796875, 143.29556274414062], [469.3931884765625, 141.93405151367188], [466.0306091308594, 141.5747528076172], [465.68341064453125, 142.5565948486328], [465.4313659667969, 141.29388427734375], [466.6754150390625, 139.61221313476562], [470.50933837890625, 138.95257568359375], [468.5747375488281, 141.67318725585938], [470.5083923339844, 141.3470916748047], [470.4139099121094, 139.280029296875], [467.4524230957031, 138.2322998046875], [473.8699035644531, 139.82000732421875], [467.91534423828125, 138.02899169921875], [470.0766296386719, 135.82952880859375], [467.8417663574219, 137.6249542236328], [469.6789245605469, 137.535400390625], [469.25421142578125, 137.95974731445312], [469.0524597167969, 137.8822021484375], [473.19000244140625, 137.25860595703125], [469.1026611328125, 135.36509704589844], [471.3559875488281, 135.81927490234375], [469.831298828125, 137.0209197998047], [468.1632080078125, 135.8272705078125], [464.4305114746094, 136.27413940429688], [468.7727355957031, 136.99734497070312], [468.7929382324219, 135.8767852783203], [467.6481018066406, 137.3965301513672], [471.0528259277344, 135.738525390625], [468.31365966796875, 136.33065795898438], [472.1103210449219, 133.1609344482422], [471.1003723144531, 135.4093475341797], [465.7648010253906, 134.54879760742188]]",0.874943,mc_dropout_ade_v1,"{""method"": ""mc_dropout_ade_v1"", ""validation_ade_px"": 13.288751, ""epistemic_std_px"": 1.374897, ""estimated_ade_px"": 13.359687, ""observation_coverage"": 1.0, ""confidence_scale_px"": 100.0, ""mc_samples"": 16}",gru,[]
examples/inputs/adl-01-cam0.mp4,adl-01-cam0,122,4.0667,person_1,True,"[459.844482421875, 152.97300720214844]","{""type"": ""polygon"", ""coordinate_system"": ""original_video_pixels"", ""points"": [[419, 83], [508, 83], [508, 206], [419, 206]]}","[[455.23687744140625, 151.75857543945312], [455.2856750488281, 154.47776794433594], [455.88568115234375, 155.1143035888672], [453.6005554199219, 155.37071228027344], [452.78839111328125, 156.39834594726562], [455.6376037597656, 153.8577423095703], [456.52716064453125, 152.852783203125], [460.6124267578125, 153.0399169921875], [458.5799865722656, 154.59291076660156], [461.0325012207031, 152.7208251953125], [460.3358459472656, 155.56277465820312], [461.428466796875, 151.9650115966797], [460.7955322265625, 153.18167114257812], [460.9908447265625, 153.5008087158203], [462.886474609375, 154.17672729492188], [462.99639892578125, 152.3867950439453], [462.1821594238281, 150.1411895751953], [464.3258361816406, 152.83370971679688], [459.3078918457031, 152.1316375732422], [465.30206298828125, 151.12864685058594], [464.5935974121094, 151.3513946533203], [464.47686767578125, 151.06324768066406], [461.733642578125, 151.5543212890625], [463.46612548828125, 152.21759033203125], [466.78533935546875, 151.28955078125], [463.84515380859375, 151.77223205566406], [467.1539001464844, 148.91441345214844], [465.7573547363281, 148.25404357910156], [464.63580322265625, 148.0736083984375], [464.3224182128906, 150.69552612304688], [466.0003662109375, 149.70108032226562], [468.01336669921875, 149.08062744140625], [464.5298767089844, 150.1109161376953], [466.9476623535156, 147.26885986328125], [468.4002685546875, 147.88565063476562], [468.8183288574219, 148.98666381835938], [467.3448486328125, 150.302001953125], [467.44390869140625, 148.221923828125], [466.64654541015625, 148.8333282470703], [468.3027648925781, 148.86300659179688], [469.4324035644531, 146.99781799316406], [468.6910095214844, 147.87374877929688], [466.2557373046875, 146.56381225585938], [466.79339599609375, 148.0570526123047], [469.3796691894531, 146.5621337890625], [469.85943603515625, 146.92478942871094], [470.0556335449219, 147.48617553710938], [465.195556640625, 144.83663940429688], [469.2132263183594, 145.01243591308594], [466.38995361328125, 146.9307861328125], [466.7037048339844, 145.889404296875], [464.871337890625, 146.353759765625], [465.8299560546875, 145.66729736328125], [467.1109619140625, 145.17979431152344], [463.9261169433594, 143.97171020507812], [464.8389892578125, 144.530517578125], [465.460693359375, 142.55311584472656], [469.1880798339844, 143.49330139160156], [468.8150634765625, 143.6505889892578], [468.6442565917969, 142.30239868164062], [465.30419921875, 141.62185668945312], [465.25128173828125, 142.4711456298828], [464.9754333496094, 141.36492919921875], [466.0897216796875, 139.92848205566406], [469.68536376953125, 139.1251678466797], [468.05706787109375, 141.965576171875], [469.5571594238281, 141.41500854492188], [469.7840270996094, 139.66207885742188], [467.2845458984375, 138.54605102539062], [473.2488708496094, 140.18089294433594], [467.4556579589844, 138.36282348632812], [469.3486633300781, 136.44088745117188], [467.090087890625, 138.12132263183594], [468.9588928222656, 137.8705291748047], [468.4085693359375, 138.37994384765625], [468.5770568847656, 138.18389892578125], [472.5929260253906, 137.85218811035156], [468.5251770019531, 136.08030700683594], [470.19537353515625, 136.4758758544922], [469.1002502441406, 137.7271270751953], [467.38751220703125, 136.36582946777344], [463.126953125, 136.85147094726562], [468.0427551269531, 137.63821411132812], [467.721923828125, 136.61363220214844], [466.6168518066406, 138.05615234375], [470.52630615234375, 136.74862670898438], [467.5416259765625, 136.95115661621094], [471.1842956542969, 133.7450408935547], [470.1329650878906, 136.23831176757812], [465.09429931640625, 135.37374877929688]]",0.874869,mc_dropout_ade_v1,"{""method"": ""mc_dropout_ade_v1"", ""validation_ade_px"": 13.288751, ""epistemic_std_px"": 1.454449, ""estimated_ade_px"": 13.368109, ""observation_coverage"": 1.0, ""confidence_scale_px"": 100.0, ""mc_samples"": 16}",gru,[]
examples/inputs/adl-01-cam0.mp4,adl-01-cam0,123,4.1,person_1,True,"[459.1314697265625, 154.0784912109375]","{""type"": ""polygon"", ""coordinate_system"": ""original_video_pixels"", ""points"": [[421, 85], [506, 85], [506, 206], [421, 206]]}","[[454.8276672363281, 152.99404907226562], [455.5577392578125, 155.56239318847656], [457.0694885253906, 156.13548278808594], [454.92950439453125, 156.38848876953125], [454.2102966308594, 157.261962890625], [457.57525634765625, 154.8321990966797], [457.8721618652344, 153.5665740966797], [462.3101806640625, 153.67539978027344], [460.3375244140625, 155.50784301757812], [462.8578186035156, 153.4269256591797], [462.0485534667969, 156.2860565185547], [463.2333679199219, 152.6114501953125], [462.1622619628906, 153.71461486816406], [462.1967468261719, 154.20211791992188], [464.3528137207031, 154.98707580566406], [464.67987060546875, 152.9337921142578], [463.321533203125, 150.97921752929688], [465.6636657714844, 153.56356811523438], [460.3448181152344, 153.01345825195312], [466.5290222167969, 151.70730590820312], [465.97686767578125, 151.75830078125], [465.74188232421875, 151.76939392089844], [463.0159606933594, 152.363525390625], [464.76849365234375, 153.00172424316406], [468.0318908691406, 152.1833038330078], [464.9279479980469, 152.39881896972656], [468.49822998046875, 149.73545837402344], [467.0257263183594, 149.13955688476562], [465.6802673339844, 148.90499877929688], [465.4727478027344, 151.45726013183594], [466.82977294921875, 150.08241271972656], [469.0726623535156, 149.8185577392578], [466.0256042480469, 150.97357177734375], [467.8524169921875, 147.64669799804688], [469.1327819824219, 148.9547576904297], [469.3481750488281, 149.72918701171875], [467.98101806640625, 150.8860626220703], [468.3931579589844, 148.33599853515625], [467.40325927734375, 149.53985595703125], [469.02239990234375, 149.5016632080078], [470.2549133300781, 147.49815368652344], [468.9881286621094, 148.48147583007812], [466.6309814453125, 147.237548828125], [466.7749328613281, 148.68101501464844], [469.9009094238281, 146.91073608398438], [470.19293212890625, 147.36097717285156], [470.2837829589844, 148.16586303710938], [465.58685302734375, 145.14495849609375], [469.57843017578125, 145.3849639892578], [466.7979431152344, 147.5234375], [467.0244445800781, 146.78787231445312], [464.9173278808594, 146.80133056640625], [465.8371887207031, 146.23245239257812], [467.1403503417969, 145.5225830078125], [463.7690124511719, 144.52410888671875], [465.0973815917969, 144.9132080078125], [465.1167907714844, 143.078369140625], [469.0562744140625, 143.85107421875], [468.63201904296875, 144.35606384277344], [467.9679260253906, 143.1851806640625], [464.7857666015625, 142.12222290039062], [465.2752685546875, 142.80099487304688], [464.5036315917969, 141.962158203125], [465.59930419921875, 140.7002716064453], [469.2413024902344, 139.6342315673828], [467.6527099609375, 142.7237548828125], [468.767822265625, 141.97998046875], [469.0467529296875, 140.64138793945312], [467.12255859375, 139.42108154296875], [472.5303649902344, 141.0372772216797], [467.1849670410156, 139.24037170410156], [468.9930419921875, 137.4761962890625], [466.421142578125, 139.16778564453125], [468.36480712890625, 138.51101684570312], [467.6015319824219, 139.2680206298828], [468.30584716796875, 139.1144561767578], [472.12530517578125, 138.94390869140625], [468.1356201171875, 137.30349731445312], [469.0943908691406, 137.5951385498047], [468.4400939941406, 138.9070587158203], [466.7081604003906, 137.39849853515625], [462.2064514160156, 137.86863708496094], [467.59375, 138.74485778808594], [466.9847412109375, 137.73593139648438], [465.76434326171875, 139.15814208984375], [470.0338439941406, 138.00003051757812], [466.95123291015625, 137.93182373046875], [470.3797912597656, 134.68515014648438], [469.66937255859375, 137.43321228027344], [464.5696716308594, 136.56350708007812]]",0.875085,mc_dropout_ade_v1,"{""method"": ""mc_dropout_ade_v1"", ""validation_ade_px"": 13.288751, ""epistemic_std_px"": 1.206129, ""estimated_ade_px"": 13.343375, ""observation_coverage"": 1.0, ""confidence_scale_px"": 100.0, ""mc_samples"": 16}",gru,[]
examples/inputs/adl-01-cam0.mp4,adl-01-cam0,124,4.1333,person_1,True,"[459.281982421875, 155.43251037597656]","{""type"": ""polygon"", ""coordinate_system"": ""original_video_pixels"", ""points"": [[423, 87], [506, 87], [506, 207], [423, 207]]}","[[455.1561279296875, 154.42845153808594], [457.1000061035156, 156.9073028564453], [459.6488037109375, 157.35069274902344], [457.7724304199219, 157.44192504882812], [457.2250061035156, 158.32472229003906], [461.17144775390625, 156.0503387451172], [460.7073669433594, 154.37232971191406], [465.5140686035156, 154.4242401123047], [463.742431640625, 156.64779663085938], [466.3398742675781, 154.32891845703125], [465.54229736328125, 157.21548461914062], [466.73284912109375, 153.3905487060547], [465.5357360839844, 154.4632568359375], [465.35333251953125, 155.00738525390625], [467.79486083984375, 155.94908142089844], [467.8580322265625, 153.51548767089844], [466.1981506347656, 151.7578887939453], [468.81640625, 154.32254028320312], [463.0758056640625, 154.00482177734375], [469.6349792480469, 152.23452758789062], [469.3331298828125, 152.15232849121094], [468.77569580078125, 152.5384979248047], [466.26922607421875, 153.24374389648438], [468.02996826171875, 153.7429962158203], [471.0849304199219, 152.88848876953125], [467.73333740234375, 152.99595642089844], [471.84014892578125, 150.49923706054688], [470.21746826171875, 150.100341796875], [468.7010803222656, 149.48191833496094], [468.5455322265625, 152.1660919189453], [469.2795715332031, 150.29188537597656], [471.87957763671875, 150.47286987304688], [469.41497802734375, 151.78341674804688], [470.5469665527344, 148.0845947265625], [471.83154296875, 149.96800231933594], [471.4565124511719, 150.32493591308594], [470.32086181640625, 151.3429412841797], [471.1023864746094, 148.20005798339844], [469.915771484375, 150.124267578125], [471.44940185546875, 150.16888427734375], [472.840087890625, 147.77635192871094], [470.7122497558594, 149.0013885498047], [468.6918640136719, 147.61473083496094], [468.3343200683594, 149.36146545410156], [472.1119079589844, 147.0035858154297], [472.1849365234375, 147.72119140625], [471.91668701171875, 148.51681518554688], [467.71905517578125, 145.24371337890625], [471.51470947265625, 145.55868530273438], [468.8152160644531, 148.17364501953125], [469.274658203125, 147.59283447265625], [466.6484375, 147.12460327148438], [467.3225402832031, 146.90423583984375], [468.8035583496094, 145.650634765625], [465.14031982421875, 144.96127319335938], [467.0336608886719, 144.9809112548828], [466.4319152832031, 143.45106506347656], [470.82147216796875, 144.03318786621094], [469.8896179199219, 144.98907470703125], [468.69580078125, 143.96034240722656], [465.80609130859375, 142.6249237060547], [467.1001281738281, 143.02052307128906], [465.5147399902344, 142.5096435546875], [466.5743713378906, 141.4755859375], [470.7847900390625, 139.88800048828125], [468.87628173828125, 143.37362670898438], [469.4661865234375, 142.4017791748047], [469.56060791015625, 141.68679809570312], [468.30511474609375, 140.20057678222656], [473.2670593261719, 141.80609130859375], [468.2917175292969, 140.1807403564453], [470.45672607421875, 138.58038330078125], [467.33489990234375, 140.15943908691406], [469.2228698730469, 138.95443725585938], [468.1463623046875, 140.130859375], [469.7848815917969, 139.96670532226562], [473.06402587890625, 140.00027465820312], [469.40032958984375, 138.54824829101562], [469.561279296875, 138.72463989257812], [469.13238525390625, 140.10084533691406], [467.5611877441406, 138.5249786376953], [462.9555969238281, 138.9381561279297], [468.9938659667969, 139.8636932373047], [467.6474304199219, 138.89015197753906], [466.3250732421875, 140.10693359375], [470.84100341796875, 139.06051635742188], [468.05560302734375, 138.77239990234375], [471.02630615234375, 135.5116424560547], [470.8338623046875, 138.52914428710938], [465.44085693359375, 137.66497802734375]]",0.875003,mc_dropout_ade_v1,"{""method"": ""mc_dropout_ade_v1"", ""validation_ade_px"": 13.288751, ""epistemic_std_px"": 1.305762, ""estimated_ade_px"": 13.352749, ""observation_coverage"": 1.0, ""confidence_scale_px"": 100.0, ""mc_samples"": 16}",gru,[]
examples/inputs/adl-01-cam0.mp4,adl-01-cam0,125,4.1667,person_1,True,"[459.5074768066406, 156.83450317382812]","{""type"": ""polygon"", ""coordinate_system"": ""original_video_pixels"", ""points"": [[423, 88], [507, 88], [507, 207], [423, 207]]}","[[455.12335205078125, 155.79554748535156], [457.70361328125, 158.237060546875], [460.5823669433594, 158.58035278320312], [458.8247375488281, 158.49977111816406], [458.44232177734375, 159.4880828857422], [462.801513671875, 157.29164123535156], [461.7344055175781, 155.3825225830078], [466.8199462890625, 155.3994598388672], [465.2821044921875, 157.9014892578125], [468.0420227050781, 155.4298553466797], [467.3485412597656, 158.30795288085938], [468.5785827636719, 154.44908142089844], [467.5658874511719, 155.51129150390625], [467.3148498535156, 156.0034637451172], [469.8833923339844, 157.03419494628906], [469.5013732910156, 154.3509063720703], [467.8746643066406, 152.6290740966797], [470.8077392578125, 155.2583465576172], [464.7574768066406, 155.1239471435547], [471.5921936035156, 152.95384216308594], [471.5438232421875, 152.87368774414062], [470.71148681640625, 153.51193237304688], [468.4039611816406, 154.3026123046875], [470.1652526855469, 154.6148681640625], [473.0264892578125, 153.62142944335938], [469.48089599609375, 153.78875732421875], [474.0494384765625, 151.3763427734375], [472.3670349121094, 151.15087890625], [470.7412414550781, 150.2145233154297], [470.6097106933594, 152.97885131835938], [470.8111877441406, 150.84710693359375], [473.707275390625, 151.2847137451172], [471.7248229980469, 152.68914794921875], [472.2515869140625, 148.92855834960938], [473.8127136230469, 151.0747833251953], [472.90576171875, 151.0631561279297], [471.98565673828125, 152.03140258789062], [472.9161682128906, 148.50209045410156], [471.6573181152344, 150.982177734375], [473.1949768066406, 151.0870361328125], [474.6300964355469, 148.34091186523438], [471.9681091308594, 149.81126403808594], [470.2129821777344, 148.20716857910156], [469.591064453125, 150.25271606445312], [473.8040466308594, 147.44125366210938], [473.7787170410156, 148.41390991210938], [473.2139892578125, 149.02334594726562], [469.4353332519531, 145.73817443847656], [473.09979248046875, 146.13592529296875], [470.3498229980469, 149.09915161132812], [471.1490478515625, 148.4921417236328], [468.1277770996094, 147.79730224609375], [468.5435791015625, 147.91781616210938], [470.20440673828125, 146.158447265625], [466.4415588378906, 145.68739318847656], [468.64532470703125, 145.3979034423828], [467.83160400390625, 144.07760620117188], [472.46759033203125, 144.6114044189453], [471.08929443359375, 145.86248779296875], [469.50830078125, 144.87655639648438], [466.993896484375, 143.49998474121094], [468.8193664550781, 143.6748504638672], [466.56634521484375, 143.2954864501953], [467.57855224609375, 142.48751831054688], [472.4052734375, 140.37850952148438], [470.2284240722656, 144.2700958251953], [470.2988586425781, 143.1165771484375], [470.31439208984375, 142.89817810058594], [469.3594970703125, 141.08750915527344], [474.2012023925781, 142.72174072265625], [469.304443359375, 141.30599975585938], [471.9684753417969, 139.75405883789062], [468.38470458984375, 141.19468688964844], [470.23016357421875, 139.60760498046875], [468.9156799316406, 141.15585327148438], [471.2908020019531, 140.94285583496094], [474.00091552734375, 141.07962036132812], [470.695556640625, 139.80056762695312], [470.3705749511719, 139.9324493408203], [469.9098205566406, 141.3362274169922], [468.60430908203125, 139.81365966796875], [463.9991455078125, 140.1402130126953], [470.4854431152344, 141.08401489257812], [468.5364685058594, 140.12559509277344], [467.1951599121094, 141.20553588867188], [471.65313720703125, 140.0460968017578], [469.3147277832031, 139.71640014648438], [471.8711242675781, 136.56842041015625], [472.0212707519531, 139.693603515625], [466.3460693359375, 138.85084533691406]]",0.875057,mc_dropout_ade_v1,"{""method"": ""mc_dropout_ade_v1"", ""validation_ade_px"": 13.288751, ""epistemic_std_px"": 1.241978, ""estimated_ade_px"": 13.346663, ""observation_coverage"": 1.0, ""confidence_scale_px"": 100.0, ""mc_samples"": 16}",gru,[]
examples/inputs/adl-01-cam0.mp4,adl-01-cam0,126,4.2,person_1,True,"[459.44952392578125, 157.45001220703125]","{""type"": ""polygon"", ""coordinate_system"": ""original_video_pixels"", ""points"": [[424, 90], [506, 90], [506, 207], [424, 207]]}","[[454.62689208984375, 156.2360382080078], [456.921630859375, 158.5834197998047], [459.6129150390625, 158.98072814941406], [457.7282409667969, 158.8496856689453], [457.49749755859375, 159.7794647216797], [462.1327819824219, 157.6099395751953], [460.6475830078125, 155.83673095703125], [466.0516357421875, 155.7464141845703], [464.6693115234375, 158.45285034179688], [467.7477111816406, 155.93563842773438], [466.9973449707031, 158.60877990722656], [468.3347473144531, 155.02621459960938], [467.43048095703125, 155.92034912109375], [467.4779968261719, 156.40133666992188], [469.9680480957031, 157.52745056152344], [469.3825378417969, 154.72288513183594], [467.976318359375, 153.05477905273438], [471.13134765625, 155.68992614746094], [464.86212158203125, 155.786865234375], [471.8520812988281, 153.11083984375], [472.03839111328125, 153.3728790283203], [471.2167663574219, 154.08541870117188], [468.92193603515625, 154.87109375], [470.60516357421875, 155.04457092285156], [473.39093017578125, 153.9242706298828], [469.8140869140625, 154.16737365722656], [474.45538330078125, 151.82894897460938], [472.85784912109375, 151.66299438476562], [471.0140686035156, 150.77822875976562], [471.1460266113281, 153.25875854492188], [470.99566650390625, 151.13235473632812], [474.07855224609375, 151.65505981445312], [472.36419677734375, 153.17445373535156], [472.5074157714844, 149.3749237060547], [474.3013916015625, 151.8877716064453], [473.13427734375, 151.47544860839844], [472.4806213378906, 152.40826416015625], [473.4199523925781, 148.62596130371094], [471.98333740234375, 151.5387420654297], [473.6004333496094, 151.5239715576172], [475.0595703125, 148.65478515625], [472.4072265625, 150.19898986816406], [470.55767822265625, 148.6634521484375], [470.2398681640625, 150.66481018066406], [474.4051818847656, 147.7152099609375], [474.6116027832031, 148.69786071777344], [473.9222717285156, 149.26551818847656], [470.31329345703125, 145.91009521484375], [474.0853271484375, 146.55801391601562], [470.75982666015625, 149.4698944091797], [471.9061279296875, 149.00711059570312], [468.7253723144531, 148.14419555664062], [469.085205078125, 148.36090087890625], [470.74078369140625, 146.4711456298828], [467.1426086425781, 146.0153350830078], [469.360595703125, 145.67613220214844], [468.75860595703125, 144.38656616210938], [473.34027099609375, 144.9295654296875], [471.8130187988281, 146.30776977539062], [469.7994079589844, 145.26759338378906], [467.729736328125, 143.9503173828125], [469.4557800292969, 144.03607177734375], [467.07586669921875, 143.56399536132812], [467.9290466308594, 143.10269165039062], [473.06805419921875, 140.50379943847656], [470.9416809082031, 144.8038330078125], [470.6089172363281, 143.42384338378906], [470.97119140625, 143.47528076171875], [469.8348083496094, 141.39761352539062], [474.9480895996094, 143.02333068847656], [469.77423095703125, 141.8944091796875], [472.51031494140625, 140.34950256347656], [468.92645263671875, 141.6618194580078], [470.875244140625, 139.9044952392578], [469.43597412109375, 141.628173828125], [472.18701171875, 141.3232421875], [474.5703430175781, 141.46209716796875], [471.406494140625, 140.4070587158203], [470.77215576171875, 140.56008911132812], [470.3005065917969, 142.03823852539062], [469.3748779296875, 140.5403594970703], [464.4905090332031, 140.88450622558594], [471.384765625, 141.76316833496094], [469.0546569824219, 140.89370727539062], [467.8037109375, 141.92776489257812], [472.0650939941406, 140.6210479736328], [470.0865783691406, 140.27183532714844], [472.38092041015625, 137.2854461669922], [472.3740234375, 140.48672485351562], [466.8085632324219, 139.68504333496094]]",0.875245,mc_dropout_ade_v1,"{""method"": ""mc_dropout_ade_v1"", ""validation_ade_px"": 13.288751, ""epistemic_std_px"": 0.984888, ""estimated_ade_px"": 13.325198, ""observation_coverage"": 1.0, ""confidence_scale_px"": 100.0, ""mc_samples"": 16}",gru,[]
examples/inputs/adl-01-cam0.mp4,adl-01-cam0,127,4.2333,person_1,True,"[459.05401611328125, 158.31399536132812]","{""type"": ""polygon"", ""coordinate_system"": ""original_video_pixels"", ""points"": [[423, 92], [506, 92], [506, 207], [423, 207]]}","[[453.7066345214844, 156.9072265625], [455.67254638671875, 159.32284545898438], [458.05889892578125, 159.6860809326172], [456.1682434082031, 159.5882110595703], [456.0395202636719, 160.50399780273438], [460.9066467285156, 158.31700134277344], [459.2929992675781, 156.6591339111328], [464.86126708984375, 156.5171661376953], [463.6131591796875, 159.37423706054688], [466.9483642578125, 156.7468719482422], [466.01812744140625, 159.38265991210938], [467.51422119140625, 155.93832397460938], [466.74066162109375, 156.71957397460938], [466.99237060546875, 157.1873779296875], [469.4931335449219, 158.34140014648438], [468.8629455566406, 155.4417724609375], [467.564453125, 153.7329864501953], [470.90093994140625, 156.4389190673828], [464.34649658203125, 156.6502227783203], [471.41729736328125, 153.67637634277344], [471.8157653808594, 154.1986083984375], [471.08514404296875, 154.8567657470703], [468.6434020996094, 155.6494903564453], [470.3281555175781, 155.6216278076172], [473.0763854980469, 154.50457763671875], [469.5968322753906, 154.80247497558594], [474.1765441894531, 152.52297973632812], [472.5965270996094, 152.32821655273438], [470.6236572265625, 151.46026611328125], [471.07305908203125, 153.8181610107422], [470.58502197265625, 151.70681762695312], [473.8176574707031, 152.3343963623047], [472.23248291015625, 153.85353088378906], [472.0689697265625, 150.12696838378906], [474.1656799316406, 152.69459533691406], [472.8033447265625, 152.12326049804688], [472.43951416015625, 153.1510467529297], [473.19439697265625, 149.12648010253906], [471.6192626953125, 152.21920776367188], [473.2416076660156, 152.23985290527344], [474.7762451171875, 149.32911682128906], [472.058837890625, 150.9011688232422], [470.1231384277344, 149.30496215820312], [470.2561340332031, 151.30714416503906], [474.3182067871094, 148.2866668701172], [474.6085205078125, 149.32940673828125], [473.82952880859375, 149.72039794921875], [470.20880126953125, 146.44537353515625], [474.06805419921875, 147.221435546875], [470.322265625, 150.05348205566406], [471.7966613769531, 149.70538330078125], [468.5257873535156, 148.8086700439453], [468.81365966796875, 149.07608032226562], [470.4895324707031, 147.03054809570312], [466.87615966796875, 146.54244995117188], [469.14202880859375, 146.1907196044922], [468.6504211425781, 144.92056274414062], [473.31939697265625, 145.53302001953125], [471.6647644042969, 146.91770935058594], [469.4237365722656, 145.84312438964844], [467.59564208984375, 144.6373748779297], [469.1585693359375, 144.63824462890625], [466.92138671875, 144.05308532714844], [467.5851135253906, 143.7701416015625], [472.98284912109375, 140.8945770263672], [470.9247741699219, 145.40933227539062], [470.34857177734375, 143.94578552246094], [470.8711853027344, 144.08790588378906], [469.5409240722656, 141.81956481933594], [474.9595947265625, 143.47756958007812], [469.4372863769531, 142.49667358398438], [472.2983093261719, 141.012939453125], [468.7498474121094, 142.08657836914062], [470.82037353515625, 140.3595428466797], [469.1553955078125, 142.20945739746094], [472.1125793457031, 141.71546936035156], [474.3580322265625, 141.88951110839844], [471.2831726074219, 141.03387451171875], [470.6723327636719, 141.1645965576172], [470.0095520019531, 142.73092651367188], [469.2880554199219, 141.17507934570312], [464.18896484375, 141.55682373046875], [471.4256896972656, 142.44276428222656], [468.7857360839844, 141.55943298339844], [467.63421630859375, 142.62965393066406], [471.8116149902344, 141.18222045898438], [469.9830017089844, 140.81887817382812], [472.23858642578125, 137.95523071289062], [471.9085998535156, 141.2542724609375], [466.49468994140625, 140.41452026367188]]",0.875306,mc_dropout_ade_v1,"{""method"": ""mc_dropout_ade_v1"", ""validation_ade_px"": 13.288751, ""epistemic_std_px"": 0.885635, ""estimated_ade_px"": 13.31823, ""observation_coverage"": 1.0, ""confidence_scale_px"": 100.0, ""mc_samples"": 16}",gru,[]
examples/inputs/adl-01-cam0.mp4,adl-01-cam0,128,4.2667,person_1,True,"[458.1910095214844, 158.94650268554688]","{""type"": ""polygon"", ""coordinate_system"": ""original_video_pixels"", ""points"": [[423, 93], [506, 93], [506, 207], [423, 207]]}","[[452.48175048828125, 157.37295532226562], [454.157470703125, 159.8636932373047], [456.33270263671875, 160.17527770996094], [454.636474609375, 160.23043823242188], [454.43206787109375, 161.1039276123047], [459.5493469238281, 158.9645538330078], [457.94964599609375, 157.40151977539062], [463.61236572265625, 157.21829223632812], [462.395751953125, 160.09854125976562], [465.8892517089844, 157.38739013671875], [464.76812744140625, 160.1096954345703], [466.50946044921875, 156.6241912841797], [465.6826171875, 157.2987060546875], [466.1553955078125, 157.81785583496094], [468.54608154296875, 158.9656982421875], [468.22576904296875, 156.04638671875], [466.6912536621094, 154.3531951904297], [470.2517395019531, 157.0599822998047], [463.44537353515625, 157.3040008544922], [470.4110107421875, 154.3607177734375], [471.06561279296875, 154.99176025390625], [470.3556213378906, 155.5614471435547], [467.67034912109375, 156.39817810058594], [469.4392395019531, 156.21832275390625], [472.2590026855469, 155.16184997558594], [468.95013427734375, 155.3921661376953], [473.2940979003906, 153.26467895507812], [471.7621765136719, 152.84814453125], [469.6517333984375, 152.02090454101562], [470.5087890625, 154.4683837890625], [469.7687683105469, 152.33709716796875], [473.0628662109375, 152.9889678955078], [471.5219421386719, 154.5565948486328], [471.2750549316406, 150.92404174804688], [473.53289794921875, 153.33135986328125], [472.0687255859375, 152.75225830078125], [471.88946533203125, 153.9879913330078], [472.60308837890625, 149.72576904296875], [470.9799499511719, 152.9833984375], [472.53955078125, 152.99844360351562], [473.9607238769531, 150.07449340820312], [471.44500732421875, 151.6751251220703], [469.30255126953125, 150.06637573242188], [469.70684814453125, 151.94471740722656], [473.7230224609375, 149.0224609375], [473.98291015625, 150.1007537841797], [473.30181884765625, 150.44052124023438], [469.3642578125, 147.22413635253906], [473.4053955078125, 147.8375244140625], [469.4475402832031, 150.7730255126953], [470.9664306640625, 150.43637084960938], [468.00445556640625, 149.5863037109375], [468.1740417480469, 149.74826049804688], [469.7758483886719, 147.74740600585938], [466.0895080566406, 147.14944458007812], [468.4373474121094, 146.8411102294922], [467.89617919921875, 145.52508544921875], [472.722900390625, 146.21987915039062], [471.0318603515625, 147.6272430419922], [468.8559875488281, 146.54905700683594], [466.97283935546875, 145.3103485107422], [468.404541015625, 145.332275390625], [466.4930725097656, 144.5906982421875], [467.0364990234375, 144.40219116210938], [472.2845153808594, 141.5504608154297], [470.48126220703125, 146.02651977539062], [469.75445556640625, 144.64678955078125], [470.5340576171875, 144.73782348632812], [469.02392578125, 142.40518188476562], [474.5248718261719, 144.13812255859375], [468.85888671875, 143.10491943359375], [471.8012390136719, 141.6689453125], [468.15020751953125, 142.6258087158203], [470.4263610839844, 141.0076141357422], [468.5622253417969, 142.8245086669922], [471.6763916015625, 142.10205078125], [473.8421630859375, 142.53140258789062], [470.708984375, 141.64744567871094], [470.2489318847656, 141.8267822265625], [469.59954833984375, 143.35067749023438], [468.5776062011719, 141.78134155273438], [463.5020446777344, 142.20458984375], [470.8695373535156, 143.08497619628906], [468.2416687011719, 142.212890625], [467.251953125, 143.42164611816406], [471.31317138671875, 141.8847198486328], [469.529296875, 141.4159393310547], [471.81854248046875, 138.5938720703125], [471.1717224121094, 142.04739379882812], [465.9614562988281, 141.0805206298828]]",0.87512,mc_dropout_ade_v1,"{""method"": ""mc_dropout_ade_v1"", ""validation_ade_px"": 13.288751, ""epistemic_std_px"": 1.162248, ""estimated_ade_px"": 13.33948, ""observation_coverage"": 1.0, ""confidence_scale_px"": 100.0, ""mc_samples"": 16}",gru,[]
examples/inputs/adl-01-cam0.mp4,adl-01-cam0,129,4.3,person_1,True,"[457.8699645996094, 160.46949768066406]","{""type"": ""polygon"", ""coordinate_system"": ""original_video_pixels"", ""points"": [[423, 95], [506, 95], [506, 207], [423, 207]]}","[[452.4515075683594, 158.82815551757812], [454.59075927734375, 161.62161254882812], [457.2903137207031, 161.6832275390625], [456.4023132324219, 161.83372497558594], [456.10748291015625, 162.68020629882812], [461.48486328125, 160.7598876953125], [459.95196533203125, 158.92735290527344], [465.2450256347656, 158.89828491210938], [464.30853271484375, 161.89964294433594], [467.6122741699219, 158.95602416992188], [466.1748962402344, 161.83865356445312], [468.2583923339844, 158.1377410888672], [467.36798095703125, 158.65335083007812], [467.4791259765625, 159.61849975585938], [470.2719421386719, 160.5311737060547], [469.8435974121094, 157.6117706298828], [468.0355224609375, 155.98402404785156], [471.4573669433594, 158.67518615722656], [464.4837646484375, 158.998779296875], [471.5367736816406, 156.11099243164062], [472.46209716796875, 156.72679138183594], [471.5778503417969, 157.282958984375], [468.6923828125, 158.18319702148438], [470.6422119140625, 157.73377990722656], [473.4136047363281, 156.92239379882812], [470.3821105957031, 157.06137084960938], [474.69342041015625, 155.1246337890625], [472.8448181152344, 154.6461944580078], [470.989013671875, 153.30697631835938], [471.8399963378906, 156.15240478515625], [470.8808288574219, 153.8666534423828], [474.4129333496094, 154.7381134033203], [472.72955322265625, 156.36521911621094], [472.4910583496094, 152.576904296875], [474.8857116699219, 154.69229125976562], [473.1183776855469, 154.33056640625], [472.9954528808594, 155.87155151367188], [473.6717529296875, 151.2336883544922], [472.3273620605469, 154.62066650390625], [473.5508117675781, 154.71188354492188], [475.03851318359375, 151.74560546875], [472.3440856933594, 153.45640563964844], [470.1744689941406, 151.69786071777344], [470.5438537597656, 153.660888671875], [474.8401184082031, 150.5087127685547], [474.8432312011719, 151.7581329345703], [474.0009460449219, 151.86402893066406], [469.6654357910156, 148.8707275390625], [474.10028076171875, 149.25494384765625], [470.03216552734375, 152.4644317626953], [471.7815856933594, 152.13375854492188], [469.0341796875, 151.2602081298828], [468.6403503417969, 151.51904296875], [470.80169677734375, 149.3116455078125], [466.2752685546875, 148.8576202392578], [469.25250244140625, 148.41929626464844], [468.2515869140625, 147.1998748779297], [473.7023010253906, 147.59329223632812], [471.5832824707031, 149.4300994873047], [469.64276123046875, 148.40829467773438], [467.1536560058594, 147.05931091308594], [469.1776428222656, 146.8301544189453], [467.21826171875, 146.33370971679688], [467.9578857421875, 146.1144256591797], [473.1258544921875, 143.15670776367188], [471.2968444824219, 147.7294921875], [470.2574157714844, 146.3798370361328], [471.0768737792969, 146.67633056640625], [469.80108642578125, 144.05099487304688], [475.0240173339844, 145.9448699951172], [469.46295166015625, 145.00120544433594], [472.63397216796875, 143.40391540527344], [468.48858642578125, 144.18313598632812], [471.1716003417969, 142.52828979492188], [469.2249450683594, 144.3203125], [472.390625, 143.43966674804688], [474.6482849121094, 144.41714477539062], [471.49609375, 143.45501708984375], [470.91375732421875, 143.6260223388672], [470.0670166015625, 144.92422485351562], [469.20001220703125, 143.4365997314453], [463.977294921875, 143.67608642578125], [471.4730224609375, 144.84500122070312], [468.6239318847656, 144.08807373046875], [467.7088623046875, 144.84925842285156], [471.91326904296875, 143.5272216796875], [470.2566833496094, 143.0430145263672], [472.3501892089844, 140.07211303710938], [471.7433776855469, 143.8489990234375], [466.6545104980469, 142.64381408691406]]",0.875225,mc_dropout_ade_v1,"{""method"": ""mc_dropout_ade_v1"", ""validation_ade_px"": 13.288751, ""epistemic_std_px"": 1.014097, ""estimated_ade_px"": 13.327389, ""observation_coverage"": 1.0, ""confidence_scale_px"": 100.0, ""mc_samples"": 16}",gru,[]
examples/inputs/adl-01-cam0.mp4,adl-01-cam0,130,4.3333,person_1,True,"[457.0874938964844, 161.2110137939453]","{""type"": ""polygon"", ""coordinate_system"": ""original_video_pixels"", ""points"": [[422, 96], [505, 96], [505, 208], [422, 208]]}","[[451.681640625, 159.61305236816406], [453.9828796386719, 162.39932250976562], [456.6610412597656, 162.38623046875], [456.0599060058594, 162.5628204345703], [455.86480712890625, 163.4019775390625], [461.2175598144531, 161.60447692871094], [459.59918212890625, 159.67401123046875], [464.8979797363281, 159.5923309326172], [464.0786437988281, 162.64126586914062], [467.4068908691406, 159.66627502441406], [465.8754577636719, 162.6034698486328], [468.072509765625, 158.7918701171875], [467.1372375488281, 159.14511108398438], [467.01519775390625, 160.3245849609375], [469.9518737792969, 161.13905334472656], [469.652099609375, 158.292236328125], [467.53826904296875, 156.77940368652344], [471.07415771484375, 159.4215545654297], [464.03271484375, 159.72471618652344], [470.9775695800781, 156.9842071533203], [472.1235656738281, 157.51071166992188], [470.958251953125, 158.0736083984375], [468.13134765625, 159.031982421875], [470.22479248046875, 158.5618438720703], [472.95941162109375, 157.79591369628906], [470.0283508300781, 157.84732055664062], [474.2886047363281, 156.0738067626953], [472.4065856933594, 155.45506286621094], [470.4595031738281, 154.04417419433594], [471.3531494140625, 157.1022186279297], [470.4111328125, 154.67283630371094], [474.0042419433594, 155.61541748046875], [472.493408203125, 157.2867889404297], [472.12677001953125, 153.51596069335938], [474.31243896484375, 155.53440856933594], [472.52435302734375, 155.22581481933594], [472.4522399902344, 156.81101989746094], [473.18731689453125, 152.00738525390625], [471.9684753417969, 155.55487060546875], [473.1391906738281, 155.60067749023438], [474.6709289550781, 152.63958740234375], [472.0196228027344, 154.3549346923828], [469.7635498046875, 152.71145629882812], [469.88604736328125, 154.59591674804688], [474.3755187988281, 151.41067504882812], [474.27874755859375, 152.64210510253906], [473.3146057128906, 152.85757446289062], [468.99139404296875, 149.8970489501953], [473.60369873046875, 150.14825439453125], [469.65362548828125, 153.4282989501953], [471.2125244140625, 153.13938903808594], [468.6249084472656, 152.21815490722656], [468.1067810058594, 152.47874450683594], [470.27532958984375, 150.24012756347656], [465.5553894042969, 149.8094940185547], [468.8728942871094, 149.3650360107422], [467.680908203125, 148.18820190429688], [473.1778564453125, 148.48077392578125], [471.0401611328125, 150.52903747558594], [469.12432861328125, 149.6020050048828], [466.538818359375, 148.0201416015625], [468.7716979980469, 147.74948120117188], [466.7752990722656, 147.3833465576172], [467.60028076171875, 147.07308959960938], [472.5523681640625, 144.2130889892578], [470.70697021484375, 148.80889892578125], [469.6357116699219, 147.49363708496094], [470.4951171875, 147.8436279296875], [469.3876953125, 145.27081298828125], [474.2450256347656, 147.18093872070312], [469.09600830078125, 146.17369079589844], [472.259033203125, 144.35794067382812], [467.84112548828125, 145.29884338378906], [470.7058410644531, 143.6089630126953], [468.7180480957031, 145.35763549804688], [472.06878662109375, 144.49099731445312], [474.1773681640625, 145.71788024902344], [470.8973388671875, 144.65496826171875], [470.2673645019531, 144.88961791992188], [469.5862121582031, 145.95762634277344], [468.4918212890625, 144.5780029296875], [463.5711975097656, 144.69741821289062], [470.9536437988281, 145.8972625732422], [468.2539978027344, 145.2733612060547], [467.3218688964844, 146.01222229003906], [471.3404846191406, 144.6378936767578], [469.9263916015625, 144.17498779296875], [471.926513671875, 141.18582153320312], [471.3485107421875, 145.12112426757812], [466.23663330078125, 143.76358032226562]]",0.875404,mc_dropout_ade_v1,"{""method"": ""mc_dropout_ade_v1"", ""validation_ade_px"": 13.288751, ""epistemic_std_px"": 0.696736, ""estimated_ade_px"": 13.307004, ""observation_coverage"": 1.0, ""confidence_scale_px"": 100.0, ""mc_samples"": 16}",gru,[]
examples/inputs/adl-01-cam0.mp4,adl-01-cam0,131,4.3667,person_1,True,"[456.7044982910156, 161.468505859375]","{""type"": ""polygon"", ""coordinate_system"": ""original_video_pixels"", ""points"": [[422, 97], [505, 97], [505, 208], [422, 208]]}","[[451.5641174316406, 159.78985595703125], [453.9288024902344, 162.5955352783203], [456.3133239746094, 162.5714111328125], [456.0323791503906, 162.66891479492188], [455.9479064941406, 163.4243621826172], [461.2454833984375, 161.74847412109375], [459.4562072753906, 159.85635375976562], [464.63201904296875, 159.6236114501953], [463.89276123046875, 162.68075561523438], [467.47296142578125, 159.75784301757812], [465.8263854980469, 162.54615783691406], [468.03302001953125, 158.94393920898438], [466.98248291015625, 159.10365295410156], [466.77899169921875, 160.2469940185547], [469.5924072265625, 161.08642578125], [469.45477294921875, 158.4522247314453], [467.2952880859375, 156.912109375], [470.8656311035156, 159.4549102783203], [463.83587646484375, 159.81202697753906], [470.6045227050781, 157.040283203125], [471.85614013671875, 157.6004638671875], [470.5834045410156, 158.15338134765625], [467.8630676269531, 159.21023559570312], [470.07867431640625, 158.69549560546875], [472.6568603515625, 157.9185028076172], [469.7648620605469, 157.91819763183594], [473.9226379394531, 156.2726287841797], [472.1861267089844, 155.58889770507812], [470.0784606933594, 154.31964111328125], [471.15423583984375, 157.2476806640625], [470.11419677734375, 154.8029022216797], [473.6960144042969, 155.7622833251953], [472.3921203613281, 157.52987670898438], [471.80523681640625, 153.80995178222656], [473.8353271484375, 155.81126403808594], [472.1044921875, 155.54539489746094], [472.0667724609375, 156.97105407714844], [472.8039855957031, 152.1292724609375], [471.6227111816406, 155.74330139160156], [472.8947448730469, 155.69580078125], [474.423095703125, 152.90933227539062], [471.8481750488281, 154.6943359375], [469.486572265625, 153.05557250976562], [469.5130920410156, 154.79103088378906], [474.01934814453125, 151.69651794433594], [473.8255615234375, 152.90072631835938], [472.8511657714844, 153.1240692138672], [468.81207275390625, 150.23770141601562], [473.44659423828125, 150.52279663085938], [469.565185546875, 153.6693115234375], [470.9515686035156, 153.47840881347656], [468.5130615234375, 152.53675842285156], [467.9297180175781, 152.7071533203125], [470.05181884765625, 150.58270263671875], [465.3916931152344, 150.12413024902344], [468.7667236328125, 149.6718292236328], [467.31549072265625, 148.6036834716797], [472.80078125, 148.8895721435547], [470.7157287597656, 151.00086975097656], [468.632080078125, 149.9984130859375], [466.35015869140625, 148.3003387451172], [468.59820556640625, 148.06414794921875], [466.4999694824219, 147.81875610351562], [467.3515930175781, 147.4980010986328], [472.111083984375, 144.6416473388672], [470.5249328613281, 149.26461791992188], [469.17779541015625, 147.95843505859375], [470.25213623046875, 148.49044799804688], [469.1719665527344, 145.904541015625], [473.70843505859375, 147.76576232910156], [468.80938720703125, 146.70266723632812], [471.99200439453125, 144.718994140625], [467.5718994140625, 145.81837463378906], [470.4589538574219, 144.14627075195312], [468.52728271484375, 145.84881591796875], [471.9447937011719, 145.0897674560547], [473.7419128417969, 146.4038543701172], [470.5321350097656, 145.23472595214844], [469.78460693359375, 145.59544372558594], [469.3796691894531, 146.54397583007812], [468.3487243652344, 145.142578125], [463.4840087890625, 145.3014678955078], [470.6311950683594, 146.45877075195312], [468.2221984863281, 145.83627319335938], [467.2172546386719, 146.68907165527344], [470.97869873046875, 145.23500061035156], [469.7579040527344, 144.7390899658203], [471.7772521972656, 141.9722137451172], [471.2021179199219, 145.85708618164062], [466.14666748046875, 144.45982360839844]]",0.875423,mc_dropout_ade_v1,"{""method"": ""mc_dropout_ade_v1"", ""validation_ade_px"": 13.288751, ""epistemic_std_px"": 0.654001, ""estimated_ade_px"": 13.304835, ""observation_coverage"": 1.0, ""confidence_scale_px"": 100.0, ""mc_samples"": 16}",gru,[]
examples/inputs/adl-01-cam0.mp4,adl-01-cam0,132,4.4,person_1,True,"[456.29998779296875, 160.96949768066406]","{""type"": ""polygon"", ""coordinate_system"": ""original_video_pixels"", ""points"": [[421, 97], [504, 97], [504, 207], [421, 207]]}","[[451.2083435058594, 159.1897735595703], [453.6517639160156, 161.8047332763672], [455.50140380859375, 161.92086791992188], [455.32781982421875, 161.82872009277344], [455.50762939453125, 162.6136474609375], [460.5815734863281, 161.0161590576172], [458.5915222167969, 159.1846466064453], [463.6337890625, 158.793701171875], [462.9239807128906, 161.7200164794922], [466.90899658203125, 159.01905822753906], [465.2427978515625, 161.59613037109375], [467.1177673339844, 158.21951293945312], [466.2718505859375, 158.05763244628906], [466.0036315917969, 159.23577880859375], [468.4559020996094, 160.09930419921875], [468.54803466796875, 157.7938232421875], [466.35955810546875, 156.08984375], [470.0235900878906, 158.53822326660156], [463.0829162597656, 158.90420532226562], [469.5907287597656, 156.2270050048828], [471.2022399902344, 156.968994140625], [469.59979248046875, 157.4942626953125], [466.9515380859375, 158.51133728027344], [469.29229736328125, 158.0619354248047], [471.6658020019531, 157.1480255126953], [468.9336853027344, 157.01148986816406], [472.9046630859375, 155.5226593017578], [471.38946533203125, 154.81454467773438], [469.0547180175781, 153.68824768066406], [470.2415771484375, 156.61721801757812], [469.3314208984375, 154.1427001953125], [472.91815185546875, 154.97438049316406], [471.77166748046875, 156.86190795898438], [470.7622375488281, 153.45713806152344], [472.6492614746094, 155.20297241210938], [471.04791259765625, 154.94126892089844], [471.03485107421875, 156.33827209472656], [471.87744140625, 151.38221740722656], [470.72576904296875, 155.02593994140625], [472.2818298339844, 154.96507263183594], [473.6275634765625, 152.26434326171875], [471.37799072265625, 154.26312255859375], [468.9249572753906, 152.5599822998047], [468.8073425292969, 154.1428985595703], [473.175537109375, 151.1796112060547], [472.8885192871094, 152.19873046875], [471.93499755859375, 152.5966796875], [468.21087646484375, 149.82810974121094], [472.9097900390625, 150.13148498535156], [469.0128479003906, 153.1239776611328], [470.26959228515625, 152.78904724121094], [468.03179931640625, 151.91134643554688], [467.2693176269531, 152.04856872558594], [469.40521240234375, 149.90318298339844], [464.8653869628906, 149.3689422607422], [468.269287109375, 148.95846557617188], [466.5928039550781, 148.09335327148438], [472.06597900390625, 148.46661376953125], [470.051025390625, 150.69969177246094], [467.7940979003906, 149.5348663330078], [465.9913330078125, 147.64950561523438], [468.17919921875, 147.561767578125], [466.1275634765625, 147.2359161376953], [466.8072509765625, 146.89439392089844], [471.33642578125, 144.11793518066406], [469.8132629394531, 148.81802368164062], [468.4721984863281, 147.4788818359375], [469.65069580078125, 148.1868438720703], [468.7070007324219, 145.75933837890625], [472.9168395996094, 147.462890625], [468.3356628417969, 146.3506317138672], [471.5009765625, 144.09201049804688], [467.1543273925781, 145.40850830078125], [469.7717590332031, 143.8094482421875], [467.8297424316406, 145.54202270507812], [471.7541198730469, 144.90992736816406], [472.788330078125, 146.30062866210938], [469.54022216796875, 145.01905822753906], [468.8082275390625, 145.47909545898438], [468.92425537109375, 146.28761291503906], [467.7183837890625, 144.952392578125], [463.0826416015625, 145.14414978027344], [470.02825927734375, 146.0548095703125], [467.8282165527344, 145.6037139892578], [466.84503173828125, 146.68008422851562], [470.0750427246094, 144.9924774169922], [469.397216796875, 144.5669708251953], [471.2223815917969, 141.961181640625], [470.59747314453125, 145.8545684814453], [465.5470275878906, 144.4298095703125]]",0.875304,mc_dropout_ade_v1,"{""method"": ""mc_dropout_ade_v1"", ""validation_ade_px"": 13.288751, ""epistemic_std_px"": 0.887635, ""estimated_ade_px"": 13.318363, ""observation_coverage"": 1.0, ""confidence_scale_px"": 100.0, ""mc_samples"": 16}",gru,[]
examples/inputs/adl-01-cam0.mp4,adl-01-cam0,133,4.4333,person_1,True,"[456.5460205078125, 160.57699584960938]","{""type"": ""polygon"", ""coordinate_system"": ""original_video_pixels"", ""points"": [[423, 96], [504, 96], [504, 207], [423, 207]]}","[[452.0015869140625, 158.50074768066406], [454.6854248046875, 161.2246856689453], [456.07391357421875, 161.36489868164062], [456.41748046875, 161.08566284179688], [456.78814697265625, 161.81607055664062], [461.6765441894531, 160.3571319580078], [459.5853576660156, 158.6590576171875], [464.1114807128906, 158.135498046875], [463.45416259765625, 160.9375762939453], [467.83221435546875, 158.36965942382812], [465.84613037109375, 160.66001892089844], [467.55804443359375, 157.7017059326172], [466.83209228515625, 157.16976928710938], [466.5555725097656, 158.32632446289062], [468.7294921875, 159.2592010498047], [468.8509521484375, 157.2696990966797], [466.921630859375, 155.30825805664062], [470.375244140625, 157.63153076171875], [463.513427734375, 158.12371826171875], [469.86431884765625, 155.34962463378906], [471.6723937988281, 156.4441680908203], [470.04522705078125, 156.8698272705078], [467.3622741699219, 157.81527709960938], [469.7882385253906, 157.25537109375], [471.9246826171875, 156.3328857421875], [469.35107421875, 156.1414031982422], [473.1069030761719, 154.70486450195312], [471.7217102050781, 154.08050537109375], [469.2471008300781, 153.00416564941406], [470.78070068359375, 155.80592346191406], [469.7798156738281, 153.38592529296875], [473.33514404296875, 154.16571044921875], [472.0749206542969, 156.15667724609375], [470.79949951171875, 152.93716430664062], [472.7863464355469, 154.4321746826172], [471.1889343261719, 154.287109375], [471.32550048828125, 155.68235778808594], [471.9714660644531, 150.6236114501953], [470.88421630859375, 154.1156463623047], [472.49664306640625, 154.08876037597656], [473.8549499511719, 151.6322021484375], [471.7817687988281, 153.7711181640625], [469.1875915527344, 151.88270568847656], [469.34088134765625, 153.3498992919922], [473.370849609375, 150.51852416992188], [473.0274658203125, 151.39987182617188], [472.087646484375, 151.71368408203125], [468.6801452636719, 149.1621856689453], [473.4255676269531, 149.65176391601562], [469.1131591796875, 152.28924560546875], [470.6346435546875, 151.92372131347656], [468.5268249511719, 151.16444396972656], [467.5453186035156, 151.18653869628906], [469.9171142578125, 149.12899780273438], [465.2679138183594, 148.4947052001953], [468.5509033203125, 148.0884552001953], [466.7056884765625, 147.47830200195312], [472.37200927734375, 147.93338012695312], [470.1742248535156, 150.15455627441406], [467.7549743652344, 148.72052001953125], [466.41778564453125, 146.87705993652344], [468.3921813964844, 146.88314819335938], [466.476806640625, 146.51947021484375], [467.0558776855469, 146.23025512695312], [471.41595458984375, 143.32115173339844], [470.18414306640625, 148.10079956054688], [468.6135559082031, 146.77879333496094], [469.961669921875, 147.6947479248047], [468.9604797363281, 145.18850708007812], [473.050048828125, 146.83897399902344], [468.3922424316406, 145.79966735839844], [471.5710754394531, 143.3303680419922], [467.57977294921875, 144.64944458007812], [469.98828125, 143.21226501464844], [468.0187683105469, 144.92198181152344], [472.1302185058594, 144.36691284179688], [472.5915222167969, 145.81272888183594], [469.5234680175781, 144.47032165527344], [468.8711242675781, 145.00506591796875], [469.1440734863281, 145.7979736328125], [468.3458251953125, 144.40887451171875], [463.4624328613281, 144.7158203125], [470.176513671875, 145.50839233398438], [468.0744323730469, 145.08416748046875], [467.17462158203125, 146.20849609375], [469.9255676269531, 144.42230224609375], [469.6779479980469, 144.09666442871094], [471.372314453125, 141.729248046875], [470.43231201171875, 145.58270263671875], [465.790283203125, 144.13427734375]]",0.875437,mc_dropout_ade_v1,"{""method"": ""mc_dropout_ade_v1"", ""validation_ade_px"": 13.288751, ""epistemic_std_px"": 0.61946, ""estimated_ade_px"": 13.303181, ""observation_coverage"": 1.0, ""confidence_scale_px"": 100.0, ""mc_samples"": 16}",gru,[]
examples/inputs/adl-01-cam0.mp4,adl-01-cam0,134,4.4667,person_1,True,"[456.6184997558594, 160.41200256347656]","{""type"": ""polygon"", ""coordinate_system"": ""original_video_pixels"", ""points"": [[423, 95], [504, 95], [504, 207], [423, 207]]}","[[452.4122314453125, 158.10125732421875], [455.28106689453125, 160.92230224609375], [456.24127197265625, 161.0651092529297], [457.04376220703125, 160.6375274658203], [457.5253601074219, 161.36282348632812], [462.253662109375, 160.02871704101562], [460.12811279296875, 158.41368103027344], [464.22662353515625, 157.81195068359375], [463.61700439453125, 160.4720458984375], [468.26531982421875, 158.00340270996094], [466.0502624511719, 160.14027404785156], [467.6502380371094, 157.4268341064453], [467.085693359375, 156.60780334472656], [466.80853271484375, 157.79129028320312], [468.8229675292969, 158.75733947753906], [468.94085693359375, 156.9609832763672], [467.1688537597656, 154.82412719726562], [470.4392395019531, 157.07928466796875], [463.64788818359375, 157.65184020996094], [469.894775390625, 154.84437561035156], [471.8827819824219, 156.2270965576172], [470.22491455078125, 156.56980895996094], [467.4914245605469, 157.39830017089844], [469.95294189453125, 156.76376342773438], [471.9696044921875, 155.86830139160156], [469.50885009765625, 155.59439086914062], [473.1091613769531, 154.1937713623047], [471.7640380859375, 153.63807678222656], [469.219970703125, 152.5391387939453], [471.011474609375, 155.35133361816406], [470.0086669921875, 152.954345703125], [473.5512390136719, 153.69129943847656], [472.0947265625, 155.72862243652344], [470.6268615722656, 152.6494598388672], [472.79998779296875, 153.92178344726562], [471.12652587890625, 153.88267517089844], [471.4319152832031, 155.34669494628906], [471.8887939453125, 150.21315002441406], [470.9132080078125, 153.55029296875], [472.4991760253906, 153.5675811767578], [473.87261962890625, 151.2706298828125], [471.936767578125, 153.4716796875], [469.2576599121094, 151.4558563232422], [469.59661865234375, 152.87022399902344], [473.4000244140625, 150.11831665039062], [473.00103759765625, 150.90646362304688], [472.0604248046875, 151.16156005859375], [468.8503723144531, 148.77902221679688], [473.6300964355469, 149.3798065185547], [468.9230651855469, 151.77548217773438], [470.72283935546875, 151.33531188964844], [468.7467346191406, 150.67332458496094], [467.5821228027344, 150.64723205566406], [470.1705322265625, 148.62380981445312], [465.339599609375, 147.9329376220703], [468.55426025390625, 147.4973907470703], [466.6856689453125, 147.1066436767578], [472.4780578613281, 147.5984649658203], [470.0755310058594, 149.8186492919922], [467.63604736328125, 148.22998046875], [466.60101318359375, 146.41519165039062], [468.4028625488281, 146.48361206054688], [466.6217346191406, 146.0686492919922], [467.144287109375, 145.77821350097656], [471.36004638671875, 142.82020568847656], [470.27960205078125, 147.6258544921875], [468.64227294921875, 146.3585662841797], [470.0381164550781, 147.37164306640625], [469.0169677734375, 144.83663940429688], [473.0196533203125, 146.4593048095703], [468.3050231933594, 145.4901580810547], [471.47607421875, 142.86968994140625], [467.78192138671875, 144.15798950195312], [469.99896240234375, 142.84115600585938], [467.98468017578125, 144.55499267578125], [472.2542419433594, 144.04916381835938], [472.32275390625, 145.50437927246094], [469.3509216308594, 144.1579132080078], [468.82904052734375, 144.71022033691406], [469.1531066894531, 145.48643493652344], [468.6308288574219, 144.07948303222656], [463.5964660644531, 144.4485626220703], [470.111572265625, 145.18167114257812], [468.05328369140625, 144.77809143066406], [467.2989196777344, 145.91038513183594], [469.61358642578125, 144.0238494873047], [469.76312255859375, 143.84825134277344], [471.2444763183594, 141.6220703125], [470.0767822265625, 145.4906005859375], [465.8160400390625, 143.98098754882812]]",0.875431,mc_dropout_ade_v1,"{""method"": ""mc_dropout_ade_v1"", ""validation_ade_px"": 13.288751, ""epistemic_std_px"": 0.63574, ""estimated_ade_px"": 13.303949, ""observation_coverage"": 1.0, ""confidence_scale_px"": 100.0, ""mc_samples"": 16}",gru,[]
examples/inputs/adl-01-cam0.mp4,adl-01-cam0,135,4.5,person_1,True,"[456.42498779296875, 160.208984375]","{""type"": ""polygon"", ""coordinate_system"": ""original_video_pixels"", ""points"": [[423, 94], [504, 94], [504, 208], [423, 208]]}","[[452.3604736328125, 157.80853271484375], [455.3661804199219, 160.6147003173828], [455.78509521484375, 160.75726318359375], [457.04376220703125, 160.19956970214844], [457.60028076171875, 160.92247009277344], [462.1799011230469, 159.77015686035156], [460.0751037597656, 158.2099609375], [463.8138122558594, 157.53140258789062], [463.1138916015625, 160.00186157226562], [468.0341491699219, 157.65284729003906], [465.71295166015625, 159.7082061767578], [467.21685791015625, 157.11962890625], [466.7507019042969, 156.04666137695312], [466.6231689453125, 157.30943298339844], [468.4976501464844, 158.31532287597656], [468.68585205078125, 156.6199188232422], [466.94647216796875, 154.3951873779297], [469.9832763671875, 156.60235595703125], [463.35333251953125, 157.2003173828125], [469.48004150390625, 154.53297424316406], [471.6789245605469, 156.11227416992188], [469.887451171875, 156.43638610839844], [467.0928649902344, 157.0831756591797], [469.5858154296875, 156.411865234375], [471.54046630859375, 155.569091796875], [469.2591247558594, 155.1187744140625], [472.69580078125, 153.8414306640625], [471.3350830078125, 153.25942993164062], [468.66326904296875, 152.1829833984375], [470.79876708984375, 155.15087890625], [469.9705810546875, 152.71334838867188], [473.4667053222656, 153.42083740234375], [471.7151184082031, 155.36761474609375], [470.283935546875, 152.4877471923828], [472.4744567871094, 153.4876251220703], [470.6007995605469, 153.58132934570312], [471.2344970703125, 155.20480346679688], [471.5487365722656, 149.97242736816406], [470.7807312011719, 153.16062927246094], [472.26153564453125, 153.2239227294922], [473.66278076171875, 151.03399658203125], [471.8355407714844, 153.20960998535156], [469.0594482421875, 151.1641845703125], [469.46234130859375, 152.53965759277344], [473.1684265136719, 149.8827362060547], [472.68377685546875, 150.57855224609375], [471.7996826171875, 150.89646911621094], [468.64349365234375, 148.58819580078125], [473.4936218261719, 149.16592407226562], [468.42010498046875, 151.45689392089844], [470.5202331542969, 150.91856384277344], [468.6865234375, 150.308837890625], [467.4523010253906, 150.19744873046875], [470.1297912597656, 148.2554473876953], [465.1484069824219, 147.54290771484375], [468.2779541015625, 147.06719970703125], [466.47003173828125, 146.9100341796875], [472.2774963378906, 147.35406494140625], [469.6964416503906, 149.6488494873047], [467.488525390625, 147.93460083007812], [466.6747741699219, 146.12452697753906], [468.2148132324219, 146.2824249267578], [466.5963439941406, 145.75694274902344], [467.11102294921875, 145.41941833496094], [471.1895446777344, 142.59471130371094], [470.0587158203125, 147.30252075195312], [468.603271484375, 146.12745666503906], [469.7958068847656, 147.1695556640625], [468.9198913574219, 144.7361297607422], [472.76416015625, 146.31631469726562], [468.23468017578125, 145.29444885253906], [471.28759765625, 142.5330810546875], [467.77459716796875, 143.83042907714844], [469.75946044921875, 142.60513305664062], [467.8076477050781, 144.34893798828125], [472.21209716796875, 143.8721160888672], [471.9692687988281, 145.31832885742188], [468.9765930175781, 144.0299530029297], [468.76239013671875, 144.60647583007812], [469.1047668457031, 145.2962646484375], [468.5589599609375, 143.91050720214844], [463.7059631347656, 144.2313232421875], [469.8856506347656, 145.00364685058594], [467.9176330566406, 144.62867736816406], [467.3859558105469, 145.73797607421875], [469.212158203125, 143.80484008789062], [469.8418273925781, 143.75299072265625], [471.1577453613281, 141.5843963623047], [469.7230224609375, 145.5140838623047], [465.81964111328125, 143.88287353515625]]",0.875373,mc_dropout_ade_v1,"{""method"": ""mc_dropout_ade_v1"", ""validation_ade_px"": 13.288751, ""epistemic_std_px"": 0.760482, ""estimated_ade_px"": 13.310493, ""observation_coverage"": 1.0, ""confidence_scale_px"": 100.0, ""mc_samples"": 16}",gru,[]
examples/inputs/adl-01-cam0.mp4,adl-01-cam0,136,4.5333,person_1,True,"[455.92950439453125, 160.0970001220703]","{""type"": ""polygon"", ""coordinate_system"": ""original_video_pixels"", ""points"": [[423, 94], [503, 94], [503, 208], [423, 208]]}","[[451.8564453125, 157.66140747070312], [454.9550476074219, 160.38714599609375], [454.9200134277344, 160.5690155029297], [456.56451416015625, 159.9078826904297], [457.16876220703125, 160.6690673828125], [461.6298828125, 159.65345764160156], [459.6024169921875, 158.13687133789062], [463.09735107421875, 157.39077758789062], [462.3520812988281, 159.66641235351562], [467.4941101074219, 157.43626403808594], [465.11859130859375, 159.48699951171875], [466.51068115234375, 156.90150451660156], [466.1799621582031, 155.6065673828125], [466.1319885253906, 157.0402374267578], [467.88519287109375, 158.0332794189453], [468.14617919921875, 156.37911987304688], [466.3804626464844, 154.10887145996094], [469.28192138671875, 156.3112335205078], [462.750732421875, 156.93360900878906], [468.77935791015625, 154.39602661132812], [471.246826171875, 156.1174774169922], [469.18365478515625, 156.4268035888672], [466.4455261230469, 156.9227294921875], [468.9120178222656, 156.2454071044922], [470.8502197265625, 155.43528747558594], [468.7218322753906, 154.8448486328125], [472.0135498046875, 153.67965698242188], [470.6131591796875, 153.05392456054688], [467.883056640625, 151.9783477783203], [470.222412109375, 155.1422882080078], [469.5795593261719, 152.66366577148438], [473.10546875, 153.3441925048828], [471.0788269042969, 155.20108032226562], [469.6715087890625, 152.50550842285156], [471.8784484863281, 153.27017211914062], [469.8289489746094, 153.49644470214844], [470.6903076171875, 155.24920654296875], [470.9682922363281, 149.9298858642578], [470.345947265625, 153.00665283203125], [471.7537841796875, 153.1033477783203], [473.171875, 150.98838806152344], [471.45623779296875, 153.11090087890625], [468.6100769042969, 151.08938598632812], [468.9604187011719, 152.45643615722656], [472.60479736328125, 149.85499572753906], [472.01812744140625, 150.486572265625], [471.1866760253906, 150.87930297851562], [468.0987243652344, 148.6378936767578], [473.0268249511719, 149.14202880859375], [467.674560546875, 151.4231414794922], [469.9664306640625, 150.7900848388672], [468.3272399902344, 150.20094299316406], [467.0246276855469, 150.08203125], [469.7279052734375, 148.1375732421875], [464.5473327636719, 147.4664764404297], [467.7593994140625, 146.9376678466797], [466.0029296875, 146.96966552734375], [471.8002014160156, 147.32098388671875], [469.06243896484375, 149.7276611328125], [467.101806640625, 147.94468688964844], [466.3661193847656, 146.10015869140625], [467.75262451171875, 146.32989501953125], [466.26153564453125, 145.7315216064453], [466.80426025390625, 145.3212432861328], [470.7716979980469, 142.6693115234375], [469.55755615234375, 147.30099487304688], [468.2619934082031, 146.18821716308594], [469.2731018066406, 147.24790954589844], [468.5222473144531, 144.9402618408203], [472.2313537597656, 146.45289611816406], [467.92694091796875, 145.41160583496094], [470.9002990722656, 142.49525451660156], [467.4768371582031, 143.83273315429688], [469.343017578125, 142.66941833496094], [467.43267822265625, 144.46673583984375], [471.91400146484375, 143.98440551757812], [471.4808654785156, 145.4237518310547], [468.3793029785156, 144.19346618652344], [468.3525695800781, 144.7650146484375], [468.7921447753906, 145.3549346923828], [468.1595153808594, 144.01434326171875], [463.5185241699219, 144.3188934326172], [469.4388122558594, 145.08363342285156], [467.5690612792969, 144.7815704345703], [467.2009582519531, 145.83570861816406], [468.6490783691406, 143.8885498046875], [469.6839599609375, 143.93809509277344], [470.78765869140625, 141.8328857421875], [469.2593078613281, 145.81851196289062], [465.5853576660156, 144.07388305664062]]",0.875469,mc_dropout_ade_v1,"{""method"": ""mc_dropout_ade_v1"", ""validation_ade_px"": 13.288751, ""epistemic_std_px"": 0.534669, ""estimated_ade_px"": 13.299503, ""observation_coverage"": 1.0, ""confidence_scale_px"": 100.0, ""mc_samples"": 16}",gru,[]
examples/inputs/adl-01-cam0.mp4,adl-01-cam0,137,4.5667,person_1,True,"[455.8009948730469, 159.9455108642578]","{""type"": ""polygon"", ""coordinate_system"": ""original_video_pixels"", ""points"": [[422, 94], [504, 94], [504, 208], [422, 208]]}","[[452.18646240234375, 157.45591735839844], [455.42657470703125, 160.2405548095703], [454.9738464355469, 160.369384765625], [457.3125915527344, 159.62649536132812], [457.8399963378906, 160.2756805419922], [462.2550048828125, 159.4948272705078], [460.3138732910156, 158.07936096191406], [463.3350524902344, 157.2411346435547], [462.4174499511719, 159.29347229003906], [467.78314208984375, 157.15560913085938], [465.2994689941406, 159.10462951660156], [466.7081298828125, 156.70770263671875], [466.2097473144531, 155.23739624023438], [466.4171447753906, 156.65199279785156], [467.9892578125, 157.7338409423828], [468.3732604980469, 156.17637634277344], [466.6730651855469, 153.84173583984375], [469.1545715332031, 155.9418487548828], [462.8784484863281, 156.64505004882812], [468.7681884765625, 154.23150634765625], [471.25225830078125, 156.08216857910156], [469.1998291015625, 156.39161682128906], [466.42730712890625, 156.7687225341797], [468.9063415527344, 156.01531982421875], [470.7561950683594, 155.324462890625], [468.7882995605469, 154.5523681640625], [471.9050598144531, 153.52496337890625], [470.4931640625, 152.82945251464844], [467.6822814941406, 151.85755920410156], [470.43060302734375, 155.06996154785156], [469.9151306152344, 152.59423828125], [473.3160705566406, 153.26278686523438], [470.90777587890625, 155.02099609375], [469.7774658203125, 152.3974151611328], [471.96893310546875, 152.9567413330078], [469.665283203125, 153.40032958984375], [470.8381652832031, 155.2405242919922], [470.9623107910156, 149.9379425048828], [470.58648681640625, 152.79107666015625], [471.7926025390625, 152.85687255859375], [473.27239990234375, 150.97695922851562], [471.563232421875, 153.0159454345703], [468.56182861328125, 150.98046875], [468.9787292480469, 152.25167846679688], [472.56829833984375, 149.81088256835938], [471.8165588378906, 150.44482421875], [471.1816711425781, 150.8094024658203], [468.1069030761719, 148.6561279296875], [473.08441162109375, 149.0594940185547], [467.406982421875, 151.27349853515625], [469.953369140625, 150.6405792236328], [468.567626953125, 150.10610961914062], [467.25103759765625, 149.77130126953125], [469.9978332519531, 148.12908935546875], [464.66973876953125, 147.4517822265625], [467.70355224609375, 146.8509521484375], [465.8933410644531, 147.11036682128906], [471.7221374511719, 147.31495666503906], [468.8118896484375, 149.7668914794922], [467.2049560546875, 147.83010864257812], [466.6009521484375, 146.050537109375], [467.6990661621094, 146.4095916748047], [466.2965087890625, 145.7593231201172], [466.97320556640625, 145.35447692871094], [470.71490478515625, 142.86679077148438], [469.6888732910156, 147.24298095703125], [468.358642578125, 146.31094360351562], [469.2620544433594, 147.4178924560547], [468.6288757324219, 145.12124633789062], [472.1129150390625, 146.62583923339844], [468.0108642578125, 145.49925231933594], [470.848388671875, 142.50848388671875], [467.6255798339844, 143.850341796875], [469.335693359375, 142.75047302246094], [467.6557922363281, 144.49609375], [471.8891296386719, 144.0809326171875], [471.3595886230469, 145.5122833251953], [468.35302734375, 144.30572509765625], [468.57891845703125, 144.93817138671875], [468.9809875488281, 145.45925903320312], [468.4576110839844, 144.04612731933594], [463.90533447265625, 144.363037109375], [469.2940979003906, 145.29769897460938], [467.7064208984375, 144.87850952148438], [467.502685546875, 145.85946655273438], [468.6168212890625, 144.02870178222656], [469.8703308105469, 144.09202575683594], [470.9648742675781, 142.12367248535156], [469.27740478515625, 146.05712890625], [466.05950927734375, 144.20840454101562]]",0.875466,mc_dropout_ade_v1,"{""method"": ""mc_dropout_ade_v1"", ""validation_ade_px"": 13.288751, ""epistemic_std_px"": 0.544205, ""estimated_ade_px"": 13.29989, ""observation_coverage"": 1.0, ""confidence_scale_px"": 100.0, ""mc_samples"": 16}",gru,[]
examples/inputs/adl-01-cam0.mp4,adl-01-cam0,138,4.6,person_1,True,"[455.76751708984375, 160.177001953125]","{""type"": ""polygon"", ""coordinate_system"": ""original_video_pixels"", ""points"": [[422, 95], [504, 95], [504, 208], [422, 208]]}","[[452.5810241699219, 157.65638732910156], [455.87255859375, 160.56771850585938], [455.1716613769531, 160.63722229003906], [458.0492858886719, 159.82667541503906], [458.4059753417969, 160.36326599121094], [462.8408508300781, 159.7372589111328], [460.97320556640625, 158.4016571044922], [463.62310791015625, 157.49264526367188], [462.5747375488281, 159.4033660888672], [468.0968017578125, 157.27664184570312], [465.54608154296875, 159.1959228515625], [467.03289794921875, 156.95208740234375], [466.3653259277344, 155.4268798828125], [466.75140380859375, 156.72756958007812], [468.2144775390625, 157.9119110107422], [468.6285705566406, 156.39303588867188], [467.0233459472656, 154.02188110351562], [469.1512145996094, 156.02378845214844], [463.06072998046875, 156.79925537109375], [468.923583984375, 154.42552185058594], [471.2452697753906, 156.35284423828125], [469.3186340332031, 156.66928100585938], [466.56524658203125, 156.9932098388672], [469.0340881347656, 156.1746063232422], [470.8037414550781, 155.60235595703125], [468.8524169921875, 154.69451904296875], [471.9512634277344, 153.7034454345703], [470.54681396484375, 153.0557403564453], [467.7221374511719, 152.12109375], [470.6639709472656, 155.32838439941406], [470.2138977050781, 152.84860229492188], [473.4982604980469, 153.5335235595703], [470.80255126953125, 155.23403930664062], [469.87188720703125, 152.5439453125], [472.20263671875, 153.0872802734375], [469.6957702636719, 153.6769561767578], [471.04425048828125, 155.50987243652344], [471.0073547363281, 150.318115234375], [470.8392333984375, 152.97592163085938], [471.8878479003906, 152.96774291992188], [473.4169616699219, 151.32032775878906], [471.60894775390625, 153.28440856933594], [468.51568603515625, 151.20346069335938], [468.9418029785156, 152.41856384277344], [472.5910949707031, 150.0855255126953], [471.6537170410156, 150.79278564453125], [471.22430419921875, 151.0584716796875], [468.1756896972656, 148.98504638671875], [473.1235656738281, 149.32154846191406], [467.2473449707031, 151.49945068359375], [469.9924621582031, 150.90335083007812], [468.77264404296875, 150.40829467773438], [467.4732666015625, 149.90988159179688], [470.28326416015625, 148.5518035888672], [464.8185729980469, 147.8975830078125], [467.6531677246094, 147.19873046875], [465.8485412597656, 147.58511352539062], [471.68798828125, 147.66697692871094], [468.6231384277344, 150.09629821777344], [467.251708984375, 148.09649658203125], [466.75286865234375, 146.3762664794922], [467.6889343261719, 146.8560791015625], [466.1956787109375, 146.22157287597656], [467.0631408691406, 145.82846069335938], [470.65478515625, 143.40245056152344], [469.8853454589844, 147.57623291015625], [468.3972473144531, 146.84056091308594], [469.28704833984375, 147.9558563232422], [468.70941162109375, 145.59674072265625], [471.9945983886719, 147.11883544921875], [467.9808349609375, 145.96066284179688], [470.7922668457031, 142.98486328125], [467.721435546875, 144.30911254882812], [469.36260986328125, 143.17469787597656], [467.8851318359375, 144.88619995117188], [471.7701416015625, 144.58592224121094], [471.28472900390625, 145.9459686279297], [468.40997314453125, 144.73367309570312], [468.7310791015625, 145.38462829589844], [469.08551025390625, 145.9198455810547], [468.80291748046875, 144.4084014892578], [464.1468811035156, 144.75680541992188], [469.11639404296875, 145.9102020263672], [467.81512451171875, 145.2578582763672], [467.6805419921875, 146.1968536376953], [468.646728515625, 144.48670959472656], [469.8603820800781, 144.53611755371094], [470.9698791503906, 142.72427368164062], [469.36309814453125, 146.53219604492188], [466.48333740234375, 144.66009521484375]]",0.875442,mc_dropout_ade_v1,"{""method"": ""mc_dropout_ade_v1"", ""validation_ade_px"": 13.288751, ""epistemic_std_px"": 0.607166, ""estimated_ade_px"": 13.302615, ""observation_coverage"": 1.0, ""confidence_scale_px"": 100.0, ""mc_samples"": 16}",gru,[]
examples/inputs/adl-01-cam0.mp4,adl-01-cam0,139,4.6333,person_1,True,"[455.7795104980469, 160.3260040283203]","{""type"": ""polygon"", ""coordinate_system"": ""original_video_pixels"", ""points"": [[422, 96], [505, 96], [505, 207], [422, 207]]}","[[452.8806457519531, 157.77308654785156], [456.2191162109375, 160.74745178222656], [455.1813659667969, 160.79515075683594], [458.4465026855469, 159.87582397460938], [458.7303161621094, 160.37852478027344], [463.0751647949219, 159.84396362304688], [461.26495361328125, 158.5848388671875], [463.60302734375, 157.6171417236328], [462.46258544921875, 159.3518829345703], [468.1089782714844, 157.31243896484375], [465.57708740234375, 159.1899871826172], [467.0368347167969, 157.06976318359375], [466.3670349121094, 155.50189208984375], [466.8514709472656, 156.691162109375], [468.18475341796875, 157.9542694091797], [468.6003112792969, 156.50579833984375], [467.109619140625, 154.07546997070312], [468.957763671875, 156.0017547607422], [463.0538024902344, 156.82894897460938], [468.85174560546875, 154.48912048339844], [471.0683898925781, 156.5084991455078], [469.2238464355469, 156.80406188964844], [466.5555114746094, 157.0546112060547], [468.9915771484375, 156.22662353515625], [470.64617919921875, 155.71908569335938], [468.69384765625, 154.71876525878906], [471.807861328125, 153.73728942871094], [470.4297790527344, 153.15225219726562], [467.62396240234375, 152.2294464111328], [470.59259033203125, 155.44989013671875], [470.2899169921875, 153.00149536132812], [473.4845886230469, 153.63211059570312], [470.5616455078125, 155.29974365234375], [469.6834411621094, 152.6157989501953], [472.1977233886719, 153.10447692871094], [469.5447998046875, 153.7965087890625], [471.01922607421875, 155.63633728027344], [470.8193054199219, 150.58631896972656], [470.8569641113281, 153.01217651367188], [471.794677734375, 152.9763946533203], [473.3648376464844, 151.49386596679688], [471.4884338378906, 153.40286254882812], [468.3740234375, 151.28555297851562], [468.7587585449219, 152.4921112060547], [472.4494934082031, 150.22140502929688], [471.3604736328125, 150.97300720214844], [471.0447692871094, 151.1669158935547], [468.1481628417969, 149.2030487060547], [472.9993896484375, 149.50595092773438], [466.9847106933594, 151.6074676513672], [469.8701477050781, 150.98248291015625], [468.7869873046875, 150.56922912597656], [467.46124267578125, 149.98492431640625], [470.36041259765625, 148.8007354736328], [464.815673828125, 148.16883850097656], [467.48626708984375, 147.37835693359375], [465.7362365722656, 147.90394592285156], [471.5384826660156, 147.8937225341797], [468.3558044433594, 150.29937744140625], [467.14630126953125, 148.27737426757812], [466.8072509765625, 146.60745239257812], [467.62152099609375, 147.1953887939453], [466.03546142578125, 146.55624389648438], [466.993896484375, 146.13861083984375], [470.46307373046875, 143.7855987548828], [469.8428955078125, 147.8019256591797], [468.2858581542969, 147.2257537841797], [469.13677978515625, 148.3134765625], [468.6466064453125, 145.97023010253906], [471.7424011230469, 147.4754638671875], [467.82684326171875, 146.3323974609375], [470.6158447265625, 143.34927368164062], [467.7217102050781, 144.64772033691406], [469.2032470703125, 143.49607849121094], [467.90277099609375, 145.19032287597656], [471.55999755859375, 145.0380859375], [471.01898193359375, 146.26828002929688], [468.2650146484375, 145.0892791748047], [468.68536376953125, 145.7411651611328], [469.0093994140625, 146.2677764892578], [468.9270935058594, 144.71983337402344], [464.24578857421875, 145.076904296875], [468.8533935546875, 146.36105346679688], [467.7647705078125, 145.55911254882812], [467.7149353027344, 146.46612548828125], [468.43304443359375, 144.80560302734375], [469.72796630859375, 144.92239379882812], [470.7322998046875, 143.23574829101562], [469.2577819824219, 146.92359924316406], [466.6342468261719, 145.04762268066406]]",0.875448,mc_dropout_ade_v1,"{""method"": ""mc_dropout_ade_v1"", ""validation_ade_px"": 13.288751, ""epistemic_std_px"": 0.592633, ""estimated_ade_px"": 13.301959, ""observation_coverage"": 1.0, ""confidence_scale_px"": 100.0, ""mc_samples"": 16}",gru,[]
examples/inputs/adl-01-cam0.mp4,adl-01-cam0,140,4.6667,person_1,True,"[455.80950927734375, 160.4095001220703]","{""type"": ""polygon"", ""coordinate_system"": ""original_video_pixels"", ""points"": [[422, 98], [504, 98], [504, 207], [422, 207]]}","[[453.0970764160156, 157.82553100585938], [456.5068054199219, 160.81448364257812], [455.06304931640625, 160.85646057128906], [458.6201171875, 159.81211853027344], [458.9123229980469, 160.33786010742188], [463.0611877441406, 159.8522186279297], [461.3296203613281, 158.67050170898438], [463.3846130371094, 157.6613006591797], [462.14739990234375, 159.1845245361328], [467.87646484375, 157.2936248779297], [465.4002990722656, 159.12342834472656], [466.7726135253906, 157.08624267578125], [466.2283630371094, 155.47914123535156], [466.7760009765625, 156.5787811279297], [467.98284912109375, 157.9043731689453], [468.3775634765625, 156.52899169921875], [467.0221252441406, 154.03787231445312], [468.6162414550781, 155.90704345703125], [462.8926696777344, 156.7562713623047], [468.5967712402344, 154.46124267578125], [470.768798828125, 156.59165954589844], [468.97747802734375, 156.8423614501953], [466.4137878417969, 156.9787139892578], [468.799072265625, 156.16908264160156], [470.32586669921875, 155.70849609375], [468.3934020996094, 154.64588928222656], [471.523193359375, 153.65396118164062], [470.17010498046875, 153.12521362304688], [467.37322998046875, 152.1799774169922], [470.3037414550781, 155.46319580078125], [470.22869873046875, 153.06520080566406], [473.3394775390625, 153.5911407470703], [470.20135498046875, 155.21853637695312], [469.3118591308594, 152.60293579101562], [472.0200500488281, 152.99171447753906], [469.24810791015625, 153.7604217529297], [470.8507080078125, 155.663330078125], [470.46368408203125, 150.74903869628906], [470.7210998535156, 152.89903259277344], [471.5303955078125, 152.89341735839844], [473.1632385253906, 151.5125274658203], [471.234619140625, 153.3465118408203], [468.1416015625, 151.224853515625], [468.5041809082031, 152.4615020751953], [472.1977233886719, 150.23031616210938], [471.0063171386719, 150.97950744628906], [470.7181396484375, 151.14157104492188], [468.0272521972656, 149.27847290039062], [472.74871826171875, 149.58302307128906], [466.5893249511719, 151.56446838378906], [469.6160583496094, 150.87522888183594], [468.63116455078125, 150.57115173339844], [467.2597961425781, 149.93975830078125], [470.2601013183594, 148.8485565185547], [464.6517333984375, 148.23794555664062], [467.1794128417969, 147.37155151367188], [465.56201171875, 148.03952026367188], [471.296630859375, 147.95382690429688], [468.0002746582031, 150.3461151123047], [466.9327697753906, 148.31224060058594], [466.76788330078125, 146.7026824951172], [467.4468688964844, 147.38546752929688], [465.82086181640625, 146.70660400390625], [466.7925109863281, 146.2298583984375], [470.16729736328125, 143.97952270507812], [469.5760192871094, 147.8538055419922], [468.064453125, 147.39920043945312], [468.8072204589844, 148.4111785888672], [468.45867919921875, 146.1619873046875], [471.3898620605469, 147.63153076171875], [467.55926513671875, 146.5224151611328], [470.3057556152344, 143.53054809570312], [467.61669921875, 144.76905822753906], [468.8558044433594, 143.6448974609375], [467.7236022949219, 145.32839965820312], [471.2436218261719, 145.30931091308594], [470.5897216796875, 146.38014221191406], [467.9229431152344, 145.29092407226562], [468.52362060546875, 145.93109130859375], [468.7689208984375, 146.41552734375], [468.826171875, 144.892333984375], [464.2010803222656, 145.20606994628906], [468.51556396484375, 146.57798767089844], [467.52789306640625, 145.70620727539062], [467.59906005859375, 146.56332397460938], [467.990234375, 144.92982482910156], [469.4866943359375, 145.16087341308594], [470.3173828125, 143.55091857910156], [468.91387939453125, 147.1383056640625], [466.5166320800781, 145.2565460205078]]",0.875454,mc_dropout_ade_v1,"{""method"": ""mc_dropout_ade_v1"", ""validation_ade_px"": 13.288751, ""epistemic_std_px"": 0.576736, ""estimated_ade_px"": 13.30126, ""observation_coverage"": 1.0, ""confidence_scale_px"": 100.0, ""mc_samples"": 16}",gru,[]
examples/inputs/adl-01-cam0.mp4,adl-01-cam0,141,4.7,person_1,True,"[455.8410339355469, 160.44900512695312]","{""type"": ""polygon"", ""coordinate_system"": ""original_video_pixels"", ""points"": [[422, 98], [505, 98], [505, 207], [422, 207]]}","[[453.343994140625, 157.8363037109375], [456.8748474121094, 160.83729553222656], [454.9927062988281, 160.85093688964844], [458.8912353515625, 159.69630432128906], [459.20501708984375, 160.23855590820312], [463.1038818359375, 159.81655883789062], [461.5065002441406, 158.7210235595703], [463.24560546875, 157.67739868164062], [461.8554992675781, 158.95401000976562], [467.62359619140625, 157.2434539794922], [465.18572998046875, 159.01547241210938], [466.496826171875, 157.03565979003906], [466.07073974609375, 155.39227294921875], [466.7206726074219, 156.41220092773438], [467.8194885253906, 157.8064727783203], [468.20794677734375, 156.48826599121094], [466.9974365234375, 153.96180725097656], [468.27838134765625, 155.77247619628906], [462.74755859375, 156.6195068359375], [468.3320007324219, 154.39369201660156], [470.47418212890625, 156.63291931152344], [468.75653076171875, 156.8333282470703], [466.2657165527344, 156.8174285888672], [468.59747314453125, 156.01344299316406], [470.0068054199219, 155.63673400878906], [468.1461486816406, 154.51217651367188], [471.2466735839844, 153.5135040283203], [469.90771484375, 152.99269104003906], [467.0658874511719, 152.01589965820312], [470.0456237792969, 155.4077911376953], [470.242919921875, 153.06295776367188], [473.234375, 153.47108459472656], [469.8367614746094, 155.02464294433594], [469.0119323730469, 152.48675537109375], [471.867919921875, 152.7473602294922], [468.95892333984375, 153.60989379882812], [470.7381896972656, 155.63844299316406], [470.1330261230469, 150.83755493164062], [470.6480407714844, 152.66380310058594], [471.240234375, 152.72276306152344], [472.97857666015625, 151.4250030517578], [470.9862060546875, 153.12303161621094], [467.907958984375, 151.0486297607422], [468.3249816894531, 152.31346130371094], [471.98345947265625, 150.14874267578125], [470.722412109375, 150.860107421875], [470.42816162109375, 151.0172119140625], [467.91131591796875, 149.20867919921875], [472.5094909667969, 149.52581787109375], [466.1518859863281, 151.3582305908203], [469.355224609375, 150.6251678466797], [468.46173095703125, 150.429443359375], [467.06134033203125, 149.71380615234375], [470.14483642578125, 148.7333526611328], [464.4493103027344, 148.14332580566406], [466.8204345703125, 147.2126922607422], [465.38616943359375, 148.02264404296875], [471.04522705078125, 147.83924865722656], [467.6103210449219, 150.23712158203125], [466.7499694824219, 148.1574249267578], [466.7276611328125, 146.63626098632812], [467.2044372558594, 147.408935546875], [465.6159973144531, 146.66949462890625], [466.5936279296875, 146.1134796142578], [469.86468505859375, 144.02255249023438], [469.2509765625, 147.69839477539062], [467.8508605957031, 147.35047912597656], [468.412353515625, 148.25364685058594], [468.27313232421875, 146.14190673828125], [471.0381164550781, 147.58145141601562], [467.277587890625, 146.475830078125], [469.9382019042969, 143.50372314453125], [467.48345947265625, 144.63919067382812], [468.42431640625, 143.6046142578125], [467.51202392578125, 145.24998474121094], [470.87310791015625, 145.31878662109375], [470.1253662109375, 146.23861694335938], [467.5238037109375, 145.28652954101562], [468.43255615234375, 145.92996215820312], [468.5011901855469, 146.32858276367188], [468.6387023925781, 144.85763549804688], [464.13067626953125, 145.07077026367188], [468.1605224609375, 146.5655975341797], [467.2041931152344, 145.6541748046875], [467.4341125488281, 146.42031860351562], [467.4753723144531, 144.8710479736328], [469.2291564941406, 145.19215393066406], [469.9160461425781, 143.62509155273438], [468.4424133300781, 147.1243133544922], [466.3193664550781, 145.20669555664062]]",0.875476,mc_dropout_ade_v1,"{""method"": ""mc_dropout_ade_v1"", ""validation_ade_px"": 13.288751, ""epistemic_std_px"": 0.51563, ""estimated_ade_px"": 13.298751, ""observation_coverage"": 1.0, ""confidence_scale_px"": 100.0, ""mc_samples"": 16}",gru,[]
examples/inputs/adl-01-cam0.mp4,adl-01-cam0,142,4.7333,person_1,True,"[455.8669738769531, 160.7635040283203]","{""type"": ""polygon"", ""coordinate_system"": ""original_video_pixels"", ""points"": [[422, 99], [505, 99], [505, 207], [422, 207]]}","[[453.6334533691406, 158.13229370117188], [457.2977600097656, 161.2200164794922], [455.1645202636719, 161.17149353027344], [459.3837890625, 159.96151733398438], [459.6338195800781, 160.4982452392578], [463.3331298828125, 160.11248779296875], [461.9450988769531, 159.09872436523438], [463.38836669921875, 158.04078674316406], [461.8357849121094, 159.12722778320312], [467.5833435058594, 157.52012634277344], [465.1180419921875, 159.29656982421875], [466.4696350097656, 157.3220672607422], [466.0885009765625, 155.7071075439453], [466.8370056152344, 156.6312713623047], [467.89453125, 158.1082763671875], [468.2462158203125, 156.7775421142578], [467.1878662109375, 154.26260375976562], [468.1468200683594, 156.00186157226562], [462.7599792480469, 156.82518005371094], [468.3023681640625, 154.67721557617188], [470.30511474609375, 156.97674560546875], [468.7308044433594, 157.1276397705078], [466.2938232421875, 156.98289489746094], [468.5655212402344, 156.16688537597656], [469.90869140625, 155.90835571289062], [468.08544921875, 154.75494384765625], [471.1893310546875, 153.68292236328125], [469.8556213378906, 153.21038818359375], [466.9688415527344, 152.14962768554688], [470.0048828125, 155.66326904296875], [470.40411376953125, 153.33900451660156], [473.2446594238281, 153.6795654296875], [469.5931091308594, 155.15110778808594], [468.936279296875, 152.59413146972656], [471.9441223144531, 152.81256103515625], [468.9222106933594, 153.7735137939453], [470.82366943359375, 155.91561889648438], [470.0019226074219, 151.23468017578125], [470.7417297363281, 152.74656677246094], [471.0652160644531, 152.8674774169922], [472.9342956542969, 151.65988159179688], [470.8321228027344, 153.18397521972656], [467.7600402832031, 151.15769958496094], [468.2926330566406, 152.46266174316406], [471.9178161621094, 150.37106323242188], [470.5997314453125, 151.05108642578125], [470.33050537109375, 151.17832946777344], [467.8934020996094, 149.37823486328125], [472.3631591796875, 149.71835327148438], [465.8253173828125, 151.43199157714844], [469.2322998046875, 150.70973205566406], [468.3606872558594, 150.59811401367188], [466.9956359863281, 149.77037048339844], [470.1432800292969, 148.93946838378906], [464.31451416015625, 148.36412048339844], [466.50579833984375, 147.39024353027344], [465.3082275390625, 148.25982666015625], [470.92852783203125, 147.99440002441406], [467.3226318359375, 150.34547424316406], [466.6782531738281, 148.23672485351562], [466.69158935546875, 146.81967163085938], [466.97540283203125, 147.6772003173828], [465.43011474609375, 146.9063262939453], [466.47125244140625, 146.27699279785156], [469.6649169921875, 144.30918884277344], [469.07305908203125, 147.77183532714844], [467.74932861328125, 147.55264282226562], [468.14495849609375, 148.2939453125], [468.16693115234375, 146.27615356445312], [470.8154296875, 147.7373809814453], [467.03485107421875, 146.62466430664062], [469.6437072753906, 143.74237060546875], [467.4026794433594, 144.74693298339844], [468.142822265625, 143.79107666015625], [467.4254455566406, 145.37283325195312], [470.5272521972656, 145.484619140625], [469.83355712890625, 146.28146362304688], [467.2919616699219, 145.43014526367188], [468.4922790527344, 146.06076049804688], [468.3275451660156, 146.41688537597656], [468.5768127441406, 144.97576904296875], [464.06890869140625, 145.09536743164062], [467.89312744140625, 146.76190185546875], [466.9492492675781, 145.74842834472656], [467.2948303222656, 146.3993682861328], [467.1656799316406, 145.01931762695312], [468.9783935546875, 145.36447143554688], [469.6221008300781, 143.8172149658203], [468.0634460449219, 147.21133422851562], [466.224853515625, 145.2843017578125]]",0.875515,mc_dropout_ade_v1,"{""method"": ""mc_dropout_ade_v1"", ""validation_ade_px"": 13.288751, ""epistemic_std_px"": 0.385019, ""estimated_ade_px"": 13.294327, ""observation_coverage"": 1.0, ""confidence_scale_px"": 100.0, ""mc_samples"": 16}",gru,[]
examples/inputs/adl-01-cam0.mp4,adl-01-cam0,143,4.7667,person_1,True,"[455.7510070800781, 161.23550415039062]","{""type"": ""polygon"", ""coordinate_system"": ""original_video_pixels"", ""points"": [[422, 99], [504, 99], [504, 207], [422, 207]]}","[[453.721435546875, 158.6121063232422], [457.495849609375, 161.7859649658203], [455.2257385253906, 161.67556762695312], [459.69903564453125, 160.4479522705078], [459.85333251953125, 160.9854278564453], [463.3793640136719, 160.59991455078125], [462.2406921386719, 159.65853881835938], [463.4705810546875, 158.59521484375], [461.7753601074219, 159.51576232910156], [467.46435546875, 157.97824096679688], [464.9709167480469, 159.82086181640625], [466.3951416015625, 157.770263671875], [466.044189453125, 156.222412109375], [466.8448486328125, 157.08218383789062], [467.90264892578125, 158.62631225585938], [468.22637939453125, 157.23768615722656], [467.2816162109375, 154.77410888671875], [467.97479248046875, 156.44960021972656], [462.68182373046875, 157.22775268554688], [468.2156982421875, 155.16920471191406], [470.0686340332031, 157.47630310058594], [468.597900390625, 157.58096313476562], [466.2434997558594, 157.33450317382812], [468.4457092285156, 156.52249145507812], [469.77081298828125, 156.3829345703125], [467.9578552246094, 155.21812438964844], [471.0840759277344, 154.0404052734375], [469.7557067871094, 153.61453247070312], [466.8265686035156, 152.44802856445312], [469.8643493652344, 156.1153564453125], [470.4482421875, 153.78237915039062], [473.1496276855469, 154.0728302001953], [469.2906799316406, 155.4739227294922], [468.80560302734375, 152.84765625], [471.9588928222656, 153.08169555664062], [468.8695373535156, 154.13473510742188], [470.8078308105469, 156.37161254882812], [469.8349609375, 151.8079376220703], [470.75750732421875, 153.04248046875], [470.8199157714844, 153.20864868164062], [472.8170471191406, 152.074462890625], [470.6038818359375, 153.4092559814453], [467.53497314453125, 151.45892333984375], [468.1518859863281, 152.80020141601562], [471.7574462890625, 150.78163146972656], [470.382080078125, 151.43002319335938], [470.1499328613281, 151.54290771484375], [467.75616455078125, 149.72242736816406], [472.1183166503906, 150.06320190429688], [465.46038818359375, 151.7080841064453], [469.0041809082031, 151.01348876953125], [468.1453857421875, 150.96517944335938], [466.84722900390625, 150.039794921875], [470.0143737792969, 149.33865356445312], [464.0184326171875, 148.78941345214844], [466.0978698730469, 147.78555297851562], [465.1485900878906, 148.6595001220703], [470.7335205078125, 148.31101989746094], [466.96405029296875, 150.61328125], [466.52423095703125, 148.50503540039062], [466.4876708984375, 147.156005859375], [466.6348876953125, 148.09933471679688], [465.12353515625, 147.3193817138672], [466.2596435546875, 146.609375], [469.37542724609375, 144.7698974609375], [468.8232727050781, 148.02041625976562], [467.548095703125, 147.92669677734375], [467.8074645996094, 148.4797821044922], [467.97686767578125, 146.55055236816406], [470.5149230957031, 148.04647827148438], [466.70538330078125, 146.927490234375], [469.294921875, 144.14779663085938], [467.2117614746094, 145.04071044921875], [467.83038330078125, 144.14918518066406], [467.279296875, 145.6613311767578], [470.0969543457031, 145.78872680664062], [469.529541015625, 146.48703002929688], [467.00091552734375, 145.7079315185547], [468.4309997558594, 146.31089782714844], [468.07305908203125, 146.62925720214844], [468.388916015625, 145.2174072265625], [463.8528137207031, 145.26454162597656], [467.5549621582031, 147.09149169921875], [466.6272888183594, 145.97315979003906], [467.02789306640625, 146.51515197753906], [466.8445739746094, 145.32980346679688], [468.6106262207031, 145.66152954101562], [469.2306823730469, 144.1237335205078], [467.65020751953125, 147.41165161132812], [466.0308532714844, 145.48558044433594]]",0.875477,mc_dropout_ade_v1,"{""method"": ""mc_dropout_ade_v1"", ""validation_ade_px"": 13.288751, ""epistemic_std_px"": 0.513263, ""estimated_ade_px"": 13.298659, ""observation_coverage"": 1.0, ""confidence_scale_px"": 100.0, ""mc_samples"": 16}",gru,[]
examples/inputs/adl-01-cam0.mp4,adl-01-cam0,144,4.8,person_1,True,"[455.5514831542969, 161.98550415039062]","{""type"": ""polygon"", ""coordinate_system"": ""original_video_pixels"", ""points"": [[423, 100], [503, 100], [503, 207], [423, 207]]}","[[453.6741638183594, 159.39048767089844], [457.5169677734375, 162.6794891357422], [455.2781677246094, 162.51112365722656], [459.87420654296875, 161.30117797851562], [459.8916931152344, 161.8516082763672], [463.28924560546875, 161.3939208984375], [462.4193420410156, 160.5194091796875], [463.5359802246094, 159.46182250976562], [461.7319030761719, 160.2723846435547], [467.3345642089844, 158.74044799804688], [464.80322265625, 160.7255859375], [466.3323059082031, 158.53366088867188], [466.0141296386719, 157.11459350585938], [466.7926330566406, 157.90200805664062], [467.8924865722656, 159.5107879638672], [468.1685485839844, 158.01939392089844], [467.31884765625, 155.6312713623047], [467.82879638671875, 157.24072265625], [462.56036376953125, 157.95352172851562], [468.1565246582031, 155.98165893554688], [469.78912353515625, 158.24790954589844], [468.4239196777344, 158.30198669433594], [466.1881103515625, 157.99920654296875], [468.3146057128906, 157.2152099609375], [469.6537780761719, 157.17892456054688], [467.7792663574219, 156.0360870361328], [471.0022888183594, 154.6803741455078], [469.6977233886719, 154.35926818847656], [466.74969482421875, 153.04685974121094], [469.6580505371094, 156.8739776611328], [470.3824462890625, 154.49867248535156], [472.9564208984375, 154.76226806640625], [468.9728698730469, 156.1230010986328], [468.6116638183594, 153.35560607910156], [471.96636962890625, 153.70350646972656], [468.8863220214844, 154.8172607421875], [470.73828125, 157.10313415527344], [469.65753173828125, 152.6803741455078], [470.70123291015625, 153.6819610595703], [470.5482482910156, 153.868896484375], [472.6619873046875, 152.79905700683594], [470.3194274902344, 153.9578094482422], [467.2590026855469, 152.07135009765625], [467.9254455566406, 153.45652770996094], [471.54180908203125, 151.4931182861328], [470.10028076171875, 152.12115478515625], [469.9331970214844, 152.21246337890625], [467.5559997558594, 150.36790466308594], [471.8049011230469, 150.70309448242188], [465.1119079589844, 152.320556640625], [468.72979736328125, 151.6653289794922], [467.829345703125, 151.6782989501953], [466.6376037597656, 150.6810302734375], [469.8063659667969, 150.0870819091797], [463.6299133300781, 149.5590057373047], [465.62701416015625, 148.54466247558594], [464.9564514160156, 149.34109497070312], [470.51776123046875, 148.94732666015625], [466.6023864746094, 151.1532440185547], [466.2900695800781, 149.10610961914062], [466.14630126953125, 147.7866973876953], [466.23492431640625, 148.82701110839844], [464.7068176269531, 148.06422424316406], [465.9600830078125, 147.27847290039062], [469.017578125, 145.51258850097656], [468.55914306640625, 148.59088134765625], [467.27532958984375, 148.6390838623047], [467.46728515625, 148.9567108154297], [467.7242736816406, 147.08425903320312], [470.17718505859375, 148.63999938964844], [466.2879943847656, 147.5406494140625], [468.92633056640625, 144.88572692871094], [466.9474182128906, 145.6863555908203], [467.5536193847656, 144.80990600585938], [467.0962219238281, 146.25636291503906], [469.608642578125, 146.40036010742188], [469.2387390136719, 147.00587463378906], [466.70257568359375, 146.24288940429688], [468.2513732910156, 146.78451538085938], [467.7620849609375, 147.1155242919922], [468.16082763671875, 145.7180633544922], [463.48486328125, 145.7326202392578], [467.1749572753906, 147.70513916015625], [466.2872314453125, 146.43746948242188], [466.6553039550781, 146.9076690673828], [466.5689392089844, 145.9165496826172], [468.10162353515625, 146.20933532714844], [468.7240905761719, 144.67665100097656], [467.2482604980469, 147.83901977539062], [465.7668762207031, 145.96160888671875]]",0.875503,mc_dropout_ade_v1,"{""method"": ""mc_dropout_ade_v1"", ""validation_ade_px"": 13.288751, ""epistemic_std_px"": 0.42912, ""estimated_ade_px"": 13.295678, ""observation_coverage"": 1.0, ""confidence_scale_px"": 100.0, ""mc_samples"": 16}",gru,[]
examples/inputs/adl-01-cam0.mp4,adl-01-cam0,145,4.8333,person_1,True,"[455.4435119628906, 162.37451171875]","{""type"": ""polygon"", ""coordinate_system"": ""original_video_pixels"", ""points"": [[424, 100], [503, 100], [503, 208], [424, 208]]}","[[453.8426513671875, 159.78634643554688], [457.8019714355469, 163.13917541503906], [455.36572265625, 162.9033203125], [460.252197265625, 161.66786193847656], [460.2251281738281, 162.2030792236328], [463.42022705078125, 161.75648498535156], [462.7722473144531, 160.979248046875], [463.6669921875, 159.90261840820312], [461.6995544433594, 160.48802185058594], [467.2386474609375, 159.0818634033203], [464.7304382324219, 161.08741760253906], [466.3132019042969, 158.85543823242188], [465.9850158691406, 157.50804138183594], [466.822265625, 158.18222045898438], [467.8554382324219, 159.87051391601562], [468.1929626464844, 158.3929901123047], [467.4408874511719, 156.043212890625], [467.659423828125, 157.5572509765625], [462.5466003417969, 158.22816467285156], [468.04925537109375, 156.37413024902344], [469.52655029296875, 158.62075805664062], [468.2877502441406, 158.62661743164062], [466.14105224609375, 158.23675537109375], [468.2211608886719, 157.47933959960938], [469.49786376953125, 157.5531768798828], [467.6553039550781, 156.39083862304688], [470.86663818359375, 154.95620727539062], [469.623046875, 154.61456298828125], [466.6009521484375, 153.2622528076172], [469.51080322265625, 157.21473693847656], [470.4736022949219, 154.85308837890625], [472.8653259277344, 155.01766967773438], [468.7107849121094, 156.34002685546875], [468.4930114746094, 153.52249145507812], [471.9574279785156, 153.85162353515625], [468.8506164550781, 155.0660400390625], [470.70391845703125, 157.43930053710938], [469.4919738769531, 153.17080688476562], [470.7436828613281, 153.86570739746094], [470.3446350097656, 154.07778930664062], [472.5743408203125, 153.0944366455078], [470.1504821777344, 154.08236694335938], [467.0665588378906, 152.29331970214844], [467.78515625, 153.6549072265625], [471.3786315917969, 151.80679321289062], [469.8462219238281, 152.3970184326172], [469.7356262207031, 152.49307250976562], [467.46453857421875, 150.6638641357422], [471.5953369140625, 150.9554901123047], [464.8366394042969, 152.470458984375], [468.484375, 151.82814025878906], [467.6648864746094, 151.95147705078125], [466.5273132324219, 150.81057739257812], [469.7003173828125, 150.40750122070312], [463.4266052246094, 149.8764190673828], [465.272705078125, 148.839111328125], [464.7804870605469, 149.66952514648438], [470.2820739746094, 149.1876678466797], [466.2613525390625, 151.34986877441406], [466.1542663574219, 149.28475952148438], [466.01409912109375, 148.01466369628906], [465.9544677734375, 149.1760711669922], [464.4699401855469, 148.3977813720703], [465.7879638671875, 147.53726196289062], [468.660888671875, 145.94615173339844], [468.3276672363281, 148.7493896484375], [467.0522155761719, 148.9431610107422], [467.15960693359375, 149.07968139648438], [467.6165771484375, 147.31890869140625], [469.851806640625, 148.89659118652344], [466.0111389160156, 147.778564453125], [468.599365234375, 145.1959228515625], [466.803955078125, 145.92446899414062], [467.22247314453125, 145.13648986816406], [466.9932861328125, 146.4641571044922], [469.2041931152344, 146.6710662841797], [468.87091064453125, 147.18272399902344], [466.3935546875, 146.46878051757812], [468.1900329589844, 147.02476501464844], [467.5577697753906, 147.26927185058594], [467.9737854003906, 145.90609741210938], [463.3494873046875, 145.858642578125], [466.81329345703125, 147.97158813476562], [466.03631591796875, 146.61590576171875], [466.4401550292969, 147.0128936767578], [466.22930908203125, 146.2068328857422], [467.7401428222656, 146.47702026367188], [468.3429870605469, 144.97445678710938], [466.87060546875, 148.01356506347656], [465.6241149902344, 146.12391662597656]]",0.875451,mc_dropout_ade_v1,"{""method"": ""mc_dropout_ade_v1"", ""validation_ade_px"": 13.288751, ""epistemic_std_px"": 0.583907, ""estimated_ade_px"": 13.301573, ""observation_coverage"": 1.0, ""confidence_scale_px"": 100.0, ""mc_samples"": 16}",gru,[]
examples/inputs/adl-01-cam0.mp4,adl-01-cam0,146,4.8667,person_1,True,"[455.5299987792969, 162.53250122070312]","{""type"": ""polygon"", ""coordinate_system"": ""original_video_pixels"", ""points"": [[424, 100], [503, 100], [503, 208], [424, 208]]}","[[454.2276611328125, 160.02801513671875], [458.1807556152344, 163.35610961914062], [455.4705505371094, 162.9610595703125], [460.8277893066406, 161.68673706054688], [460.7879333496094, 162.16668701171875], [463.8090515136719, 161.7924041748047], [463.1810302734375, 161.12440490722656], [463.7886962890625, 159.99282836914062], [461.79595947265625, 160.47555541992188], [467.2467041015625, 159.05844116210938], [464.83917236328125, 161.037841796875], [466.4653015136719, 159.01087951660156], [466.07635498046875, 157.63327026367188], [467.1257019042969, 158.1338348388672], [467.940673828125, 159.8463134765625], [468.4462585449219, 158.45606994628906], [467.6632995605469, 156.263916015625], [467.6191101074219, 157.57168579101562], [462.75823974609375, 158.24050903320312], [467.96112060546875, 156.51307678222656], [469.3334045410156, 158.71395874023438], [468.4042053222656, 158.6941680908203], [466.2540283203125, 158.2946014404297], [468.2470703125, 157.4132537841797], [469.3924255371094, 157.6503448486328], [467.72930908203125, 156.3915252685547], [470.714599609375, 155.1492919921875], [469.57525634765625, 154.7210235595703], [466.663818359375, 153.42962646484375], [469.61029052734375, 157.2894287109375], [470.62701416015625, 154.97726440429688], [472.85882568359375, 155.0549774169922], [468.6707458496094, 156.303466796875], [468.4859924316406, 153.55670166015625], [472.1268310546875, 153.85719299316406], [468.7591857910156, 155.05068969726562], [470.9656066894531, 157.4454803466797], [469.5359191894531, 153.32823181152344], [471.0876159667969, 153.860107421875], [470.2721252441406, 154.00599670410156], [472.4755554199219, 153.2310028076172], [470.06512451171875, 153.9779510498047], [466.9171142578125, 152.29940795898438], [467.76849365234375, 153.62490844726562], [471.4769287109375, 151.86044311523438], [469.73583984375, 152.44972229003906], [469.6556091308594, 152.4632110595703], [467.6263732910156, 150.756103515625], [471.44696044921875, 150.93991088867188], [464.751708984375, 152.2967071533203], [468.3607177734375, 151.78363037109375], [467.7887878417969, 151.95892333984375], [466.6215515136719, 150.69674682617188], [469.69915771484375, 150.4590301513672], [463.5074768066406, 149.9356689453125], [465.28216552734375, 148.80458068847656], [464.6999206542969, 149.7552032470703], [470.09918212890625, 149.09719848632812], [466.0120849609375, 151.29505920410156], [466.2113037109375, 149.24008178710938], [466.1708068847656, 148.10386657714844], [466.0431823730469, 149.24122619628906], [464.47125244140625, 148.44627380371094], [465.9167175292969, 147.62478637695312], [468.5582580566406, 146.17283630371094], [468.372314453125, 148.59698486328125], [466.9466552734375, 149.0009765625], [467.146240234375, 149.12986755371094], [467.7243347167969, 147.37913513183594], [469.6319274902344, 148.89932250976562], [466.05780029296875, 147.79840087890625], [468.5390625, 145.41514587402344], [466.7996826171875, 145.99557495117188], [467.09173583984375, 145.15089416503906], [467.05181884765625, 146.37283325195312], [468.93878173828125, 146.60995483398438], [468.6029357910156, 147.1439971923828], [466.44073486328125, 146.5974884033203], [468.3351745605469, 147.0913848876953], [467.537841796875, 147.2434844970703], [467.96795654296875, 145.90496826171875], [463.5972900390625, 145.7784423828125], [466.6783447265625, 148.0784149169922], [466.0588684082031, 146.59457397460938], [466.5779113769531, 146.90052795410156], [466.1779479980469, 146.2689666748047], [467.5972595214844, 146.5011749267578], [468.100341796875, 145.19125366210938], [466.739990234375, 148.0902099609375], [465.79425048828125, 146.1543731689453]]",0.875459,mc_dropout_ade_v1,"{""method"": ""mc_dropout_ade_v1"", ""validation_ade_px"": 13.288751, ""epistemic_std_px"": 0.562482, ""estimated_ade_px"": 13.30065, ""observation_coverage"": 1.0, ""confidence_scale_px"": 100.0, ""mc_samples"": 16}",gru,[]
examples/inputs/adl-01-cam0.mp4,adl-01-cam0,147,4.9,person_1,True,"[455.7300109863281, 162.05751037597656]","{""type"": ""polygon"", ""coordinate_system"": ""original_video_pixels"", ""points"": [[424, 99], [502, 99], [502, 207], [424, 207]]}","[[454.6778869628906, 159.66567993164062], [458.5797119140625, 162.80511474609375], [455.26702880859375, 162.2136688232422], [461.3544921875, 160.8390350341797], [461.43658447265625, 161.2635955810547], [464.21478271484375, 161.0905303955078], [463.4442138671875, 160.5436248779297], [463.6415100097656, 159.3145751953125], [461.7328796386719, 159.6861114501953], [467.1019287109375, 158.294189453125], [464.9118347167969, 160.109130859375], [466.4703369140625, 158.504638671875], [466.0501403808594, 156.92532348632812], [467.4622802734375, 157.27967834472656], [467.8797607421875, 158.9375457763672], [468.6716003417969, 157.77438354492188], [467.75628662109375, 155.78515625], [467.43792724609375, 156.8435821533203], [462.9840087890625, 157.5665283203125], [467.6014709472656, 155.9850311279297], [469.0923767089844, 158.17897033691406], [468.5030517578125, 158.1422882080078], [466.2764587402344, 157.73680114746094], [468.1578674316406, 156.62210083007812], [469.0827941894531, 157.04306030273438], [467.81500244140625, 155.61483764648438], [470.295166015625, 154.87901306152344], [469.26947021484375, 154.1919708251953], [466.5931091308594, 153.09539794921875], [469.7071533203125, 156.71871948242188], [470.7371520996094, 154.55433654785156], [472.8485107421875, 154.48602294921875], [468.65234375, 155.61903381347656], [468.4285583496094, 153.18405151367188], [472.1780090332031, 153.25442504882812], [468.3143005371094, 154.38674926757812], [471.23699951171875, 156.82254028320312], [469.5294189453125, 152.8153533935547], [471.5078125, 153.24400329589844], [470.1371765136719, 153.3060302734375], [472.20330810546875, 152.79623413085938], [469.96722412109375, 153.259033203125], [466.72747802734375, 151.74217224121094], [467.7529602050781, 153.0199432373047], [471.61248779296875, 151.32400512695312], [469.6103210449219, 151.91513061523438], [469.4519348144531, 151.8172149658203], [467.84881591796875, 150.33473205566406], [471.2431335449219, 150.35853576660156], [464.6437683105469, 151.48114013671875], [468.1654968261719, 151.12936401367188], [468.0843200683594, 151.32229614257812], [466.7268371582031, 149.97225952148438], [469.64990234375, 149.84315490722656], [463.6949462890625, 149.35086059570312], [465.5156555175781, 148.0614013671875], [464.5727233886719, 149.3153076171875], [469.80279541015625, 148.36412048339844], [465.69293212890625, 150.75575256347656], [466.36297607421875, 148.66357421875], [466.5442199707031, 147.74429321289062], [466.35198974609375, 148.7285614013672], [464.69537353515625, 147.87710571289062], [466.2351989746094, 147.1524200439453], [468.57952880859375, 145.9265594482422], [468.4293518066406, 147.87237548828125], [466.83697509765625, 148.4768524169922], [467.1786804199219, 148.79470825195312], [467.9088439941406, 147.06411743164062], [469.3819885253906, 148.4239501953125], [466.342529296875, 147.3386688232422], [468.5841369628906, 145.15902709960938], [466.8543701171875, 145.54649353027344], [466.9122314453125, 144.6298370361328], [467.11871337890625, 145.74667358398438], [468.7633056640625, 145.99415588378906], [468.2569580078125, 146.63751220703125], [466.5856628417969, 146.41673278808594], [468.58673095703125, 146.8521270751953], [467.575439453125, 146.79611206054688], [467.928466796875, 145.5321044921875], [464.1969299316406, 145.2734832763672], [466.6562194824219, 147.7327880859375], [466.1795959472656, 146.23817443847656], [466.9976501464844, 146.3852081298828], [466.1058349609375, 145.88038635253906], [467.736328125, 146.13687133789062], [467.97711181640625, 145.1287841796875], [466.6722412109375, 147.9269561767578], [466.11773681640625, 145.84317016601562]]",0.875452,mc_dropout_ade_v1,"{""method"": ""mc_dropout_ade_v1"", ""validation_ade_px"": 13.288751, ""epistemic_std_px"": 0.582888, ""estimated_ade_px"": 13.301529, ""observation_coverage"": 1.0, ""confidence_scale_px"": 100.0, ""mc_samples"": 16}",gru,[]
examples/inputs/adl-01-cam0.mp4,adl-01-cam0,148,4.9333,person_1,True,"[456.1184997558594, 161.53550720214844]","{""type"": ""polygon"", ""coordinate_system"": ""original_video_pixels"", ""points"": [[424, 99], [503, 99], [503, 207], [424, 207]]}","[[455.4200134277344, 159.15093994140625], [459.3963623046875, 162.2265167236328], [455.421875, 161.45596313476562], [462.2568359375, 159.9076690673828], [462.4308166503906, 160.28553771972656], [464.9883728027344, 160.37384033203125], [464.12982177734375, 159.95895385742188], [463.8011169433594, 158.57948303222656], [461.98883056640625, 158.89773559570312], [467.3273620605469, 157.52239990234375], [465.2771301269531, 159.14125061035156], [466.7179260253906, 158.00074768066406], [466.3171081542969, 156.2989501953125], [468.2142333984375, 156.34913635253906], [467.9888610839844, 157.97702026367188], [469.1138000488281, 157.08921813964844], [468.1458435058594, 155.2867431640625], [467.55145263671875, 156.0972900390625], [463.50970458984375, 156.8360137939453], [467.6272888183594, 155.42230224609375], [469.07672119140625, 157.62010192871094], [468.9339294433594, 157.57933044433594], [466.5987243652344, 157.12353515625], [468.38275146484375, 155.75592041015625], [469.0326843261719, 156.34544372558594], [468.19677734375, 154.8101806640625], [470.14068603515625, 154.58859252929688], [469.3277893066406, 153.65829467773438], [466.8398742675781, 152.71302795410156], [470.1546325683594, 156.056396484375], [471.0712890625, 154.07867431640625], [473.0978088378906, 153.90045166015625], [468.8100891113281, 154.84571838378906], [468.63934326171875, 152.7791290283203], [472.4427185058594, 152.60760498046875], [468.12603759765625, 153.7393341064453], [471.7216796875, 156.13925170898438], [469.7996520996094, 152.26870727539062], [472.15228271484375, 152.62811279296875], [470.3197326660156, 152.6207275390625], [472.0513610839844, 152.307373046875], [470.0597839355469, 152.56419372558594], [466.7529602050781, 151.10877990722656], [468.0709228515625, 152.4143829345703], [472.00799560546875, 150.79971313476562], [469.7544860839844, 151.33314514160156], [469.4690856933594, 151.1385955810547], [468.3194885253906, 149.9246826171875], [471.27349853515625, 149.77992248535156], [464.7595520019531, 150.6158905029297], [468.1993408203125, 150.46627807617188], [468.5824890136719, 150.6436004638672], [467.029541015625, 149.25148010253906], [469.8260803222656, 149.23890686035156], [464.1669921875, 148.7303924560547], [465.9461669921875, 147.36175537109375], [464.6941833496094, 148.89822387695312], [469.6352844238281, 147.69703674316406], [465.4831848144531, 150.24298095703125], [466.5487060546875, 148.0430450439453], [467.1205139160156, 147.38478088378906], [466.8642578125, 148.2032928466797], [465.18670654296875, 147.3255157470703], [466.59619140625, 146.61927795410156], [468.8415832519531, 145.65499877929688], [468.6040954589844, 147.2169189453125], [466.9148254394531, 147.96890258789062], [467.3009948730469, 148.45547485351562], [468.3083190917969, 146.79559326171875], [469.2564697265625, 147.96530151367188], [466.73388671875, 146.87637329101562], [468.7174377441406, 144.94146728515625], [467.00054931640625, 145.0995330810547], [466.83380126953125, 144.1702423095703], [467.3214111328125, 145.21481323242188], [468.81280517578125, 145.4014434814453], [468.01483154296875, 146.1688232421875], [466.873779296875, 146.18890380859375], [469.0912170410156, 146.69842529296875], [467.88983154296875, 146.4303436279297], [468.0558166503906, 145.25669860839844], [464.93017578125, 144.85438537597656], [466.7520446777344, 147.42364501953125], [466.4222412109375, 145.90248107910156], [467.6427307128906, 145.84719848632812], [466.0704650878906, 145.5792236328125], [467.9773254394531, 145.74844360351562], [468.08978271484375, 145.0657196044922], [466.7813415527344, 147.7464141845703], [466.6305847167969, 145.53787231445312]]",0.875473,mc_dropout_ade_v1,"{""method"": ""mc_dropout_ade_v1"", ""validation_ade_px"": 13.288751, ""epistemic_std_px"": 0.525532, ""estimated_ade_px"": 13.299139, ""observation_coverage"": 1.0, ""confidence_scale_px"": 100.0, ""mc_samples"": 16}",gru,[]
examples/inputs/adl-01-cam0.mp4,adl-01-cam0,149,4.9667,person_1,True,"[456.73046875, 160.93051147460938]","{""type"": ""polygon"", ""coordinate_system"": ""original_video_pixels"", ""points"": [[424, 98], [504, 98], [504, 207], [424, 207]]}","[[456.52197265625, 158.3698272705078], [460.6983947753906, 161.61041259765625], [456.0426330566406, 160.69187927246094], [463.4856262207031, 158.7773895263672], [463.70928955078125, 159.12130737304688], [466.0587158203125, 159.58236694335938], [465.4205322265625, 159.34271240234375], [464.32940673828125, 157.62289428710938], [462.75006103515625, 158.05174255371094], [468.00909423828125, 156.673828125], [466.0640563964844, 158.04214477539062], [467.16778564453125, 157.39785766601562], [466.998779296875, 155.78085327148438], [469.6556396484375, 155.24102783203125], [468.06219482421875, 156.79208374023438], [469.72747802734375, 156.3435821533203], [468.8681640625, 154.83453369140625], [467.9654541015625, 155.27783203125], [464.56707763671875, 155.877197265625], [468.2749328613281, 154.81463623046875], [469.27459716796875, 156.8961181640625], [469.7774963378906, 156.8825225830078], [467.4560852050781, 156.1992950439453], [469.0503234863281, 154.64353942871094], [469.2493591308594, 155.39064025878906], [469.1006164550781, 153.82205200195312], [470.32196044921875, 154.28765869140625], [469.9623107910156, 153.02345275878906], [467.72998046875, 152.12783813476562], [471.077880859375, 155.11180114746094], [471.5860290527344, 153.46519470214844], [473.72186279296875, 153.18020629882812], [469.1346130371094, 153.68338012695312], [469.3038635253906, 152.16004943847656], [472.8416748046875, 151.7582244873047], [468.3304138183594, 153.03872680664062], [472.4734802246094, 155.2061004638672], [470.649658203125, 151.57711791992188], [473.3323974609375, 152.04696655273438], [471.1116943359375, 151.82484436035156], [471.8027648925781, 151.57887268066406], [470.45233154296875, 151.69354248046875], [467.1731872558594, 150.24270629882812], [469.05047607421875, 151.67552185058594], [472.70672607421875, 150.29782104492188], [470.3176574707031, 150.4167022705078], [469.76007080078125, 150.36502075195312], [469.0408935546875, 149.523193359375], [471.7320251464844, 149.02880859375], [465.3597717285156, 149.41722106933594], [468.3368835449219, 149.60012817382812], [469.3146667480469, 149.70858764648438], [467.5821228027344, 148.453369140625], [470.2177429199219, 148.48870849609375], [464.9466247558594, 147.8710174560547], [466.7855224609375, 146.71202087402344], [465.311767578125, 148.4404754638672], [469.4258728027344, 146.93093872070312], [465.2121887207031, 149.658447265625], [466.55224609375, 147.24314880371094], [467.8585205078125, 146.8702392578125], [467.7241516113281, 147.4622039794922], [466.2009582519531, 146.6442108154297], [466.8659973144531, 145.7730255126953], [469.438232421875, 145.29283142089844], [468.7370300292969, 146.60647583007812], [467.0765075683594, 147.3284149169922], [467.3037109375, 147.98558044433594], [469.1865234375, 146.57485961914062], [469.06671142578125, 147.34921264648438], [467.3693542480469, 146.28192138671875], [468.8133850097656, 144.74081420898438], [466.9412841796875, 144.51065063476562], [466.6936950683594, 143.75704956054688], [467.72979736328125, 144.75904846191406], [469.24298095703125, 144.691162109375], [467.7660217285156, 145.6763153076172], [467.3556213378906, 145.7908172607422], [469.8655090332031, 146.6851806640625], [468.7738342285156, 146.104248046875], [468.1399841308594, 145.13197326660156], [465.7286376953125, 144.56561279296875], [466.9195861816406, 146.9940948486328], [466.8097839355469, 145.50747680664062], [468.6515197753906, 145.1045684814453], [465.74822998046875, 145.47418212890625], [468.173828125, 145.2250518798828], [468.344482421875, 144.916748046875], [467.0674743652344, 147.3853759765625], [467.3678894042969, 145.1411590576172]]",0.875484,mc_dropout_ade_v1,"{""method"": ""mc_dropout_ade_v1"", ""validation_ade_px"": 13.288751, ""epistemic_std_px"": 0.49152, ""estimated_ade_px"": 13.297838, ""observation_coverage"": 1.0, ""confidence_scale_px"": 100.0, ""mc_samples"": 16}",gru,[]
examples/inputs/adl-01-cam0.mp4,adl-01-cam0,150,5.0,person_1,True,"[457.1625061035156, 160.5500030517578]","{""type"": ""polygon"", ""coordinate_system"": ""original_video_pixels"", ""points"": [[424, 98], [504, 98], [504, 207], [424, 207]]}","[[457.2372131347656, 157.92579650878906], [461.4913024902344, 161.24993896484375], [456.34466552734375, 160.2164306640625], [464.18792724609375, 158.02064514160156], [464.4183349609375, 158.3915252685547], [466.5213928222656, 159.0707244873047], [466.18524169921875, 158.9703369140625], [464.4912414550781, 157.01768493652344], [463.1477966308594, 157.49929809570312], [468.2576904296875, 156.07980346679688], [466.4346923828125, 157.37538146972656], [467.2635498046875, 157.01376342773438], [467.390380859375, 155.46627807617188], [470.54571533203125, 154.56703186035156], [467.9183349609375, 155.99075317382812], [469.9700622558594, 155.82913208007812], [469.1539611816406, 154.6322479248047], [468.04498291015625, 154.75933837890625], [465.1953125, 155.18609619140625], [468.5846252441406, 154.50001525878906], [469.2042541503906, 156.4095916748047], [470.2132873535156, 156.41775512695312], [467.91644287109375, 155.52969360351562], [469.292724609375, 153.84841918945312], [469.23028564453125, 154.77609252929688], [469.580078125, 153.1656951904297], [470.2389831542969, 154.1136474609375], [470.24029541015625, 152.67442321777344], [468.2972106933594, 151.729248046875], [471.4356689453125, 154.4828338623047], [471.7564392089844, 153.10060119628906], [473.96307373046875, 152.6983642578125], [469.0889587402344, 152.80850219726562], [469.4802551269531, 151.68356323242188], [472.9446716308594, 151.1588592529297], [468.3396301269531, 152.54429626464844], [472.8277282714844, 154.54690551757812], [471.0737609863281, 151.16311645507812], [474.08990478515625, 151.69007873535156], [471.4767761230469, 151.27664184570312], [471.2897033691406, 151.09918212890625], [470.5657043457031, 151.02053833007812], [467.2744140625, 149.61036682128906], [469.5466003417969, 151.1590118408203], [473.03558349609375, 149.9868927001953], [470.51995849609375, 149.708740234375], [469.75811767578125, 149.8318634033203], [469.34619140625, 149.25534057617188], [471.7764587402344, 148.49984741210938], [465.5479736328125, 148.50877380371094], [468.13470458984375, 148.9374542236328], [469.59356689453125, 148.99111938476562], [467.735595703125, 147.9054412841797], [470.2367858886719, 147.90606689453125], [465.1747741699219, 147.2550048828125], [467.13134765625, 146.26043701171875], [465.6201477050781, 148.06362915039062], [468.9984130859375, 146.3219757080078], [464.7513122558594, 149.1746063232422], [466.3803405761719, 146.6634979248047], [468.139404296875, 146.50021362304688], [468.18768310546875, 146.91773986816406], [466.7428894042969, 146.12710571289062], [466.885009765625, 145.08868408203125], [469.66253662109375, 145.01239013671875], [468.5733642578125, 146.12020874023438], [466.9444274902344, 146.84689331054688], [467.06793212890625, 147.5458221435547], [469.6675109863281, 146.35546875], [468.66204833984375, 146.85745239257812], [467.6476745605469, 145.82139587402344], [468.64984130859375, 144.6290740966797], [466.6223449707031, 144.09722900390625], [466.3612060546875, 143.43360900878906], [467.7902526855469, 144.39761352539062], [469.2181396484375, 144.1494903564453], [467.3500671386719, 145.28318786621094], [467.480712890625, 145.4759063720703], [470.14990234375, 146.5784149169922], [469.14202880859375, 145.76370239257812], [467.88531494140625, 145.00384521484375], [466.0147399902344, 144.29159545898438], [466.7474670410156, 146.6242218017578], [466.7992858886719, 145.14915466308594], [469.1726379394531, 144.4298095703125], [465.24176025390625, 145.34829711914062], [467.95953369140625, 144.81124877929688], [468.0450439453125, 144.79478454589844], [466.9521179199219, 147.0533905029297], [467.61737060546875, 144.82586669921875]]",0.875457,mc_dropout_ade_v1,"{""method"": ""mc_dropout_ade_v1"", ""validation_ade_px"": 13.288751, ""epistemic_std_px"": 0.569019, ""estimated_ade_px"": 13.300928, ""observation_coverage"": 1.0, ""confidence_scale_px"": 100.0, ""mc_samples"": 16}",gru,[]
